id,name,lat,lon
0,1969_Just_Joe,,
1,Stand_and_stare,,
2,SellarFiona,,
3,isthisab0t,,
4,BillBowring,,
5,Knitcave1,,
6,otbc_Lol,,
7,RonConnolly9,,
8,Barbara_Black1,,
9,Caro22420626,,
10,planetgolfrview,,
11,wilde,,
12,croft_neville,,
13,npcdailysite,,
14,whit3mal3,,
15,BothamSolutions,,
16,adambatterbee,,
17,PollyRendall,,
18,justated,,
19,dailystar,,
20,Acq_Knowledge,,
21,BengaliSvengali,,
22,jmsneale,,
23,FG_Calzada,,
24,MelHaselden,,
25,RainCloudBlue,,
26,TunstallMair,,
27,recoverees,,
28,emmajanetritton,,
29,BerntCarlsson,,
30,kojecat,,
31,Outside_Margina,,
32,barryjbutler,,
33,PrettyHatMech,,
34,GeneralPotato,,
35,georginaarobins,,
36,RichardDyson84,,
37,MichaelRich1951,,
38,LupineTravel,,
39,M_Steeples,,
40,Jon_Danzig,,
41,zelda_mlg,,
42,GregYerbury,,
43,micmicmic1,,
44,emilygmoran,,
45,CWAChead,,
46,ipsiphi,,
47,bookylady,,
48,Maybot_8000,,
49,Turing2014,,
50,Marie62100602,,
51,Doctor_of_Music,,
52,EclecticPolls,,
53,AddictScrabble,,
54,HNorth92,,
55,UnofficialOA,,
56,Polantique,,
57,alanathey,,
58,EamonLowe,,
59,simonjjames,,
60,marklynnadams,,
61,bitteroldqueen,,
62,GasGilligan,,
63,JeffPB61,,
64,ianjedi24,,
65,zoomlanders,,
66,38_degrees,,
67,crochetjenny,,
68,MjaBradshaw,,
69,Truth_Twisters,,
70,CatVeester,,
71,Oodleew1987,,
72,dime_eyes,,
73,Eddie_Hookway,,
74,XH487,,
75,MadManDrivel,,
76,Darren_Fower,,
77,k8tielou78,,
78,white_arrow_uk,,
79,EmojitNow,,
80,KheenahF,,
81,GlennThompsonBP,,
82,Politics_1974,,
83,WilsonJevelyn,,
84,chatty_chimp,,
85,MarzAnsari,,
86,abcpoppins,,
87,Jomo1966,,
88,JamesFranW,,
89,sueblackdown,,
90,MeghanMarkleHRH,,
91,DailyMirror,,
92,camillaengelby,,
93,forster_keith,,
94,ChrisElston1912,,
95,_kevinroberts,,
96,politico_daily,,
97,JohnCrossan,,
98,stenun,,
99,Changeling_1,,
100,Mitzi_Macintosh,,
101,Monsieur_Hulot,,
102,Hayerenpsych,,
103,livmpa,,
104,sammwhiting,,
105,DamianCorbet,,
106,obknit,,
107,Nickcarrick,,
108,VoxPopu07251706,,
109,ijb19662,,
110,JoanneMartin89,,
111,jwgbeech,,
112,No1CraigyBaby,,
113,Almond687,,
114,stevebeasant,,
115,FlaShBloGLive,,
116,Heddie5,,
117,needsfixingnow,,
118,DylsyBoy,,
119,PlebloEscobar,,
120,ArianaPCATM,,
121,markfromlodz,,
122,raggabinto,,
123,CallumMoffat16,,
124,TheSpoofUK,,
125,belledechocolat,,
126,Emymuzzi,,
127,stann2,,
128,RichardSwallow1,,
129,PPALtd,,
130,ablett_d71,,
131,gutterslush,,
132,legalleeh,,
133,MDaviot,,
134,finch_ella,,
135,BenedictePaviot,,
136,Darkshadows74,,
137,ThisMorningCall,,
138,cynicalkind,,
139,cutter_noel,,
140,beet_keeper,,
141,ThreadReaders,,
142,GaryHailes,,
143,_DavidDrake,,
144,Mattyjl7,,
145,808hawk,,
146,Lewis4216,,
147,TTindrum,,
148,MrJohnMiffed,,
149,docjoanna,,
150,SomersetLive,,
151,jordankay88,,
152,borchert_joanne,,
153,WarwickKt,,
154,RhysEdw42578222,,
155,Crottebuster,,
156,HuggablyGothic,,
157,BeeblebroxIV,,
158,JonMitc12738948,,
159,Ethical__Tech,,
160,pelepele1,,
161,TonyMak41177201,,
162,foodanddrinksco,,
163,BlinkeredBrits,,
164,SquareAlbert,,
165,KH04040502,,
166,antigonispanou,,
167,GrandadSpain,,
168,OhMacIAM,,
169,inkib,,
170,DavidChameleon,,
171,SongwriterBECK,,
172,_Soilleir_,,
173,Stevebo65,,
174,ChatswithEurope,,
175,R1ch1e5,,
176,antbliss,,
177,freddie1999,,
178,n_riddell,,
179,canuckuk,,
180,ColinDaves1656,,
181,Informe33906583,,
182,poshkev1963,,
183,sasShirley,,
184,Helen121,,
185,DrCarolPercy,,
186,cherpaulyfamily,,
187,SprawsonJames,,
188,glynis_fisher,,
189,AnnielizzieSten,,
190,cosmiclandmine,,
191,wolfie_biker1,,
192,yspearl,,
193,realmumma2,,
194,michell56125896,,
195,ladycarragher,,
196,lorraine_teuten,,
197,fgl8,,
198,Brexit_News,,
199,gracie_red,,
200,TopRed10,,
201,TheodorLDN,,
202,albaforeurope,,
203,soozywooozy,,
204,Steve70673747,,
205,LyndseyHalewood,,
206,Henre33185955,,
207,DaviesGina,,
208,uk_sf_writer,,
209,heidiEC5,,
210,ecossetranslate,,
211,ObadiahMaguire,,
212,brightsider123,,
213,graypage1,,
214,oli_orth,,
215,grist_william,,
216,julianfoxonfoto,,
217,jaj991,,
218,Phil_Jones01,,
219,exracer99,,
220,SomethingVintag,,
221,LouiseM83596371,,
222,ValerieAstles,,
223,BarbaraDenning3,,
224,nettleg,,
225,SafariSara,,
226,Reannjenkins,,
227,Clarice007,,
228,xSallyHx,,
229,Blackro12653624,,
230,salib0329,,
231,ColinWard3,,
232,Chiclanagirl,,
233,moitoi38,,
234,BlueHouseBunny,,
235,mit1953,,
236,GardenerJT,,
237,mamgu04,,
238,Otemporaomores4,,
239,Helenofnyork,,
240,SolidlySweet,,
241,BuckleyMartin10,,
242,infoukphotodis1,,
243,snoringboy,,
244,karma2u1,,
245,Cheshirecat1704,,
246,msinburslem,,
247,Kinsal2,,
248,Cerulean_Man,,
249,mredinburgh,,
250,MandiBarron,,
251,DrAdamWelstead,,
252,HackettTom,,
253,TheSpoof,,
254,mattmw,,
255,mojos55,,
256,paisleymarley18,,
257,jean_monaghan,,
258,LoneAmarok,,
259,MonarchForCNP,,
260,Arcade_Adriano,,
261,AndyEndean,,
262,Withnailmarwood,,
263,singingkettle,,
264,Bluefairy111,,
265,rachelsmith999,,
266,AlfieTurner2,,
267,Lou13753378,,
268,Chops1952LJ,,
269,Samstentiford,,
270,heartofthenorth,,
271,timhunt92706371,,
272,numbercrunchie,,
273,DavidJHill22,,
274,penny_greenwood,,
275,jofromgreylynn,,
276,quangels,,
277,marc_cart,,
278,pissedoffxmedic,,
279,POLSTOPEU,,
280,WheatonLion,,
281,JacquiWilkie2,,
282,69NiceBot69,,
283,pressbuttona,,
284,AlisonJ34870374,,
285,Ladyshippers,,
286,ThornieKate,,
287,sportmarketing1,,
288,quineali,,
289,andrewmorrisuk,,
290,girlyswotspider,,
291,EHijacked,,
292,AgnesPoole15,,
293,stanleyblagg,,
294,X43616630,,
295,joskivington,,
296,CutterPeat,,
297,AllThingsProg,,
298,Annette2Maria,,
299,Melissa90827791,,
300,sheepio,,
301,sallydean_5,,
302,keasherroes,,
303,SongerSie,,
304,Meghan_HRH,,
305,AranaGrondyy,,
306,marc_limon,,
307,JohnGrumble,,
308,UmberJustin,,
309,weaniejeanie53,,
310,NigFoot,,
311,alainshort,,
312,NigelHeal,,
313,RaymondGibbs19,,
314,DianeWindsor9,,
315,mrplannings,,
316,Peter87877953,,
317,stevew2976,,
318,pab1958,,
319,HickmottPatrick,,
320,OdonnellEleanor,,
321,PaulGauci10,,
322,mikebell111,,
323,AtomicBettyBA,,
324,madihahansari,,
325,parla8ane,,
326,sandancer76,,
327,Logan1Bill,,
328,JodiRidley1,,
329,USA4EverFree,,
330,FranDeMario2,,
331,MartinRowson,,
332,fanta1f,,
333,chill787878,,
334,thirstyworks,,
335,Lindyprec,,
336,mshamburt,,
337,RDR83,,
338,trevburnip,,
339,LFC_Belief,,
340,NichollsGail,,
341,Brianal32675100,,
342,VivienMassery,,
343,dawnquorus,,
344,WattsDominic,,
345,NicholasMuir4,,
346,sugaracre,,
347,randombloke1876,,
348,loadsabooks,,
349,f5d7151950314ae,,
350,rssandr5,,
351,david_sacks,,
352,stumpycats,,
353,mikedicks,,
354,Trump_ton,,
355,TheBrexitComic,,
356,GazNorris15,,
357,UncalmItalian,,
358,Roger_Organ,,
359,phyl_jones,,
360,SkertonJanet,,
361,az_newman,,
362,peterjmurray,,
363,Alanhperry,,
364,olioconsulting,,
365,rolynhome,,
366,misssamlai808,,
367,skurtuldu76,,
368,TheSchoolGhost,,
369,readingtoescape,,
370,jimmid,,
371,LizzieStoodley,,
372,TheBonnyDoon,,
373,chesterhealth,,
374,HeldinEU,,
375,DrLindaDykes,,
376,shabbaroo,,
377,EnfieldforEU,,
378,caleyjumbo,,
379,chrismayes,,
380,jennywatkins,,
381,DianeLazyLed,,
382,liebkosi,,
383,piyakhanna,,
384,jane_monckton,,
385,SteepleTimes,,
386,davidglennox,,
387,jack_p_hine,,
388,boseIecta,,
389,ViewsFrmNowhere,,
390,idm59,,
391,fiona_thatcher,,
392,pork__belly,,
393,Alancowsill,,
394,skipper7cs,,
395,fwilson1304,,
396,DeniseP38576877,,
397,missedmycue,,
398,thereselite,,
399,lisARTweets,,
400,jinnyminto,,
401,jillianej,,
402,Baggywrinkled,,
403,AmandajICE,,
404,DavidCurtis47,,
405,corrydes,,
406,LauraTownend3,,
407,Femi_Sorry,,
408,Allchanges,,
409,pw__howard,,
410,Wakethefitup,,
411,kerry32142775,,
412,stmgtthepious,,
413,HastingsRyeLab,,
414,KateTheSaboteur,,
415,KayeT57556023,,
416,ModerateRanter,,
417,Swansea4Europe,,
418,RedStarHatter,,
419,barbaraceliacl1,,
420,NelsonGirl1,,
421,bobthewomble,,
422,Tedcox,,
423,hawkins_carole,,
424,dianehain,,
425,marshall_proEU,,
426,tartancobweb,,
427,PH23250711,,
428,maggierobson,,
429,FaisanFasaaa,,
430,chrissiesavvas,,
431,nickykaler,,
432,ashan55,,
433,YYonnette,,
434,67Roddy,,
435,_jennyji,,
436,Lemondrop49,,
437,booboo42727225,,
438,lindamccorr,,
439,Tab22Tab,,
440,E_Pamplemousse,,
441,operabinoculars,,
442,lisaloui_,,