[
  {
    "year":"2016",
    "origin":"ZH",
    "dest":"ZH",
    "weight":66855
  },
  {
    "year":"2016",
    "origin":"ZH",
    "dest":"BE",
    "weight":1673
  },
  {
    "year":"2016",
    "origin":"ZH",
    "dest":"LU",
    "weight":1017
  },
  {
    "year":"2016",
    "origin":"ZH",
    "dest":"UR",
    "weight":84
  },
  {
    "year":"2016",
    "origin":"ZH",
    "dest":"SZ",
    "weight":1704
  },
  {
    "year":"2016",
    "origin":"ZH",
    "dest":"OW",
    "weight":70
  },
  {
    "year":"2016",
    "origin":"ZH",
    "dest":"NW",
    "weight":94
  },
  {
    "year":"2016",
    "origin":"ZH",
    "dest":"GL",
    "weight":250
  },
  {
    "year":"2016",
    "origin":"ZH",
    "dest":"ZG",
    "weight":1246
  },
  {
    "year":"2016",
    "origin":"ZH",
    "dest":"FR",
    "weight":173
  },
  {
    "year":"2016",
    "origin":"ZH",
    "dest":"SO",
    "weight":547
  },
  {
    "year":"2016",
    "origin":"ZH",
    "dest":"BS",
    "weight":540
  },
  {
    "year":"2016",
    "origin":"ZH",
    "dest":"BL",
    "weight":409
  },
  {
    "year":"2016",
    "origin":"ZH",
    "dest":"SH",
    "weight":996
  },
  {
    "year":"2016",
    "origin":"ZH",
    "dest":"AR",
    "weight":167
  },
  {
    "year":"2016",
    "origin":"ZH",
    "dest":"AI",
    "weight":50
  },
  {
    "year":"2016",
    "origin":"ZH",
    "dest":"SG",
    "weight":2444
  },
  {
    "year":"2016",
    "origin":"ZH",
    "dest":"GR",
    "weight":987
  },
  {
    "year":"2016",
    "origin":"ZH",
    "dest":"AG",
    "weight":6143
  },
  {
    "year":"2016",
    "origin":"ZH",
    "dest":"TG",
    "weight":2475
  },
  {
    "year":"2016",
    "origin":"ZH",
    "dest":"TI",
    "weight":445
  },
  {
    "year":"2016",
    "origin":"ZH",
    "dest":"VD",
    "weight":511
  },
  {
    "year":"2016",
    "origin":"ZH",
    "dest":"VS",
    "weight":179
  },
  {
    "year":"2016",
    "origin":"ZH",
    "dest":"NE",
    "weight":58
  },
  {
    "year":"2016",
    "origin":"ZH",
    "dest":"GE",
    "weight":226
  },
  {
    "year":"2016",
    "origin":"ZH",
    "dest":"JU",
    "weight":27
  },
  {
    "year":"2016",
    "origin":"BE",
    "dest":"ZH",
    "weight":2097
  },
  {
    "year":"2016",
    "origin":"BE",
    "dest":"BE",
    "weight":52112
  },
  {
    "year":"2016",
    "origin":"BE",
    "dest":"LU",
    "weight":815
  },
  {
    "year":"2016",
    "origin":"BE",
    "dest":"UR",
    "weight":33
  },
  {
    "year":"2016",
    "origin":"BE",
    "dest":"SZ",
    "weight":129
  },
  {
    "year":"2016",
    "origin":"BE",
    "dest":"OW",
    "weight":85
  },
  {
    "year":"2016",
    "origin":"BE",
    "dest":"NW",
    "weight":40
  },
  {
    "year":"2016",
    "origin":"BE",
    "dest":"GL",
    "weight":27
  },
  {
    "year":"2016",
    "origin":"BE",
    "dest":"ZG",
    "weight":177
  },
  {
    "year":"2016",
    "origin":"BE",
    "dest":"FR",
    "weight":1353
  },
  {
    "year":"2016",
    "origin":"BE",
    "dest":"SO",
    "weight":2405
  },
  {
    "year":"2016",
    "origin":"BE",
    "dest":"BS",
    "weight":324
  },
  {
    "year":"2016",
    "origin":"BE",
    "dest":"BL",
    "weight":347
  },
  {
    "year":"2016",
    "origin":"BE",
    "dest":"SH",
    "weight":52
  },
  {
    "year":"2016",
    "origin":"BE",
    "dest":"AR",
    "weight":23
  },
  {
    "year":"2016",
    "origin":"BE",
    "dest":"AI",
    "weight":7
  },
  {
    "year":"2016",
    "origin":"BE",
    "dest":"SG",
    "weight":314
  },
  {
    "year":"2016",
    "origin":"BE",
    "dest":"GR",
    "weight":290
  },
  {
    "year":"2016",
    "origin":"BE",
    "dest":"AG",
    "weight":1124
  },
  {
    "year":"2016",
    "origin":"BE",
    "dest":"TG",
    "weight":198
  },
  {
    "year":"2016",
    "origin":"BE",
    "dest":"TI",
    "weight":148
  },
  {
    "year":"2016",
    "origin":"BE",
    "dest":"VD",
    "weight":658
  },
  {
    "year":"2016",
    "origin":"BE",
    "dest":"VS",
    "weight":422
  },
  {
    "year":"2016",
    "origin":"BE",
    "dest":"NE",
    "weight":561
  },
  {
    "year":"2016",
    "origin":"BE",
    "dest":"GE",
    "weight":156
  },
  {
    "year":"2016",
    "origin":"BE",
    "dest":"JU",
    "weight":447
  },
  {
    "year":"2016",
    "origin":"LU",
    "dest":"ZH",
    "weight":1530
  },
  {
    "year":"2016",
    "origin":"LU",
    "dest":"BE",
    "weight":899
  },
  {
    "year":"2016",
    "origin":"LU",
    "dest":"LU",
    "weight":17371
  },
  {
    "year":"2016",
    "origin":"LU",
    "dest":"UR",
    "weight":122
  },
  {
    "year":"2016",
    "origin":"LU",
    "dest":"SZ",
    "weight":452
  },
  {
    "year":"2016",
    "origin":"LU",
    "dest":"OW",
    "weight":282
  },
  {
    "year":"2016",
    "origin":"LU",
    "dest":"NW",
    "weight":506
  },
  {
    "year":"2016",
    "origin":"LU",
    "dest":"GL",
    "weight":30
  },
  {
    "year":"2016",
    "origin":"LU",
    "dest":"ZG",
    "weight":679
  },
  {
    "year":"2016",
    "origin":"LU",
    "dest":"FR",
    "weight":50
  },
  {
    "year":"2016",
    "origin":"LU",
    "dest":"SO",
    "weight":331
  },
  {
    "year":"2016",
    "origin":"LU",
    "dest":"BS",
    "weight":143
  },
  {
    "year":"2016",
    "origin":"LU",
    "dest":"BL",
    "weight":112
  },
  {
    "year":"2016",
    "origin":"LU",
    "dest":"SH",
    "weight":41
  },
  {
    "year":"2016",
    "origin":"LU",
    "dest":"AR",
    "weight":17
  },
  {
    "year":"2016",
    "origin":"LU",
    "dest":"AI",
    "weight":2
  },
  {
    "year":"2016",
    "origin":"LU",
    "dest":"SG",
    "weight":204
  },
  {
    "year":"2016",
    "origin":"LU",
    "dest":"GR",
    "weight":148
  },
  {
    "year":"2016",
    "origin":"LU",
    "dest":"AG",
    "weight":1512
  },
  {
    "year":"2016",
    "origin":"LU",
    "dest":"TG",
    "weight":90
  },
  {
    "year":"2016",
    "origin":"LU",
    "dest":"TI",
    "weight":88
  },
  {
    "year":"2016",
    "origin":"LU",
    "dest":"VD",
    "weight":44
  },
  {
    "year":"2016",
    "origin":"LU",
    "dest":"VS",
    "weight":156
  },
  {
    "year":"2016",
    "origin":"LU",
    "dest":"NE",
    "weight":7
  },
  {
    "year":"2016",
    "origin":"LU",
    "dest":"GE",
    "weight":24
  },
  {
    "year":"2016",
    "origin":"LU",
    "dest":"JU",
    "weight":9
  },
  {
    "year":"2016",
    "origin":"UR",
    "dest":"ZH",
    "weight":110
  },
  {
    "year":"2016",
    "origin":"UR",
    "dest":"BE",
    "weight":40
  },
  {
    "year":"2016",
    "origin":"UR",
    "dest":"LU",
    "weight":108
  },
  {
    "year":"2016",
    "origin":"UR",
    "dest":"UR",
    "weight":1346
  },
  {
    "year":"2016",
    "origin":"UR",
    "dest":"SZ",
    "weight":94
  },
  {
    "year":"2016",
    "origin":"UR",
    "dest":"OW",
    "weight":30
  },
  {
    "year":"2016",
    "origin":"UR",
    "dest":"NW",
    "weight":29
  },
  {
    "year":"2016",
    "origin":"UR",
    "dest":"GL",
    "weight":9
  },
  {
    "year":"2016",
    "origin":"UR",
    "dest":"ZG",
    "weight":29
  },
  {
    "year":"2016",
    "origin":"UR",
    "dest":"FR",
    "weight":4
  },
  {
    "year":"2016",
    "origin":"UR",
    "dest":"SO",
    "weight":11
  },
  {
    "year":"2016",
    "origin":"UR",
    "dest":"BS",
    "weight":7
  },
  {
    "year":"2016",
    "origin":"UR",
    "dest":"BL",
    "weight":14
  },
  {
    "year":"2016",
    "origin":"UR",
    "dest":"SH",
    "weight":1
  },
  {
    "year":"2016",
    "origin":"UR",
    "dest":"AR",
    "weight":0
  },
  {
    "year":"2016",
    "origin":"UR",
    "dest":"AI",
    "weight":1
  },
  {
    "year":"2016",
    "origin":"UR",
    "dest":"SG",
    "weight":26
  },
  {
    "year":"2016",
    "origin":"UR",
    "dest":"GR",
    "weight":34
  },
  {
    "year":"2016",
    "origin":"UR",
    "dest":"AG",
    "weight":31
  },
  {
    "year":"2016",
    "origin":"UR",
    "dest":"TG",
    "weight":10
  },
  {
    "year":"2016",
    "origin":"UR",
    "dest":"TI",
    "weight":6
  },
  {
    "year":"2016",
    "origin":"UR",
    "dest":"VD",
    "weight":1
  },
  {
    "year":"2016",
    "origin":"UR",
    "dest":"VS",
    "weight":16
  },
  {
    "year":"2016",
    "origin":"UR",
    "dest":"NE",
    "weight":1
  },
  {
    "year":"2016",
    "origin":"UR",
    "dest":"GE",
    "weight":1
  },
  {
    "year":"2016",
    "origin":"UR",
    "dest":"JU",
    "weight":0
  },
  {
    "year":"2016",
    "origin":"SZ",
    "dest":"ZH",
    "weight":1428
  },
  {
    "year":"2016",
    "origin":"SZ",
    "dest":"BE",
    "weight":123
  },
  {
    "year":"2016",
    "origin":"SZ",
    "dest":"LU",
    "weight":507
  },
  {
    "year":"2016",
    "origin":"SZ",
    "dest":"UR",
    "weight":102
  },
  {
    "year":"2016",
    "origin":"SZ",
    "dest":"SZ",
    "weight":4210
  },
  {
    "year":"2016",
    "origin":"SZ",
    "dest":"OW",
    "weight":29
  },
  {
    "year":"2016",
    "origin":"SZ",
    "dest":"NW",
    "weight":40
  },
  {
    "year":"2016",
    "origin":"SZ",
    "dest":"GL",
    "weight":129
  },
  {
    "year":"2016",
    "origin":"SZ",
    "dest":"ZG",
    "weight":381
  },
  {
    "year":"2016",
    "origin":"SZ",
    "dest":"FR",
    "weight":7
  },
  {
    "year":"2016",
    "origin":"SZ",
    "dest":"SO",
    "weight":56
  },
  {
    "year":"2016",
    "origin":"SZ",
    "dest":"BS",
    "weight":33
  },
  {
    "year":"2016",
    "origin":"SZ",
    "dest":"BL",
    "weight":21
  },
  {
    "year":"2016",
    "origin":"SZ",
    "dest":"SH",
    "weight":18
  },
  {
    "year":"2016",
    "origin":"SZ",
    "dest":"AR",
    "weight":14
  },
  {
    "year":"2016",
    "origin":"SZ",
    "dest":"AI",
    "weight":9
  },
  {
    "year":"2016",
    "origin":"SZ",
    "dest":"SG",
    "weight":497
  },
  {
    "year":"2016",
    "origin":"SZ",
    "dest":"GR",
    "weight":129
  },
  {
    "year":"2016",
    "origin":"SZ",
    "dest":"AG",
    "weight":330
  },
  {
    "year":"2016",
    "origin":"SZ",
    "dest":"TG",
    "weight":94
  },
  {
    "year":"2016",
    "origin":"SZ",
    "dest":"TI",
    "weight":43
  },
  {
    "year":"2016",
    "origin":"SZ",
    "dest":"VD",
    "weight":53
  },
  {
    "year":"2016",
    "origin":"SZ",
    "dest":"VS",
    "weight":23
  },
  {
    "year":"2016",
    "origin":"SZ",
    "dest":"NE",
    "weight":10
  },
  {
    "year":"2016",
    "origin":"SZ",
    "dest":"GE",
    "weight":13
  },
  {
    "year":"2016",
    "origin":"SZ",
    "dest":"JU",
    "weight":3
  },
  {
    "year":"2016",
    "origin":"OW",
    "dest":"ZH",
    "weight":107
  },
  {
    "year":"2016",
    "origin":"OW",
    "dest":"BE",
    "weight":101
  },
  {
    "year":"2016",
    "origin":"OW",
    "dest":"LU",
    "weight":344
  },
  {
    "year":"2016",
    "origin":"OW",
    "dest":"UR",
    "weight":31
  },
  {
    "year":"2016",
    "origin":"OW",
    "dest":"SZ",
    "weight":26
  },
  {
    "year":"2016",
    "origin":"OW",
    "dest":"OW",
    "weight":992
  },
  {
    "year":"2016",
    "origin":"OW",
    "dest":"NW",
    "weight":163
  },
  {
    "year":"2016",
    "origin":"OW",
    "dest":"GL",
    "weight":2
  },
  {
    "year":"2016",
    "origin":"OW",
    "dest":"ZG",
    "weight":30
  },
  {
    "year":"2016",
    "origin":"OW",
    "dest":"FR",
    "weight":6
  },
  {
    "year":"2016",
    "origin":"OW",
    "dest":"SO",
    "weight":19
  },
  {
    "year":"2016",
    "origin":"OW",
    "dest":"BS",
    "weight":7
  },
  {
    "year":"2016",
    "origin":"OW",
    "dest":"BL",
    "weight":16
  },
  {
    "year":"2016",
    "origin":"OW",
    "dest":"SH",
    "weight":1
  },
  {
    "year":"2016",
    "origin":"OW",
    "dest":"AR",
    "weight":6
  },
  {
    "year":"2016",
    "origin":"OW",
    "dest":"AI",
    "weight":1
  },
  {
    "year":"2016",
    "origin":"OW",
    "dest":"SG",
    "weight":11
  },
  {
    "year":"2016",
    "origin":"OW",
    "dest":"GR",
    "weight":18
  },
  {
    "year":"2016",
    "origin":"OW",
    "dest":"AG",
    "weight":49
  },
  {
    "year":"2016",
    "origin":"OW",
    "dest":"TG",
    "weight":5
  },
  {
    "year":"2016",
    "origin":"OW",
    "dest":"TI",
    "weight":9
  },
  {
    "year":"2016",
    "origin":"OW",
    "dest":"VD",
    "weight":3
  },
  {
    "year":"2016",
    "origin":"OW",
    "dest":"VS",
    "weight":4
  },
  {
    "year":"2016",
    "origin":"OW",
    "dest":"NE",
    "weight":0
  },
  {
    "year":"2016",
    "origin":"OW",
    "dest":"GE",
    "weight":3
  },
  {
    "year":"2016",
    "origin":"OW",
    "dest":"JU",
    "weight":0
  },
  {
    "year":"2016",
    "origin":"NW",
    "dest":"ZH",
    "weight":132
  },
  {
    "year":"2016",
    "origin":"NW",
    "dest":"BE",
    "weight":57
  },
  {
    "year":"2016",
    "origin":"NW",
    "dest":"LU",
    "weight":519
  },
  {
    "year":"2016",
    "origin":"NW",
    "dest":"UR",
    "weight":58
  },
  {
    "year":"2016",
    "origin":"NW",
    "dest":"SZ",
    "weight":45
  },
  {
    "year":"2016",
    "origin":"NW",
    "dest":"OW",
    "weight":187
  },
  {
    "year":"2016",
    "origin":"NW",
    "dest":"NW",
    "weight":1259
  },
  {
    "year":"2016",
    "origin":"NW",
    "dest":"GL",
    "weight":8
  },
  {
    "year":"2016",
    "origin":"NW",
    "dest":"ZG",
    "weight":61
  },
  {
    "year":"2016",
    "origin":"NW",
    "dest":"FR",
    "weight":10
  },
  {
    "year":"2016",
    "origin":"NW",
    "dest":"SO",
    "weight":14
  },
  {
    "year":"2016",
    "origin":"NW",
    "dest":"BS",
    "weight":13
  },
  {
    "year":"2016",
    "origin":"NW",
    "dest":"BL",
    "weight":10
  },
  {
    "year":"2016",
    "origin":"NW",
    "dest":"SH",
    "weight":4
  },
  {
    "year":"2016",
    "origin":"NW",
    "dest":"AR",
    "weight":0
  },
  {
    "year":"2016",
    "origin":"NW",
    "dest":"AI",
    "weight":0
  },
  {
    "year":"2016",
    "origin":"NW",
    "dest":"SG",
    "weight":18
  },
  {
    "year":"2016",
    "origin":"NW",
    "dest":"GR",
    "weight":23
  },
  {
    "year":"2016",
    "origin":"NW",
    "dest":"AG",
    "weight":70
  },
  {
    "year":"2016",
    "origin":"NW",
    "dest":"TG",
    "weight":13
  },
  {
    "year":"2016",
    "origin":"NW",
    "dest":"TI",
    "weight":6
  },
  {
    "year":"2016",
    "origin":"NW",
    "dest":"VD",
    "weight":7
  },
  {
    "year":"2016",
    "origin":"NW",
    "dest":"VS",
    "weight":8
  },
  {
    "year":"2016",
    "origin":"NW",
    "dest":"NE",
    "weight":0
  },
  {
    "year":"2016",
    "origin":"NW",
    "dest":"GE",
    "weight":1
  },
  {
    "year":"2016",
    "origin":"NW",
    "dest":"JU",
    "weight":2
  },
  {
    "year":"2016",
    "origin":"GL",
    "dest":"ZH",
    "weight":268
  },
  {
    "year":"2016",
    "origin":"GL",
    "dest":"BE",
    "weight":38
  },
  {
    "year":"2016",
    "origin":"GL",
    "dest":"LU",
    "weight":25
  },
  {
    "year":"2016",
    "origin":"GL",
    "dest":"UR",
    "weight":1
  },
  {
    "year":"2016",
    "origin":"GL",
    "dest":"SZ",
    "weight":141
  },
  {
    "year":"2016",
    "origin":"GL",
    "dest":"OW",
    "weight":3
  },
  {
    "year":"2016",
    "origin":"GL",
    "dest":"NW",
    "weight":1
  },
  {
    "year":"2016",
    "origin":"GL",
    "dest":"GL",
    "weight":962
  },
  {
    "year":"2016",
    "origin":"GL",
    "dest":"ZG",
    "weight":6
  },
  {
    "year":"2016",
    "origin":"GL",
    "dest":"FR",
    "weight":8
  },
  {
    "year":"2016",
    "origin":"GL",
    "dest":"SO",
    "weight":29
  },
  {
    "year":"2016",
    "origin":"GL",
    "dest":"BS",
    "weight":4
  },
  {
    "year":"2016",
    "origin":"GL",
    "dest":"BL",
    "weight":13
  },
  {
    "year":"2016",
    "origin":"GL",
    "dest":"SH",
    "weight":9
  },
  {
    "year":"2016",
    "origin":"GL",
    "dest":"AR",
    "weight":0
  },
  {
    "year":"2016",
    "origin":"GL",
    "dest":"AI",
    "weight":3
  },
  {
    "year":"2016",
    "origin":"GL",
    "dest":"SG",
    "weight":301
  },
  {
    "year":"2016",
    "origin":"GL",
    "dest":"GR",
    "weight":60
  },
  {
    "year":"2016",
    "origin":"GL",
    "dest":"AG",
    "weight":84
  },
  {
    "year":"2016",
    "origin":"GL",
    "dest":"TG",
    "weight":30
  },
  {
    "year":"2016",
    "origin":"GL",
    "dest":"TI",
    "weight":11
  },
  {
    "year":"2016",
    "origin":"GL",
    "dest":"VD",
    "weight":4
  },
  {
    "year":"2016",
    "origin":"GL",
    "dest":"VS",
    "weight":8
  },
  {
    "year":"2016",
    "origin":"GL",
    "dest":"NE",
    "weight":0
  },
  {
    "year":"2016",
    "origin":"GL",
    "dest":"GE",
    "weight":0
  },
  {
    "year":"2016",
    "origin":"GL",
    "dest":"JU",
    "weight":0
  },
  {
    "year":"2016",
    "origin":"ZG",
    "dest":"ZH",
    "weight":1218
  },
  {
    "year":"2016",
    "origin":"ZG",
    "dest":"BE",
    "weight":150
  },
  {
    "year":"2016",
    "origin":"ZG",
    "dest":"LU",
    "weight":746
  },
  {
    "year":"2016",
    "origin":"ZG",
    "dest":"UR",
    "weight":29
  },
  {
    "year":"2016",
    "origin":"ZG",
    "dest":"SZ",
    "weight":392
  },
  {
    "year":"2016",
    "origin":"ZG",
    "dest":"OW",
    "weight":31
  },
  {
    "year":"2016",
    "origin":"ZG",
    "dest":"NW",
    "weight":23
  },
  {
    "year":"2016",
    "origin":"ZG",
    "dest":"GL",
    "weight":10
  },
  {
    "year":"2016",
    "origin":"ZG",
    "dest":"ZG",
    "weight":4168
  },
  {
    "year":"2016",
    "origin":"ZG",
    "dest":"FR",
    "weight":18
  },
  {
    "year":"2016",
    "origin":"ZG",
    "dest":"SO",
    "weight":65
  },
  {
    "year":"2016",
    "origin":"ZG",
    "dest":"BS",
    "weight":51
  },
  {
    "year":"2016",
    "origin":"ZG",
    "dest":"BL",
    "weight":52
  },
  {
    "year":"2016",
    "origin":"ZG",
    "dest":"SH",
    "weight":16
  },
  {
    "year":"2016",
    "origin":"ZG",
    "dest":"AR",
    "weight":12
  },
  {
    "year":"2016",
    "origin":"ZG",
    "dest":"AI",
    "weight":2
  },
  {
    "year":"2016",
    "origin":"ZG",
    "dest":"SG",
    "weight":67
  },
  {
    "year":"2016",
    "origin":"ZG",
    "dest":"GR",
    "weight":41
  },
  {
    "year":"2016",
    "origin":"ZG",
    "dest":"AG",
    "weight":537
  },
  {
    "year":"2016",
    "origin":"ZG",
    "dest":"TG",
    "weight":31
  },
  {
    "year":"2016",
    "origin":"ZG",
    "dest":"TI",
    "weight":64
  },
  {
    "year":"2016",
    "origin":"ZG",
    "dest":"VD",
    "weight":67
  },
  {
    "year":"2016",
    "origin":"ZG",
    "dest":"VS",
    "weight":24
  },
  {
    "year":"2016",
    "origin":"ZG",
    "dest":"NE",
    "weight":3
  },
  {
    "year":"2016",
    "origin":"ZG",
    "dest":"GE",
    "weight":18
  },
  {
    "year":"2016",
    "origin":"ZG",
    "dest":"JU",
    "weight":5
  },
  {
    "year":"2016",
    "origin":"FR",
    "dest":"ZH",
    "weight":267
  },
  {
    "year":"2016",
    "origin":"FR",
    "dest":"BE",
    "weight":1522
  },
  {
    "year":"2016",
    "origin":"FR",
    "dest":"LU",
    "weight":55
  },
  {
    "year":"2016",
    "origin":"FR",
    "dest":"UR",
    "weight":1
  },
  {
    "year":"2016",
    "origin":"FR",
    "dest":"SZ",
    "weight":11
  },
  {
    "year":"2016",
    "origin":"FR",
    "dest":"OW",
    "weight":2
  },
  {
    "year":"2016",
    "origin":"FR",
    "dest":"NW",
    "weight":4
  },
  {
    "year":"2016",
    "origin":"FR",
    "dest":"GL",
    "weight":1
  },
  {
    "year":"2016",
    "origin":"FR",
    "dest":"ZG",
    "weight":30
  },
  {
    "year":"2016",
    "origin":"FR",
    "dest":"FR",
    "weight":15341
  },
  {
    "year":"2016",
    "origin":"FR",
    "dest":"SO",
    "weight":69
  },
  {
    "year":"2016",
    "origin":"FR",
    "dest":"BS",
    "weight":47
  },
  {
    "year":"2016",
    "origin":"FR",
    "dest":"BL",
    "weight":18
  },
  {
    "year":"2016",
    "origin":"FR",
    "dest":"SH",
    "weight":3
  },
  {
    "year":"2016",
    "origin":"FR",
    "dest":"AR",
    "weight":2
  },
  {
    "year":"2016",
    "origin":"FR",
    "dest":"AI",
    "weight":0
  },
  {
    "year":"2016",
    "origin":"FR",
    "dest":"SG",
    "weight":34
  },
  {
    "year":"2016",
    "origin":"FR",
    "dest":"GR",
    "weight":18
  },
  {
    "year":"2016",
    "origin":"FR",
    "dest":"AG",
    "weight":101
  },
  {
    "year":"2016",
    "origin":"FR",
    "dest":"TG",
    "weight":18
  },
  {
    "year":"2016",
    "origin":"FR",
    "dest":"TI",
    "weight":45
  },
  {
    "year":"2016",
    "origin":"FR",
    "dest":"VD",
    "weight":2178
  },
  {
    "year":"2016",
    "origin":"FR",
    "dest":"VS",
    "weight":391
  },
  {
    "year":"2016",
    "origin":"FR",
    "dest":"NE",
    "weight":231
  },
  {
    "year":"2016",
    "origin":"FR",
    "dest":"GE",
    "weight":164
  },
  {
    "year":"2016",
    "origin":"FR",
    "dest":"JU",
    "weight":52
  },
  {
    "year":"2016",
    "origin":"SO",
    "dest":"ZH",
    "weight":636
  },
  {
    "year":"2016",
    "origin":"SO",
    "dest":"BE",
    "weight":2197
  },
  {
    "year":"2016",
    "origin":"SO",
    "dest":"LU",
    "weight":321
  },
  {
    "year":"2016",
    "origin":"SO",
    "dest":"UR",
    "weight":9
  },
  {
    "year":"2016",
    "origin":"SO",
    "dest":"SZ",
    "weight":71
  },
  {
    "year":"2016",
    "origin":"SO",
    "dest":"OW",
    "weight":15
  },
  {
    "year":"2016",
    "origin":"SO",
    "dest":"NW",
    "weight":16
  },
  {
    "year":"2016",
    "origin":"SO",
    "dest":"GL",
    "weight":7
  },
  {
    "year":"2016",
    "origin":"SO",
    "dest":"ZG",
    "weight":54
  },
  {
    "year":"2016",
    "origin":"SO",
    "dest":"FR",
    "weight":78
  },
  {
    "year":"2016",
    "origin":"SO",
    "dest":"SO",
    "weight":10309
  },
  {
    "year":"2016",
    "origin":"SO",
    "dest":"BS",
    "weight":438
  },
  {
    "year":"2016",
    "origin":"SO",
    "dest":"BL",
    "weight":992
  },
  {
    "year":"2016",
    "origin":"SO",
    "dest":"SH",
    "weight":24
  },
  {
    "year":"2016",
    "origin":"SO",
    "dest":"AR",
    "weight":8
  },
  {
    "year":"2016",
    "origin":"SO",
    "dest":"AI",
    "weight":1
  },
  {
    "year":"2016",
    "origin":"SO",
    "dest":"SG",
    "weight":77
  },
  {
    "year":"2016",
    "origin":"SO",
    "dest":"GR",
    "weight":68
  },
  {
    "year":"2016",
    "origin":"SO",
    "dest":"AG",
    "weight":1470
  },
  {
    "year":"2016",
    "origin":"SO",
    "dest":"TG",
    "weight":65
  },
  {
    "year":"2016",
    "origin":"SO",
    "dest":"TI",
    "weight":35
  },
  {
    "year":"2016",
    "origin":"SO",
    "dest":"VD",
    "weight":50
  },
  {
    "year":"2016",
    "origin":"SO",
    "dest":"VS",
    "weight":63
  },
  {
    "year":"2016",
    "origin":"SO",
    "dest":"NE",
    "weight":17
  },
  {
    "year":"2016",
    "origin":"SO",
    "dest":"GE",
    "weight":13
  },
  {
    "year":"2016",
    "origin":"SO",
    "dest":"JU",
    "weight":28
  },
  {
    "year":"2016",
    "origin":"BS",
    "dest":"ZH",
    "weight":808
  },
  {
    "year":"2016",
    "origin":"BS",
    "dest":"BE",
    "weight":416
  },
  {
    "year":"2016",
    "origin":"BS",
    "dest":"LU",
    "weight":146
  },
  {
    "year":"2016",
    "origin":"BS",
    "dest":"UR",
    "weight":1
  },
  {
    "year":"2016",
    "origin":"BS",
    "dest":"SZ",
    "weight":44
  },
  {
    "year":"2016",
    "origin":"BS",
    "dest":"OW",
    "weight":10
  },
  {
    "year":"2016",
    "origin":"BS",
    "dest":"NW",
    "weight":11
  },
  {
    "year":"2016",
    "origin":"BS",
    "dest":"GL",
    "weight":6
  },
  {
    "year":"2016",
    "origin":"BS",
    "dest":"ZG",
    "weight":73
  },
  {
    "year":"2016",
    "origin":"BS",
    "dest":"FR",
    "weight":44
  },
  {
    "year":"2016",
    "origin":"BS",
    "dest":"SO",
    "weight":393
  },
  {
    "year":"2016",
    "origin":"BS",
    "dest":"BS",
    "weight":1280
  },
  {
    "year":"2016",
    "origin":"BS",
    "dest":"BL",
    "weight":3926
  },
  {
    "year":"2016",
    "origin":"BS",
    "dest":"SH",
    "weight":27
  },
  {
    "year":"2016",
    "origin":"BS",
    "dest":"AR",
    "weight":11
  },
  {
    "year":"2016",
    "origin":"BS",
    "dest":"AI",
    "weight":3
  },
  {
    "year":"2016",
    "origin":"BS",
    "dest":"SG",
    "weight":59
  },
  {
    "year":"2016",
    "origin":"BS",
    "dest":"GR",
    "weight":72
  },
  {
    "year":"2016",
    "origin":"BS",
    "dest":"AG",
    "weight":625
  },
  {
    "year":"2016",
    "origin":"BS",
    "dest":"TG",
    "weight":29
  },
  {
    "year":"2016",
    "origin":"BS",
    "dest":"TI",
    "weight":66
  },
  {
    "year":"2016",
    "origin":"BS",
    "dest":"VD",
    "weight":86
  },
  {
    "year":"2016",
    "origin":"BS",
    "dest":"VS",
    "weight":37
  },
  {
    "year":"2016",
    "origin":"BS",
    "dest":"NE",
    "weight":39
  },
  {
    "year":"2016",
    "origin":"BS",
    "dest":"GE",
    "weight":52
  },
  {
    "year":"2016",
    "origin":"BS",
    "dest":"JU",
    "weight":46
  },
  {
    "year":"2016",
    "origin":"BL",
    "dest":"ZH",
    "weight":573
  },
  {
    "year":"2016",
    "origin":"BL",
    "dest":"BE",
    "weight":443
  },
  {
    "year":"2016",
    "origin":"BL",
    "dest":"LU",
    "weight":187
  },
  {
    "year":"2016",
    "origin":"BL",
    "dest":"UR",
    "weight":2
  },
  {
    "year":"2016",
    "origin":"BL",
    "dest":"SZ",
    "weight":50
  },
  {
    "year":"2016",
    "origin":"BL",
    "dest":"OW",
    "weight":20
  },
  {
    "year":"2016",
    "origin":"BL",
    "dest":"NW",
    "weight":23
  },
  {
    "year":"2016",
    "origin":"BL",
    "dest":"GL",
    "weight":4
  },
  {
    "year":"2016",
    "origin":"BL",
    "dest":"ZG",
    "weight":57
  },
  {
    "year":"2016",
    "origin":"BL",
    "dest":"FR",
    "weight":31
  },
  {
    "year":"2016",
    "origin":"BL",
    "dest":"SO",
    "weight":1200
  },
  {
    "year":"2016",
    "origin":"BL",
    "dest":"BS",
    "weight":2447
  },
  {
    "year":"2016",
    "origin":"BL",
    "dest":"BL",
    "weight":10269
  },
  {
    "year":"2016",
    "origin":"BL",
    "dest":"SH",
    "weight":16
  },
  {
    "year":"2016",
    "origin":"BL",
    "dest":"AR",
    "weight":11
  },
  {
    "year":"2016",
    "origin":"BL",
    "dest":"AI",
    "weight":1
  },
  {
    "year":"2016",
    "origin":"BL",
    "dest":"SG",
    "weight":61
  },
  {
    "year":"2016",
    "origin":"BL",
    "dest":"GR",
    "weight":71
  },
  {
    "year":"2016",
    "origin":"BL",
    "dest":"AG",
    "weight":1160
  },
  {
    "year":"2016",
    "origin":"BL",
    "dest":"TG",
    "weight":42
  },
  {
    "year":"2016",
    "origin":"BL",
    "dest":"TI",
    "weight":34
  },
  {
    "year":"2016",
    "origin":"BL",
    "dest":"VD",
    "weight":57
  },
  {
    "year":"2016",
    "origin":"BL",
    "dest":"VS",
    "weight":39
  },
  {
    "year":"2016",
    "origin":"BL",
    "dest":"NE",
    "weight":3
  },
  {
    "year":"2016",
    "origin":"BL",
    "dest":"GE",
    "weight":10
  },
  {
    "year":"2016",
    "origin":"BL",
    "dest":"JU",
    "weight":62
  },
  {
    "year":"2016",
    "origin":"SH",
    "dest":"ZH",
    "weight":970
  },
  {
    "year":"2016",
    "origin":"SH",
    "dest":"BE",
    "weight":75
  },
  {
    "year":"2016",
    "origin":"SH",
    "dest":"LU",
    "weight":33
  },
  {
    "year":"2016",
    "origin":"SH",
    "dest":"UR",
    "weight":2
  },
  {
    "year":"2016",
    "origin":"SH",
    "dest":"SZ",
    "weight":26
  },
  {
    "year":"2016",
    "origin":"SH",
    "dest":"OW",
    "weight":1
  },
  {
    "year":"2016",
    "origin":"SH",
    "dest":"NW",
    "weight":2
  },
  {
    "year":"2016",
    "origin":"SH",
    "dest":"GL",
    "weight":6
  },
  {
    "year":"2016",
    "origin":"SH",
    "dest":"ZG",
    "weight":18
  },
  {
    "year":"2016",
    "origin":"SH",
    "dest":"FR",
    "weight":7
  },
  {
    "year":"2016",
    "origin":"SH",
    "dest":"SO",
    "weight":24
  },
  {
    "year":"2016",
    "origin":"SH",
    "dest":"BS",
    "weight":24
  },
  {
    "year":"2016",
    "origin":"SH",
    "dest":"BL",
    "weight":23
  },
  {
    "year":"2016",
    "origin":"SH",
    "dest":"SH",
    "weight":2334
  },
  {
    "year":"2016",
    "origin":"SH",
    "dest":"AR",
    "weight":28
  },
  {
    "year":"2016",
    "origin":"SH",
    "dest":"AI",
    "weight":1
  },
  {
    "year":"2016",
    "origin":"SH",
    "dest":"SG",
    "weight":66
  },
  {
    "year":"2016",
    "origin":"SH",
    "dest":"GR",
    "weight":35
  },
  {
    "year":"2016",
    "origin":"SH",
    "dest":"AG",
    "weight":103
  },
  {
    "year":"2016",
    "origin":"SH",
    "dest":"TG",
    "weight":303
  },
  {
    "year":"2016",
    "origin":"SH",
    "dest":"TI",
    "weight":6
  },
  {
    "year":"2016",
    "origin":"SH",
    "dest":"VD",
    "weight":10
  },
  {
    "year":"2016",
    "origin":"SH",
    "dest":"VS",
    "weight":5
  },
  {
    "year":"2016",
    "origin":"SH",
    "dest":"NE",
    "weight":4
  },
  {
    "year":"2016",
    "origin":"SH",
    "dest":"GE",
    "weight":7
  },
  {
    "year":"2016",
    "origin":"SH",
    "dest":"JU",
    "weight":0
  },
  {
    "year":"2016",
    "origin":"AR",
    "dest":"ZH",
    "weight":263
  },
  {
    "year":"2016",
    "origin":"AR",
    "dest":"BE",
    "weight":50
  },
  {
    "year":"2016",
    "origin":"AR",
    "dest":"LU",
    "weight":31
  },
  {
    "year":"2016",
    "origin":"AR",
    "dest":"UR",
    "weight":2
  },
  {
    "year":"2016",
    "origin":"AR",
    "dest":"SZ",
    "weight":11
  },
  {
    "year":"2016",
    "origin":"AR",
    "dest":"OW",
    "weight":5
  },
  {
    "year":"2016",
    "origin":"AR",
    "dest":"NW",
    "weight":3
  },
  {
    "year":"2016",
    "origin":"AR",
    "dest":"GL",
    "weight":2
  },
  {
    "year":"2016",
    "origin":"AR",
    "dest":"ZG",
    "weight":8
  },
  {
    "year":"2016",
    "origin":"AR",
    "dest":"FR",
    "weight":1
  },
  {
    "year":"2016",
    "origin":"AR",
    "dest":"SO",
    "weight":9
  },
  {
    "year":"2016",
    "origin":"AR",
    "dest":"BS",
    "weight":13
  },
  {
    "year":"2016",
    "origin":"AR",
    "dest":"BL",
    "weight":16
  },
  {
    "year":"2016",
    "origin":"AR",
    "dest":"SH",
    "weight":10
  },
  {
    "year":"2016",
    "origin":"AR",
    "dest":"AR",
    "weight":1005
  },
  {
    "year":"2016",
    "origin":"AR",
    "dest":"AI",
    "weight":105
  },
  {
    "year":"2016",
    "origin":"AR",
    "dest":"SG",
    "weight":1334
  },
  {
    "year":"2016",
    "origin":"AR",
    "dest":"GR",
    "weight":29
  },
  {
    "year":"2016",
    "origin":"AR",
    "dest":"AG",
    "weight":49
  },
  {
    "year":"2016",
    "origin":"AR",
    "dest":"TG",
    "weight":215
  },
  {
    "year":"2016",
    "origin":"AR",
    "dest":"TI",
    "weight":8
  },
  {
    "year":"2016",
    "origin":"AR",
    "dest":"VD",
    "weight":11
  },
  {
    "year":"2016",
    "origin":"AR",
    "dest":"VS",
    "weight":8
  },
  {
    "year":"2016",
    "origin":"AR",
    "dest":"NE",
    "weight":2
  },
  {
    "year":"2016",
    "origin":"AR",
    "dest":"GE",
    "weight":3
  },
  {
    "year":"2016",
    "origin":"AR",
    "dest":"JU",
    "weight":2
  },
  {
    "year":"2016",
    "origin":"AI",
    "dest":"ZH",
    "weight":39
  },
  {
    "year":"2016",
    "origin":"AI",
    "dest":"BE",
    "weight":12
  },
  {
    "year":"2016",
    "origin":"AI",
    "dest":"LU",
    "weight":10
  },
  {
    "year":"2016",
    "origin":"AI",
    "dest":"UR",
    "weight":0
  },
  {
    "year":"2016",
    "origin":"AI",
    "dest":"SZ",
    "weight":9
  },
  {
    "year":"2016",
    "origin":"AI",
    "dest":"OW",
    "weight":2
  },
  {
    "year":"2016",
    "origin":"AI",
    "dest":"NW",
    "weight":3
  },
  {
    "year":"2016",
    "origin":"AI",
    "dest":"GL",
    "weight":2
  },
  {
    "year":"2016",
    "origin":"AI",
    "dest":"ZG",
    "weight":2
  },
  {
    "year":"2016",
    "origin":"AI",
    "dest":"FR",
    "weight":1
  },
  {
    "year":"2016",
    "origin":"AI",
    "dest":"SO",
    "weight":1
  },
  {
    "year":"2016",
    "origin":"AI",
    "dest":"BS",
    "weight":4
  },
  {
    "year":"2016",
    "origin":"AI",
    "dest":"BL",
    "weight":1
  },
  {
    "year":"2016",
    "origin":"AI",
    "dest":"SH",
    "weight":2
  },
  {
    "year":"2016",
    "origin":"AI",
    "dest":"AR",
    "weight":115
  },
  {
    "year":"2016",
    "origin":"AI",
    "dest":"AI",
    "weight":335
  },
  {
    "year":"2016",
    "origin":"AI",
    "dest":"SG",
    "weight":164
  },
  {
    "year":"2016",
    "origin":"AI",
    "dest":"GR",
    "weight":14
  },
  {
    "year":"2016",
    "origin":"AI",
    "dest":"AG",
    "weight":9
  },
  {
    "year":"2016",
    "origin":"AI",
    "dest":"TG",
    "weight":32
  },
  {
    "year":"2016",
    "origin":"AI",
    "dest":"TI",
    "weight":5
  },
  {
    "year":"2016",
    "origin":"AI",
    "dest":"VD",
    "weight":0
  },
  {
    "year":"2016",
    "origin":"AI",
    "dest":"VS",
    "weight":2
  },
  {
    "year":"2016",
    "origin":"AI",
    "dest":"NE",
    "weight":0
  },
  {
    "year":"2016",
    "origin":"AI",
    "dest":"GE",
    "weight":0
  },
  {
    "year":"2016",
    "origin":"AI",
    "dest":"JU",
    "weight":0
  },
  {
    "year":"2016",
    "origin":"SG",
    "dest":"ZH",
    "weight":3327
  },
  {
    "year":"2016",
    "origin":"SG",
    "dest":"BE",
    "weight":443
  },
  {
    "year":"2016",
    "origin":"SG",
    "dest":"LU",
    "weight":242
  },
  {
    "year":"2016",
    "origin":"SG",
    "dest":"UR",
    "weight":9
  },
  {
    "year":"2016",
    "origin":"SG",
    "dest":"SZ",
    "weight":561
  },
  {
    "year":"2016",
    "origin":"SG",
    "dest":"OW",
    "weight":19
  },
  {
    "year":"2016",
    "origin":"SG",
    "dest":"NW",
    "weight":24
  },
  {
    "year":"2016",
    "origin":"SG",
    "dest":"GL",
    "weight":272
  },
  {
    "year":"2016",
    "origin":"SG",
    "dest":"ZG",
    "weight":130
  },
  {
    "year":"2016",
    "origin":"SG",
    "dest":"FR",
    "weight":47
  },
  {
    "year":"2016",
    "origin":"SG",
    "dest":"SO",
    "weight":142
  },
  {
    "year":"2016",
    "origin":"SG",
    "dest":"BS",
    "weight":111
  },
  {
    "year":"2016",
    "origin":"SG",
    "dest":"BL",
    "weight":96
  },
  {
    "year":"2016",
    "origin":"SG",
    "dest":"SH",
    "weight":91
  },
  {
    "year":"2016",
    "origin":"SG",
    "dest":"AR",
    "weight":1441
  },
  {
    "year":"2016",
    "origin":"SG",
    "dest":"AI",
    "weight":174
  },
  {
    "year":"2016",
    "origin":"SG",
    "dest":"SG",
    "weight":17683
  },
  {
    "year":"2016",
    "origin":"SG",
    "dest":"GR",
    "weight":775
  },
  {
    "year":"2016",
    "origin":"SG",
    "dest":"AG",
    "weight":430
  },
  {
    "year":"2016",
    "origin":"SG",
    "dest":"TG",
    "weight":2549
  },
  {
    "year":"2016",
    "origin":"SG",
    "dest":"TI",
    "weight":98
  },
  {
    "year":"2016",
    "origin":"SG",
    "dest":"VD",
    "weight":72
  },
  {
    "year":"2016",
    "origin":"SG",
    "dest":"VS",
    "weight":65
  },
  {
    "year":"2016",
    "origin":"SG",
    "dest":"NE",
    "weight":12
  },
  {
    "year":"2016",
    "origin":"SG",
    "dest":"GE",
    "weight":32
  },
  {
    "year":"2016",
    "origin":"SG",
    "dest":"JU",
    "weight":6
  },
  {
    "year":"2016",
    "origin":"GR",
    "dest":"ZH",
    "weight":1375
  },
  {
    "year":"2016",
    "origin":"GR",
    "dest":"BE",
    "weight":365
  },
  {
    "year":"2016",
    "origin":"GR",
    "dest":"LU",
    "weight":240
  },
  {
    "year":"2016",
    "origin":"GR",
    "dest":"UR",
    "weight":24
  },
  {
    "year":"2016",
    "origin":"GR",
    "dest":"SZ",
    "weight":115
  },
  {
    "year":"2016",
    "origin":"GR",
    "dest":"OW",
    "weight":30
  },
  {
    "year":"2016",
    "origin":"GR",
    "dest":"NW",
    "weight":13
  },
  {
    "year":"2016",
    "origin":"GR",
    "dest":"GL",
    "weight":47
  },
  {
    "year":"2016",
    "origin":"GR",
    "dest":"ZG",
    "weight":41
  },
  {
    "year":"2016",
    "origin":"GR",
    "dest":"FR",
    "weight":26
  },
  {
    "year":"2016",
    "origin":"GR",
    "dest":"SO",
    "weight":72
  },
  {
    "year":"2016",
    "origin":"GR",
    "dest":"BS",
    "weight":84
  },
  {
    "year":"2016",
    "origin":"GR",
    "dest":"BL",
    "weight":55
  },
  {
    "year":"2016",
    "origin":"GR",
    "dest":"SH",
    "weight":49
  },
  {
    "year":"2016",
    "origin":"GR",
    "dest":"AR",
    "weight":49
  },
  {
    "year":"2016",
    "origin":"GR",
    "dest":"AI",
    "weight":26
  },
  {
    "year":"2016",
    "origin":"GR",
    "dest":"SG",
    "weight":825
  },
  {
    "year":"2016",
    "origin":"GR",
    "dest":"GR",
    "weight":7267
  },
  {
    "year":"2016",
    "origin":"GR",
    "dest":"AG",
    "weight":277
  },
  {
    "year":"2016",
    "origin":"GR",
    "dest":"TG",
    "weight":155
  },
  {
    "year":"2016",
    "origin":"GR",
    "dest":"TI",
    "weight":321
  },
  {
    "year":"2016",
    "origin":"GR",
    "dest":"VD",
    "weight":31
  },
  {
    "year":"2016",
    "origin":"GR",
    "dest":"VS",
    "weight":42
  },
  {
    "year":"2016",
    "origin":"GR",
    "dest":"NE",
    "weight":2
  },
  {
    "year":"2016",
    "origin":"GR",
    "dest":"GE",
    "weight":12
  },
  {
    "year":"2016",
    "origin":"GR",
    "dest":"JU",
    "weight":2
  },
  {
    "year":"2016",
    "origin":"AG",
    "dest":"ZH",
    "weight":4546
  },
  {
    "year":"2016",
    "origin":"AG",
    "dest":"BE",
    "weight":1160
  },
  {
    "year":"2016",
    "origin":"AG",
    "dest":"LU",
    "weight":1372
  },
  {
    "year":"2016",
    "origin":"AG",
    "dest":"UR",
    "weight":21
  },
  {
    "year":"2016",
    "origin":"AG",
    "dest":"SZ",
    "weight":264
  },
  {
    "year":"2016",
    "origin":"AG",
    "dest":"OW",
    "weight":69
  },
  {
    "year":"2016",
    "origin":"AG",
    "dest":"NW",
    "weight":69
  },
  {
    "year":"2016",
    "origin":"AG",
    "dest":"GL",
    "weight":47
  },
  {
    "year":"2016",
    "origin":"AG",
    "dest":"ZG",
    "weight":415
  },
  {
    "year":"2016",
    "origin":"AG",
    "dest":"FR",
    "weight":62
  },
  {
    "year":"2016",
    "origin":"AG",
    "dest":"SO",
    "weight":1609
  },
  {
    "year":"2016",
    "origin":"AG",
    "dest":"BS",
    "weight":613
  },
  {
    "year":"2016",
    "origin":"AG",
    "dest":"BL",
    "weight":1021
  },
  {
    "year":"2016",
    "origin":"AG",
    "dest":"SH",
    "weight":128
  },
  {
    "year":"2016",
    "origin":"AG",
    "dest":"AR",
    "weight":37
  },
  {
    "year":"2016",
    "origin":"AG",
    "dest":"AI",
    "weight":6
  },
  {
    "year":"2016",
    "origin":"AG",
    "dest":"SG",
    "weight":405
  },
  {
    "year":"2016",
    "origin":"AG",
    "dest":"GR",
    "weight":223
  },
  {
    "year":"2016",
    "origin":"AG",
    "dest":"AG",
    "weight":31880
  },
  {
    "year":"2016",
    "origin":"AG",
    "dest":"TG",
    "weight":274
  },
  {
    "year":"2016",
    "origin":"AG",
    "dest":"TI",
    "weight":146
  },
  {
    "year":"2016",
    "origin":"AG",
    "dest":"VD",
    "weight":119
  },
  {
    "year":"2016",
    "origin":"AG",
    "dest":"VS",
    "weight":94
  },
  {
    "year":"2016",
    "origin":"AG",
    "dest":"NE",
    "weight":22
  },
  {
    "year":"2016",
    "origin":"AG",
    "dest":"GE",
    "weight":41
  },
  {
    "year":"2016",
    "origin":"AG",
    "dest":"JU",
    "weight":19
  },
  {
    "year":"2016",
    "origin":"TG",
    "dest":"ZH",
    "weight":2285
  },
  {
    "year":"2016",
    "origin":"TG",
    "dest":"BE",
    "weight":278
  },
  {
    "year":"2016",
    "origin":"TG",
    "dest":"LU",
    "weight":102
  },
  {
    "year":"2016",
    "origin":"TG",
    "dest":"UR",
    "weight":7
  },
  {
    "year":"2016",
    "origin":"TG",
    "dest":"SZ",
    "weight":99
  },
  {
    "year":"2016",
    "origin":"TG",
    "dest":"OW",
    "weight":3
  },
  {
    "year":"2016",
    "origin":"TG",
    "dest":"NW",
    "weight":6
  },
  {
    "year":"2016",
    "origin":"TG",
    "dest":"GL",
    "weight":22
  },
  {
    "year":"2016",
    "origin":"TG",
    "dest":"ZG",
    "weight":40
  },
  {
    "year":"2016",
    "origin":"TG",
    "dest":"FR",
    "weight":26
  },
  {
    "year":"2016",
    "origin":"TG",
    "dest":"SO",
    "weight":80
  },
  {
    "year":"2016",
    "origin":"TG",
    "dest":"BS",
    "weight":48
  },
  {
    "year":"2016",
    "origin":"TG",
    "dest":"BL",
    "weight":51
  },
  {
    "year":"2016",
    "origin":"TG",
    "dest":"SH",
    "weight":366
  },
  {
    "year":"2016",
    "origin":"TG",
    "dest":"AR",
    "weight":176
  },
  {
    "year":"2016",
    "origin":"TG",
    "dest":"AI",
    "weight":22
  },
  {
    "year":"2016",
    "origin":"TG",
    "dest":"SG",
    "weight":2061
  },
  {
    "year":"2016",
    "origin":"TG",
    "dest":"GR",
    "weight":132
  },
  {
    "year":"2016",
    "origin":"TG",
    "dest":"AG",
    "weight":256
  },
  {
    "year":"2016",
    "origin":"TG",
    "dest":"TG",
    "weight":9974
  },
  {
    "year":"2016",
    "origin":"TG",
    "dest":"TI",
    "weight":19
  },
  {
    "year":"2016",
    "origin":"TG",
    "dest":"VD",
    "weight":23
  },
  {
    "year":"2016",
    "origin":"TG",
    "dest":"VS",
    "weight":13
  },
  {
    "year":"2016",
    "origin":"TG",
    "dest":"NE",
    "weight":6
  },
  {
    "year":"2016",
    "origin":"TG",
    "dest":"GE",
    "weight":21
  },
  {
    "year":"2016",
    "origin":"TG",
    "dest":"JU",
    "weight":3
  },
  {
    "year":"2016",
    "origin":"TI",
    "dest":"ZH",
    "weight":877
  },
  {
    "year":"2016",
    "origin":"TI",
    "dest":"BE",
    "weight":230
  },
  {
    "year":"2016",
    "origin":"TI",
    "dest":"LU",
    "weight":130
  },
  {
    "year":"2016",
    "origin":"TI",
    "dest":"UR",
    "weight":22
  },
  {
    "year":"2016",
    "origin":"TI",
    "dest":"SZ",
    "weight":38
  },
  {
    "year":"2016",
    "origin":"TI",
    "dest":"OW",
    "weight":6
  },
  {
    "year":"2016",
    "origin":"TI",
    "dest":"NW",
    "weight":10
  },
  {
    "year":"2016",
    "origin":"TI",
    "dest":"GL",
    "weight":16
  },
  {
    "year":"2016",
    "origin":"TI",
    "dest":"ZG",
    "weight":57
  },
  {
    "year":"2016",
    "origin":"TI",
    "dest":"FR",
    "weight":84
  },
  {
    "year":"2016",
    "origin":"TI",
    "dest":"SO",
    "weight":39
  },
  {
    "year":"2016",
    "origin":"TI",
    "dest":"BS",
    "weight":58
  },
  {
    "year":"2016",
    "origin":"TI",
    "dest":"BL",
    "weight":56
  },
  {
    "year":"2016",
    "origin":"TI",
    "dest":"SH",
    "weight":12
  },
  {
    "year":"2016",
    "origin":"TI",
    "dest":"AR",
    "weight":8
  },
  {
    "year":"2016",
    "origin":"TI",
    "dest":"AI",
    "weight":4
  },
  {
    "year":"2016",
    "origin":"TI",
    "dest":"SG",
    "weight":92
  },
  {
    "year":"2016",
    "origin":"TI",
    "dest":"GR",
    "weight":333
  },
  {
    "year":"2016",
    "origin":"TI",
    "dest":"AG",
    "weight":174
  },
  {
    "year":"2016",
    "origin":"TI",
    "dest":"TG",
    "weight":46
  },
  {
    "year":"2016",
    "origin":"TI",
    "dest":"TI",
    "weight":16625
  },
  {
    "year":"2016",
    "origin":"TI",
    "dest":"VD",
    "weight":265
  },
  {
    "year":"2016",
    "origin":"TI",
    "dest":"VS",
    "weight":88
  },
  {
    "year":"2016",
    "origin":"TI",
    "dest":"NE",
    "weight":48
  },
  {
    "year":"2016",
    "origin":"TI",
    "dest":"GE",
    "weight":79
  },
  {
    "year":"2016",
    "origin":"TI",
    "dest":"JU",
    "weight":5
  },
  {
    "year":"2016",
    "origin":"VD",
    "dest":"ZH",
    "weight":820
  },
  {
    "year":"2016",
    "origin":"VD",
    "dest":"BE",
    "weight":690
  },
  {
    "year":"2016",
    "origin":"VD",
    "dest":"LU",
    "weight":80
  },
  {
    "year":"2016",
    "origin":"VD",
    "dest":"UR",
    "weight":5
  },
  {
    "year":"2016",
    "origin":"VD",
    "dest":"SZ",
    "weight":55
  },
  {
    "year":"2016",
    "origin":"VD",
    "dest":"OW",
    "weight":10
  },
  {
    "year":"2016",
    "origin":"VD",
    "dest":"NW",
    "weight":4
  },
  {
    "year":"2016",
    "origin":"VD",
    "dest":"GL",
    "weight":4
  },
  {
    "year":"2016",
    "origin":"VD",
    "dest":"ZG",
    "weight":112
  },
  {
    "year":"2016",
    "origin":"VD",
    "dest":"FR",
    "weight":3221
  },
  {
    "year":"2016",
    "origin":"VD",
    "dest":"SO",
    "weight":51
  },
  {
    "year":"2016",
    "origin":"VD",
    "dest":"BS",
    "weight":121
  },
  {
    "year":"2016",
    "origin":"VD",
    "dest":"BL",
    "weight":71
  },
  {
    "year":"2016",
    "origin":"VD",
    "dest":"SH",
    "weight":13
  },
  {
    "year":"2016",
    "origin":"VD",
    "dest":"AR",
    "weight":6
  },
  {
    "year":"2016",
    "origin":"VD",
    "dest":"AI",
    "weight":1
  },
  {
    "year":"2016",
    "origin":"VD",
    "dest":"SG",
    "weight":70
  },
  {
    "year":"2016",
    "origin":"VD",
    "dest":"GR",
    "weight":44
  },
  {
    "year":"2016",
    "origin":"VD",
    "dest":"AG",
    "weight":98
  },
  {
    "year":"2016",
    "origin":"VD",
    "dest":"TG",
    "weight":17
  },
  {
    "year":"2016",
    "origin":"VD",
    "dest":"TI",
    "weight":178
  },
  {
    "year":"2016",
    "origin":"VD",
    "dest":"VD",
    "weight":47540
  },
  {
    "year":"2016",
    "origin":"VD",
    "dest":"VS",
    "weight":2391
  },
  {
    "year":"2016",
    "origin":"VD",
    "dest":"NE",
    "weight":867
  },
  {
    "year":"2016",
    "origin":"VD",
    "dest":"GE",
    "weight":1656
  },
  {
    "year":"2016",
    "origin":"VD",
    "dest":"JU",
    "weight":151
  },
  {
    "year":"2016",
    "origin":"VS",
    "dest":"ZH",
    "weight":319
  },
  {
    "year":"2016",
    "origin":"VS",
    "dest":"BE",
    "weight":584
  },
  {
    "year":"2016",
    "origin":"VS",
    "dest":"LU",
    "weight":136
  },
  {
    "year":"2016",
    "origin":"VS",
    "dest":"UR",
    "weight":5
  },
  {
    "year":"2016",
    "origin":"VS",
    "dest":"SZ",
    "weight":38
  },
  {
    "year":"2016",
    "origin":"VS",
    "dest":"OW",
    "weight":22
  },
  {
    "year":"2016",
    "origin":"VS",
    "dest":"NW",
    "weight":18
  },
  {
    "year":"2016",
    "origin":"VS",
    "dest":"GL",
    "weight":9
  },
  {
    "year":"2016",
    "origin":"VS",
    "dest":"ZG",
    "weight":33
  },
  {
    "year":"2016",
    "origin":"VS",
    "dest":"FR",
    "weight":399
  },
  {
    "year":"2016",
    "origin":"VS",
    "dest":"SO",
    "weight":80
  },
  {
    "year":"2016",
    "origin":"VS",
    "dest":"BS",
    "weight":55
  },
  {
    "year":"2016",
    "origin":"VS",
    "dest":"BL",
    "weight":31
  },
  {
    "year":"2016",
    "origin":"VS",
    "dest":"SH",
    "weight":7
  },
  {
    "year":"2016",
    "origin":"VS",
    "dest":"AR",
    "weight":9
  },
  {
    "year":"2016",
    "origin":"VS",
    "dest":"AI",
    "weight":2
  },
  {
    "year":"2016",
    "origin":"VS",
    "dest":"SG",
    "weight":48
  },
  {
    "year":"2016",
    "origin":"VS",
    "dest":"GR",
    "weight":49
  },
  {
    "year":"2016",
    "origin":"VS",
    "dest":"AG",
    "weight":114
  },
  {
    "year":"2016",
    "origin":"VS",
    "dest":"TG",
    "weight":32
  },
  {
    "year":"2016",
    "origin":"VS",
    "dest":"TI",
    "weight":66
  },
  {
    "year":"2016",
    "origin":"VS",
    "dest":"VD",
    "weight":1652
  },
  {
    "year":"2016",
    "origin":"VS",
    "dest":"VS",
    "weight":14977
  },
  {
    "year":"2016",
    "origin":"VS",
    "dest":"NE",
    "weight":153
  },
  {
    "year":"2016",
    "origin":"VS",
    "dest":"GE",
    "weight":282
  },
  {
    "year":"2016",
    "origin":"VS",
    "dest":"JU",
    "weight":60
  },
  {
    "year":"2016",
    "origin":"NE",
    "dest":"ZH",
    "weight":115
  },
  {
    "year":"2016",
    "origin":"NE",
    "dest":"BE",
    "weight":889
  },
  {
    "year":"2016",
    "origin":"NE",
    "dest":"LU",
    "weight":16
  },
  {
    "year":"2016",
    "origin":"NE",
    "dest":"UR",
    "weight":2
  },
  {
    "year":"2016",
    "origin":"NE",
    "dest":"SZ",
    "weight":4
  },
  {
    "year":"2016",
    "origin":"NE",
    "dest":"OW",
    "weight":0
  },
  {
    "year":"2016",
    "origin":"NE",
    "dest":"NW",
    "weight":0
  },
  {
    "year":"2016",
    "origin":"NE",
    "dest":"GL",
    "weight":1
  },
  {
    "year":"2016",
    "origin":"NE",
    "dest":"ZG",
    "weight":11
  },
  {
    "year":"2016",
    "origin":"NE",
    "dest":"FR",
    "weight":461
  },
  {
    "year":"2016",
    "origin":"NE",
    "dest":"SO",
    "weight":34
  },
  {
    "year":"2016",
    "origin":"NE",
    "dest":"BS",
    "weight":30
  },
  {
    "year":"2016",
    "origin":"NE",
    "dest":"BL",
    "weight":9
  },
  {
    "year":"2016",
    "origin":"NE",
    "dest":"SH",
    "weight":0
  },
  {
    "year":"2016",
    "origin":"NE",
    "dest":"AR",
    "weight":2
  },
  {
    "year":"2016",
    "origin":"NE",
    "dest":"AI",
    "weight":0
  },
  {
    "year":"2016",
    "origin":"NE",
    "dest":"SG",
    "weight":10
  },
  {
    "year":"2016",
    "origin":"NE",
    "dest":"GR",
    "weight":3
  },
  {
    "year":"2016",
    "origin":"NE",
    "dest":"AG",
    "weight":20
  },
  {
    "year":"2016",
    "origin":"NE",
    "dest":"TG",
    "weight":1
  },
  {
    "year":"2016",
    "origin":"NE",
    "dest":"TI",
    "weight":48
  },
  {
    "year":"2016",
    "origin":"NE",
    "dest":"VD",
    "weight":1087
  },
  {
    "year":"2016",
    "origin":"NE",
    "dest":"VS",
    "weight":203
  },
  {
    "year":"2016",
    "origin":"NE",
    "dest":"NE",
    "weight":7237
  },
  {
    "year":"2016",
    "origin":"NE",
    "dest":"GE",
    "weight":148
  },
  {
    "year":"2016",
    "origin":"NE",
    "dest":"JU",
    "weight":202
  },
  {
    "year":"2016",
    "origin":"GE",
    "dest":"ZH",
    "weight":481
  },
  {
    "year":"2016",
    "origin":"GE",
    "dest":"BE",
    "weight":190
  },
  {
    "year":"2016",
    "origin":"GE",
    "dest":"LU",
    "weight":23
  },
  {
    "year":"2016",
    "origin":"GE",
    "dest":"UR",
    "weight":0
  },
  {
    "year":"2016",
    "origin":"GE",
    "dest":"SZ",
    "weight":44
  },
  {
    "year":"2016",
    "origin":"GE",
    "dest":"OW",
    "weight":2
  },
  {
    "year":"2016",
    "origin":"GE",
    "dest":"NW",
    "weight":3
  },
  {
    "year":"2016",
    "origin":"GE",
    "dest":"GL",
    "weight":1
  },
  {
    "year":"2016",
    "origin":"GE",
    "dest":"ZG",
    "weight":79
  },
  {
    "year":"2016",
    "origin":"GE",
    "dest":"FR",
    "weight":242
  },
  {
    "year":"2016",
    "origin":"GE",
    "dest":"SO",
    "weight":19
  },
  {
    "year":"2016",
    "origin":"GE",
    "dest":"BS",
    "weight":59
  },
  {
    "year":"2016",
    "origin":"GE",
    "dest":"BL",
    "weight":19
  },
  {
    "year":"2016",
    "origin":"GE",
    "dest":"SH",
    "weight":5
  },
  {
    "year":"2016",
    "origin":"GE",
    "dest":"AR",
    "weight":1
  },
  {
    "year":"2016",
    "origin":"GE",
    "dest":"AI",
    "weight":0
  },
  {
    "year":"2016",
    "origin":"GE",
    "dest":"SG",
    "weight":26
  },
  {
    "year":"2016",
    "origin":"GE",
    "dest":"GR",
    "weight":10
  },
  {
    "year":"2016",
    "origin":"GE",
    "dest":"AG",
    "weight":32
  },
  {
    "year":"2016",
    "origin":"GE",
    "dest":"TG",
    "weight":6
  },
  {
    "year":"2016",
    "origin":"GE",
    "dest":"TI",
    "weight":81
  },
  {
    "year":"2016",
    "origin":"GE",
    "dest":"VD",
    "weight":2619
  },
  {
    "year":"2016",
    "origin":"GE",
    "dest":"VS",
    "weight":511
  },
  {
    "year":"2016",
    "origin":"GE",
    "dest":"NE",
    "weight":177
  },
  {
    "year":"2016",
    "origin":"GE",
    "dest":"GE",
    "weight":29941
  },
  {
    "year":"2016",
    "origin":"GE",
    "dest":"JU",
    "weight":45
  },
  {
    "year":"2016",
    "origin":"JU",
    "dest":"ZH",
    "weight":38
  },
  {
    "year":"2016",
    "origin":"JU",
    "dest":"BE",
    "weight":353
  },
  {
    "year":"2016",
    "origin":"JU",
    "dest":"LU",
    "weight":3
  },
  {
    "year":"2016",
    "origin":"JU",
    "dest":"UR",
    "weight":0
  },
  {
    "year":"2016",
    "origin":"JU",
    "dest":"SZ",
    "weight":0
  },
  {
    "year":"2016",
    "origin":"JU",
    "dest":"OW",
    "weight":1
  },
  {
    "year":"2016",
    "origin":"JU",
    "dest":"NW",
    "weight":0
  },
  {
    "year":"2016",
    "origin":"JU",
    "dest":"GL",
    "weight":0
  },
  {
    "year":"2016",
    "origin":"JU",
    "dest":"ZG",
    "weight":1
  },
  {
    "year":"2016",
    "origin":"JU",
    "dest":"FR",
    "weight":90
  },
  {
    "year":"2016",
    "origin":"JU",
    "dest":"SO",
    "weight":22
  },
  {
    "year":"2016",
    "origin":"JU",
    "dest":"BS",
    "weight":38
  },
  {
    "year":"2016",
    "origin":"JU",
    "dest":"BL",
    "weight":58
  },
  {
    "year":"2016",
    "origin":"JU",
    "dest":"SH",
    "weight":2
  },
  {
    "year":"2016",
    "origin":"JU",
    "dest":"AR",
    "weight":1
  },
  {
    "year":"2016",
    "origin":"JU",
    "dest":"AI",
    "weight":0
  },
  {
    "year":"2016",
    "origin":"JU",
    "dest":"SG",
    "weight":5
  },
  {
    "year":"2016",
    "origin":"JU",
    "dest":"GR",
    "weight":0
  },
  {
    "year":"2016",
    "origin":"JU",
    "dest":"AG",
    "weight":19
  },
  {
    "year":"2016",
    "origin":"JU",
    "dest":"TG",
    "weight":5
  },
  {
    "year":"2016",
    "origin":"JU",
    "dest":"TI",
    "weight":3
  },
  {
    "year":"2016",
    "origin":"JU",
    "dest":"VD",
    "weight":217
  },
  {
    "year":"2016",
    "origin":"JU",
    "dest":"VS",
    "weight":61
  },
  {
    "year":"2016",
    "origin":"JU",
    "dest":"NE",
    "weight":181
  },
  {
    "year":"2016",
    "origin":"JU",
    "dest":"GE",
    "weight":42
  },
  {
    "year":"2016",
    "origin":"JU",
    "dest":"JU",
    "weight":3112
  }
]