id,name,lat,lon
0,Wenge Wang,,
1,Qing Su,,
2,Xinyi Wang,,
3,Zhijie Zhang,,
4,Hongchao Qi,,
5,Shuang Xiao,,
6,Runye Shi,,
7,Michael P Ward,,
8,Yue Chen,,
9,Wei Tu,,
10,Amna Tariq,,
11,Eunha Shim,,
12,Wongyeong Choi,,
13,Yiseul Lee,,
14,Gerardo Chowell,,
15,Kamalich Muniz-Rodriguez,,
16,Isaac Chun-Hai Fung,,
17,Shayesteh R Ferdosi,,
18,Sylvia K Ofori,,
19,Kimberlyn Roosa,,
20,Ruiyan Luo,,
21,Alexander Kirpich,,
22,Richard Rothenberg,,
23,James M Hyman,,
24,Ping Yan,,
25,Kenji Mizumoto,,
26,Katsushi Kagaya,,
27,Alexander Zarebski,,
28,Behzad Vahedi,,
29,Abolfazl Mollalo,,
30,Kiara M Rivera,,
31,Peipei Song,,
32,Kenji Karako,,
33,Yu Chen,,
34,Wei Tang,,
35,Eli P Fenichel,,
36,Jude Bayham,,
37,Pierre Magal,,
38,Zhihua Liu,,
39,Ousmane Seydi,,
40,Glenn Webb,,
41,Robert Dyrdak,,
42,Richard A Neher,,
43,Valentin Druelle,,
44,Emma B Hodcroft,,
45,Jan Albert,,
46,Maria Litvinova,,
47,Juanjuan Zhang,,
48,Wei Wang,,
49,Yan Wang,,
50,Xiaowei Deng,,
51,Xinghui Chen,,
52,Mei Li,,
53,Wen Zheng,,
54,Lan Yi,,
55,Xinhua Chen,,
56,Qianhui Wu,,
57,Yuxia Liang,,
58,Xiling Wang,,
59,Juan Yang,,
60,Kaiyuan Sun,,
61,Ira M Longini,,
62,M Elizabeth Halloran,,
63,Peng Wu,,
64,Benjamin J Cowling,,
65,Stefano Merler,,
66,Cecile Viboud,,
67,Alessandro Vespignani,,
68,Marco Ajelli,,
69,Hongjie Yu,,
70,Matteo Chinazzi,,
71,Jessica T Davis,,
72,Corrado Gioannini,,
73,Ana Pastore Y Piontti,,
74,Kunpeng Mu,,
75,Luca Rossi,,
76,Cécile Viboud,,
77,Xinyue Xiong,,
78,Qi Ying,,
79,Xinmiao Fu,,
80,Tieyong Zeng,,
81,Tao Long,,
82,Luiz F Pires,,
83,Fábio A M Cássaro,,
84,Gabriel M Leung,,
85,Tim K Tsang,,
86,Yun Lin,,
87,Eric H Y Lau,,
88,Giorgio Guzzetta,,
89,Piero Poletti,,
90,Filippo Trentini,,
91,Valentina Marziano,,
92,Danilo Cereda,,
93,Marcello Tirani,,
94,Giulio Diurno,,
95,Annalisa Bodina,,
96,Antonio Barone,,
97,Lucia Crottogini,,
98,Maria Gramegna,,
99,Alessia Melegaro,,
100,Pablo M De Salazar,,
101,Rene Niehus,,
102,Aimee R Taylor,,
103,Marc Lipsitch,,
104,Stephen M Kissler,,
105,Christine Tedijanto,,
106,Edward Goldstein,,
107,Yonatan H Grad,,
108,Pablo Martinez De Salazar,,
109,René Niehus,,
110,Aimee Taylor,,
111,Caroline O'Flaherty Buckee,,
112,Soyoung Kim,,
113,Yu Bin Seo,,
114,Eunok Jung,,
115,Jiaxin Chen,,
116,Can Hou,,
117,Yaqing Zhou,,
118,Lei Hua,,
119,Jinxia Yuan,,
120,Shu He,,
121,Yi Guo,,
122,Sheng Zhang,,
123,Qiaowei Jia,,
124,Chenhui Zhao,,
125,Jing Zhang,,
126,Guangxu Xu,,
127,Enzhi Jia,,
128,MengYuan Diao,,
129,Wenbo Yu,,
130,Lei Pei,,
131,Zhaofen Lin,,
132,Dechang Chen,,
133,Lin Yang,,
134,Shu Yang,,
135,Daihai He,,
136,Qianying Lin,,
137,Shi Zhao,,
138,Daozhou Gao,,
139,Yijun Lou,,
140,Salihu S Musa,,
141,Maggie H Wang,,
142,Yongli Cai,,
143,Weiming Wang,,
144,Peihua Cao,,
145,Peipei Du,,
146,Ziting Wu,,
147,Zian Zhuang,,
148,Xuan Yu,,
149,Qi Zhou,,
150,Xixi Feng,,
151,Xiaohui Wang,,
152,Weiguo Li,,
153,Enmei Liu,,
154,Ju Chen,,
155,Yaolong Chen,,
156,Yae Jean Kim,,
157,Kyong Ran Peck,,
158,Jinjun Ran,,
159,Guangpu Yang,,
160,Huanchang Yan,,
161,Peng Shi,,
162,Chenkai Zhao,,
163,Xiaoyang Li,,
164,Wei Liu,,
165,Miao He,,
166,Shixing Tang,,
167,Shuhua Xi,,
168,Yinqiao Dong,,
169,Lucy C Okell,,
170,Robert Verity,,
171,Ilaria Dorigatti,,
172,Peter Winskill,,
173,Charles Whittaker,,
174,Natsuko Imai,,
175,Gina Cuomo-Dannenburg,,
176,Hayley Thompson,,
177,Patrick G T Walker,,
178,Han Fu,,
179,Amy Dighe,,
180,Jamie T Griffin,,
181,Marc Baguelin,,
182,Sangeeta Bhatia,,
183,Adhiratha Boonyasiri,,
184,Anne Cori,,
185,Zulma Cucunubá,,
186,Rich FitzJohn,,
187,Katy Gaythorpe,,
188,Will Green,,
189,Arran Hamlet,,
190,Wes Hinsley,,
191,Daniel Laydon,,
192,Gemma Nedjati-Gilani,,
193,Steven Riley,,
194,Sabine van Elsland,,
195,Erik Volz,,
196,Haowei Wang,,
197,Yuanrong Wang,,
198,Xiaoyue Xi,,
199,Christl A Donnelly,,
200,Azra C Ghani,,
201,Neil M Ferguson,,
202,Zuqin Zhang,,
203,Yuanyuan Gao,,
204,Wei Yao,,
205,Cheng Long,,
206,Chisato Miyakoshi,,
207,Kentaro Iwata,,
208,Soleiman Kheiril,,
209,Ali Ahmadi,,
210,Abdollah Mohammadian-Hafshejani,,
211,Hadi Raeisi,,
212,Masoumeh Mosavi,,
213,Hamid Sharifi,,
214,Miao Liu,,
215,Rui Huang,,
216,Yongmei Ding,,
217,Zahedi H,,
218,Ayyoubzadeh SM,,
219,Ahmadi M,,
220,R Niakan Kalhori S.,,
221,Sanyi Tang,,
222,Biao Tang,,
223,Nicola Luigi Bragazzi,,
224,Qian Li,,
225,Yanni Xiao,,
226,Jianhong Wu,,
227,Xia Wang,,
228,Xiaodan Sun,,
229,Juhua Liang,,
230,Fan Xia,,
231,John Edmunds,,
232,Charlie Diamond,,
233,Sebastian Funk,,
234,Centre for Mathematical Modelling of Infectious Diseases COVID-19 working group,,
235,Yang Liu,,
236,Timothy W Russell,,
237,Adam J Kucharski,,
238,Rosalind M Eggo,,
239,Joel Hellewell,,
240,Sam Abbott,,
241,Centre for the Mathematical Modelling of Infectious Diseases COVID-19 Working Group,,
242,Amy Gimma,,
243,Nikos I Bosse,,
244,Christopher I Jarvis,,
245,James D Munday,,
246,W John Edmunds,,
247,Liu Yang,,
248,Xin Miao Rong,,
249,Hui di Chu,,
250,Meng Fan,,
251,Shixia Wang,,
252,Yuanji Tang,,
253,Ki M.,,
254,Choi SC,,
255,Bin Yu,,
256,Xinguang Chen,,
257,Milad Jahangiri,,
258,Mehdi Jahangiri,,
259,Mohammadamir Najafgholipour,,
260,Jin Wang,,
261,Cha Yu Yang,,
262,Ai Li Wang,,
263,Wei Ke Zhou,,
264,Yan Ni Xiao,,
265,San Yi Tang,,
266,Yiting Nie,,
267,Yaqing Fang,,
268,Marshare Penny,,
269,Zezhou Wang,,
270,Huwen Wang,,
271,Ruijie Chang,,
272,Chen Xu,,
273,Xiaoyue Yu,,
274,Shuxian Zhang,,
275,Lhakpa Tsamlag,,
276,Jinyan Huang,,
277,Ying Wang,,
278,Gang Xu,,
279,Tian Shen,,
280,Xinxin Zhang,,
281,Yong Cai,,
282,Yuelin Yu,,
283,Rusi Long,,
284,Ning-Ning Liu,,
285,Qiao Chu,,
286,Suping Wang,,
287,Xiaobei Deng,,
288,Hui Wang,,
289,Meili Shang,,
290,Lucia Russo,,
291,Cleo Anastassopoulou,,
292,Athanasios Tsakris,,
293,Constantinos Siettos,,
294,Gourav Singh Raghuwanshi,,
295,Sonal Gupta,,
296,Arnab Chanda,,
297,Y N Xiao,,
298,S Y Tang,,
299,Z H Peng,,
300,H B Shen,,
301,X Y You,,
302,Y Wang,,
303,Y J Wang,,
304,L P Peng,,
305,Z C Du,,
306,S Gilmour,,
307,D Yoneoka,,
308,J Gu,,
309,C Hao,,
310,Y T Hao,,
311,J H Li,,
312,Y Y Wei,,
313,Z Z Lu,,
314,Z J Zhang,,
315,Y Zhao,,
316,S P Shen,,
317,B Wang,,
318,F Chen,,
319,Rodrigo Gutiérrez-Aguilar,,
320,Fernando Córdova-Lepe,,
321,Juan Pablo Gutiérrez-Jara,,
322,Kiesha Prem,,
323,Nicholas Davies,,
324,Mark Jit,,
325,Petra Klepac,,
326,Katelyn Gostic,,
327,Ana Cr Gomez,,
328,Riley O Mummah,,
329,James O Lloyd-Smith,,
330,Thibaut Jombart,,
331,Emily S Nightingale,,
332,Akira Endo,,
333,LSHTM Centre for Mathematical Modelling of Infectious Diseases COVID-19 Working Group,,
334,L L Huang,,
335,P Yu,,
336,Zhao H,,
337,Song QQ,,
338,Fang LQ,,
339,Liu W,,
340,Zheng C,,
341,Zhang Y.,,
342,Jia Rui,,
343,Tian-Mu Chen,,
344,Qiu-Peng Wang,,
345,Ze-Yu Zhao,,
346,Jing-An Cui,,
347,Ling Yin,,
348,Hua Chen,,
349,Shilei Zhao,,
350,Qianqian Cui,,
351,Zengyun Hu,,
352,Junmei Han,,
353,Wei E I Sha,,
354,Zhidong Teng,,
355,Y Lee,,
356,K Roosa,,
357,R Luo,,
358,A Kirpich,,
359,R Rothenberg,,
360,J M Hyman,,
361,P Yan,,
362,G Chowell,,
363,H Sjödin,,
364,J Rocklöv,,
365,A Wilder-Smith,,
366,Alex R Cook,,
367,Joel R Koo,,
368,Minah Park,,
369,Yinxiaohe Sun,,
370,Haoyang Sun,,
371,Jue Tao Lim,,
372,Clarence Tam,,
373,Borame L Dickens,,
374,Tamás Tekeli,,
375,Péter Boldog,,
376,Zsolt Vizi,,
377,Attila Dénes,,
378,Ferenc A Bartha,,
379,Gergely Röst,,
380,Quanhui Liu,,
381,Tao Zhou,,
382,Zimo Yang,,
383,Jingyi Liao,,
384,Kexin Yang,,
385,Wei Bai,,
386,Xin Lu,,
387,Wei Zhang,,
388,Christian L Althaus,,
389,Julien Riou,,
390,Kathy Leung,,
391,Joseph T Wu,,
392,Di Liu,,
393,Tarun Bhatnagar,,
394,Sandip Mandal,,
395,Nimalan Arinaminpathy,,
396,Anup Agarwal,,
397,Amartya Chowdhury,,
398,Manoj Murhekar,,
399,Raman R Gangakhedkar,,
400,Swarup Sarkar,,
401,Fangli Qiao,,
402,Norden E Huang,,
403,Yen Ting Lin,,
404,Steven Sanche,,
405,Chonggang Xu,,
406,Ethan Romero-Severson,,
407,Nick Hengartner,,
408,Ruian Ke,,
409,Rao ASRS.,,
410,Krantz SG,,
411,David N Fisman,,
412,Ashleigh R Tuite,,
413,Amy L Greer,,
414,Chad R Wells,,
415,Affan Shoukat,,
416,Joanne M Langley,,
417,Burton H Singer,,
418,Alison P Galvani,,
419,Seyed M Moghadas,,
420,Qiaoyi Pan,,
421,Ganyu Huang,,
422,Shuangying Zhao,,
423,Yucen Gao,,
424,Xiaofeng Gao,,
425,Sijia Li,,
426,Kun Song,,
427,Boran Yang,,
428,Zhao J,,
429,Liu C,,
430,Liu G,,
431,Gao Y,,
432,Gao X.,,
433,Zhao S,,
434,Zhuang Z,,
435,Lin Q,,
436,Cao P,,
437,Lou Y,,
438,Yang L,,
439,Yang S,,
440,He D,,
441,Xiao L.,,
442,Dan Weng,,
443,Tingzhe Sun,,
444,Nv-Wei Cao,,
445,Bao-Zhu Li,,
446,Hao-Yue Zhou,,
447,Xiu-Jie Chu,,
448,Dong-Qing Ye,,
449,Enrico Bertuzzo,,
450,Marino Gatto,,
451,Lorenzo Mari,,
452,Stefano Miccoli,,
453,Luca Carraro,,
454,Renato Casagrandi,,
455,Andrea Rinaldo,,
456,Sina Shaffiee Haghshenas,,
457,Behrouz Pirouz,,
458,Behzad Pirouz,,
459,Sami Shaffiee Haghshenas,,
460,Patrizia Piro,,
461,Franco Blanchini,,
462,Giulia Giordano,,
463,Raffaele Bruno,,
464,Patrizio Colaneri,,
465,Alessandro Di Filippo,,
466,Angela Di Matteo,,
467,Marta Colaneri,,
468,Kumar S,,
469,Tiwari S,,
470,Guleria K.,,
471,Renjun Ma,,
472,Xiaolei Zhang,,
473,Lin Wang,,
474,René Glawion,,
475,Jean Roch Donsimoni,,
476,Bodo Plachter,,
477,Klaus Wälde,,
478,Aris Christodoulou,,
479,Panayotis Christidis,,
480,Yadong Zhao,,
481,Yueling Ma,,
482,Jiangtao Liu,,
483,Xiaotao He,,
484,Bo Wang,,
485,Shihua Fu,,
486,Jun Yan,,
487,Jingping Niu,,
488,Ji Zhou,,
489,Bin Luo,,
490,Yongjian Zhu,,
491,Jingui Xie,,
492,Ramesh K Vishwakarma,,
493,Vivek Verma,,
494,Anita Verma,,
495,Dilip C Nath,,
496,Hafiz T A Khan,,
497,Peihua Feng,,
498,Shengli Cao,,
499,Pengpeng Shi,,
500,M Peyre,,
501,S Mangiarotti,,
502,Y Zhang,,
503,M Huc,,
504,F Roger,,
505,Y Kerr,,
506,Sheikh Taslim Ali,,
507,Sukhyun Ryu,,
508,Jun-Sik Lim,,
509,Byung Chul Chun,,
510,Kamalanand Krishnamurthy,,
511,Bakiya Ambikapathy,,
512,Eduardo L Brugnago,,
513,Cesar Manchein,,
514,Rafael M da Silva,,
515,Carlos F O Mendes,,
516,Marcus W Beims,,
517,Prisco Piscitelli,,
518,Cosimo Distante,,
519,Alessandro Miani,,
520,Yi Liu,,
521,Yi Han,,
522,Liyuan Zhou,,
523,Enguo Chen,,
524,Pengyuan Liu,,
525,Xiaoqing Pan,,
526,Yan Lu,,
527,Dirk Brockmann,,
528,Benjamin F Maier,,
529,Sen Pei,,
530,Ruiyun Li,,
531,Bin Chen,,
532,Yimeng Song,,
533,Tao Zhang,,
534,Wan Yang,,
535,Jeffrey Shaman,,