id,name
0,10.38.192.99
1,10.78.130.17
2,10.35.96.108
3,10.35.209.34
4,10.33.152.159
5,10.33.246.32
6,10.33.153.248
7,10.33.209.224
8,10.38.115.63
9,10.38.207.26
10,10.35.97.56
11,10.35.209.38
12,10.78.2.218
13,10.78.254.212
14,10.78.2.25
15,10.78.254.184
16,10.35.192.43
17,10.35.208.108
18,10.33.155.62
19,10.33.253.108
20,10.33.192.166
21,10.77.34.17
22,10.38.192.221
23,10.38.208.248
24,10.35.97.185
25,10.35.209.23
26,10.33.65.86
27,10.33.209.51
28,10.33.96.199
29,10.33.209.43
30,10.33.140.238
31,10.33.253.67
32,10.48.18.240
33,10.38.207.126
34,10.48.17.146
35,10.38.207.124
36,10.48.0.250
37,10.78.248.24
38,10.38.162.198
39,10.38.205.122
40,10.38.114.197
41,10.38.209.216
42,10.78.137.110
43,10.78.131.70
44,10.78.2.88
45,10.78.254.210
46,10.33.192.211
47,10.33.208.241
48,10.35.192.66
49,10.38.192.57
50,10.38.208.246
51,10.35.96.184
52,10.77.24.246
53,10.77.241.140
54,10.79.226.194
55,11.79.138.106
56,10.79.162.32
57,11.79.136.73
58,10.84.20.225
59,11.79.140.86
60,10.38.192.104
61,10.78.3.138
62,10.78.248.205
63,10.33.192.123
64,10.33.155.168
65,10.35.96.148
66,10.35.208.80
67,10.35.192.101
68,10.79.51.201
69,11.79.132.75
70,10.79.192.9
71,11.79.134.94
72,10.33.87.58
73,10.33.253.231
74,10.77.15.124
75,10.33.246.152
76,10.35.112.57
77,10.35.208.44
78,10.78.1.214
79,10.78.248.203
80,10.78.102.146
81,10.78.242.81
82,10.78.109.68
83,10.78.118.34
84,10.78.137.25
85,10.78.131.56
86,10.76.96.14
87,11.76.130.28
88,10.33.84.120
89,10.33.253.227
90,10.35.64.167
91,10.35.208.98
92,10.38.192.93
93,10.33.192.72
94,10.78.2.126
95,10.33.67.123
96,10.77.242.56
97,10.35.96.35
98,10.38.192.161
99,10.78.138.44
100,10.33.192.205
101,10.76.116.26
102,11.76.131.85
103,10.33.86.194
104,10.78.100.183
105,10.33.85.18
106,10.33.253.225
107,10.78.101.62
108,10.78.101.253
109,10.78.242.34
110,10.50.50.158
111,11.50.130.64
112,10.78.103.100
113,10.78.242.85
114,10.33.87.4
115,10.33.253.239
116,10.35.64.148
117,10.35.208.94
118,10.38.192.181
119,10.33.192.195
120,10.35.192.85
121,10.50.48.71
122,11.50.130.25
123,10.78.1.80
124,10.78.137.24
125,10.78.131.78
126,10.33.86.23
127,10.77.242.104
128,10.35.115.118
129,10.35.208.10
130,10.33.192.208
131,10.50.48.31
132,11.50.130.23
133,10.33.84.221
134,10.33.86.130
135,10.33.253.223
136,10.33.86.129
137,10.78.1.159
138,10.78.1.59
139,10.33.64.243
140,10.33.208.170
141,10.33.208.172
142,10.33.64.33
143,10.33.64.82
144,10.33.64.40
145,10.33.208.165
146,10.33.208.167
147,10.33.65.44
148,10.35.113.67
149,10.35.208.6
150,10.33.192.126
151,10.78.101.246
152,10.78.102.31
153,10.78.103.147
154,10.78.242.83
155,10.77.14.107
156,10.77.241.105
157,10.77.15.202
158,10.77.241.99
159,10.35.113.145
160,10.35.115.16
161,10.33.128.70
162,10.33.207.6
163,10.33.128.89
164,10.33.128.223
165,10.33.128.178
166,10.79.99.64
167,11.79.129.23
168,10.79.97.0
169,11.79.129.25
170,10.79.97.70
171,10.79.97.77
172,10.33.112.100
173,10.33.209.76
174,10.33.112.97
175,10.33.112.204
176,10.33.112.130
177,10.79.62.194
178,11.79.132.23
179,10.79.62.131
180,11.79.132.25
181,10.79.62.195
182,10.79.62.132
183,10.79.206.197
184,11.79.134.23
185,10.79.206.194
186,10.79.206.196
187,10.79.206.130
188,11.79.134.25
189,10.79.206.133
190,10.79.206.131
191,10.79.206.132
192,10.79.206.195
193,10.79.238.209
194,11.79.138.23
195,10.79.238.145
196,11.79.138.25
197,10.79.238.210
198,10.79.238.144
199,10.33.154.33
200,10.33.209.197
201,10.33.154.207
202,10.33.154.39
203,10.33.154.61
204,10.77.12.29
205,10.33.246.130
206,10.77.15.149
207,10.33.246.128
208,10.77.14.251
209,10.77.12.60
210,10.77.27.118
211,10.77.241.133
212,10.77.26.95
213,10.77.25.13
214,10.77.241.135
215,10.77.27.195
216,10.79.174.209
217,11.79.136.23
218,10.79.174.144
219,11.79.136.25
220,10.79.174.210
221,10.79.174.145
222,10.33.64.164
223,10.33.208.157
224,10.33.64.24
225,10.33.64.168
226,10.33.64.30
227,10.33.96.192
228,10.33.208.180
229,10.33.96.218
230,10.33.96.99
231,10.33.96.253
232,10.33.87.61
233,10.33.246.249
234,10.33.85.183
235,10.33.86.110
236,10.33.246.247
237,10.33.84.58
238,10.33.142.169
239,10.33.209.188
240,10.33.140.241
241,10.33.142.38
242,10.33.141.71
243,10.84.30.194
244,11.79.140.23
245,10.84.30.195
246,10.84.30.130
247,11.79.140.25
248,10.84.30.131
249,10.38.144.141
250,10.38.209.116
251,10.38.144.96
252,10.38.147.38
253,10.78.248.245
254,10.38.147.11
255,10.76.128.54
256,11.76.133.23
257,10.76.131.141
258,10.76.131.207
259,11.76.133.25
260,10.76.128.70
261,10.38.161.242
262,10.78.248.249
263,10.38.160.109
264,10.38.207.18
265,10.38.162.165
266,10.38.160.237
267,10.48.33.10
268,10.38.206.113
269,10.48.34.74
270,10.38.206.253
271,10.48.34.66
272,10.48.32.161
273,10.38.113.58
274,10.38.208.170
275,10.38.112.147
276,10.38.112.249
277,10.38.112.171
278,10.78.73.213
279,10.78.248.53
280,10.78.74.34
281,10.78.248.51
282,10.78.75.248
283,10.78.74.36
284,10.76.102.194
285,11.76.130.20
286,10.76.102.131
287,11.76.130.22
288,10.76.102.130
289,10.76.102.195
290,10.48.16.145
291,10.78.248.247
292,10.48.17.43
293,10.38.207.12
294,10.48.17.197
295,10.48.16.102
296,10.76.118.130
297,11.76.131.27
298,10.76.118.131
299,10.76.118.194
300,11.76.131.24
301,10.76.118.195
302,10.78.139.156
303,10.78.131.24
304,10.78.138.250
305,10.78.139.38
306,10.78.131.22
307,10.78.136.233
308,10.78.110.158
309,10.78.118.20
310,10.78.111.140
311,10.78.118.22
312,10.78.111.230
313,10.78.111.42
314,10.78.1.220
315,10.38.205.55
316,10.78.2.238
317,10.78.0.181
318,10.78.0.109
319,10.48.0.204
320,10.38.205.25
321,10.48.2.206
322,10.48.1.102
323,10.48.2.17
324,10.78.103.134
325,10.78.242.20
326,10.78.103.58
327,10.78.242.18
328,10.78.102.115
329,10.78.103.72
330,10.35.192.145
331,10.35.208.114
332,10.35.192.20
333,10.35.192.240
334,10.35.209.172
335,10.35.192.163
336,10.50.54.130
337,11.50.130.21
338,10.50.54.194
339,11.50.130.19
340,10.50.54.195
341,10.50.54.131
342,10.35.65.30
343,10.35.208.88
344,10.35.64.121
345,10.35.65.29
346,10.35.64.172
347,10.35.96.62
348,10.35.208.66
349,10.35.97.9
350,10.35.96.114
351,10.35.96.59
352,10.35.113.2
353,10.35.208.38
354,10.35.112.133
355,10.35.112.80
356,10.35.113.73
357,10.33.192.230
358,10.77.34.21
359,10.33.192.212
360,10.33.192.18
361,10.33.208.233
362,10.33.192.193
363,10.38.192.164
364,10.38.208.250
365,10.38.192.178
366,10.78.130.21
367,10.38.192.120
368,10.38.192.129
369,10.38.208.242
370,10.35.208.20
371,10.33.209.199
372,10.38.208.58
373,10.38.205.59
374,10.35.208.106
375,10.33.208.231
376,10.33.208.52
377,10.33.208.54
378,10.33.209.191
379,10.38.207.14
380,10.38.205.21
381,10.38.207.16
382,10.78.131.16
383,10.77.241.129
384,11.79.138.16
385,11.76.128.19
386,11.76.128.101
387,11.76.131.16
388,11.76.130.16
389,11.76.133.16
390,11.76.128.62
391,11.76.128.63
392,11.76.128.102
393,11.76.128.17
394,11.76.128.18
395,11.76.128.23
396,11.76.128.16
397,11.50.128.22
398,11.50.128.33
399,11.50.128.42
400,11.50.128.32
401,11.50.128.34
402,11.50.128.35
403,11.50.128.53
404,11.50.128.19
405,10.38.16.54
406,10.33.207.193
407,10.38.16.204
408,10.33.207.38
409,10.38.16.176
410,10.38.16.134
411,10.38.16.185
412,10.33.208.122
413,10.38.16.122
414,10.38.16.224
415,10.38.16.131
416,10.38.16.70
417,10.38.16.238
418,10.77.1.12
419,10.33.207.199
420,10.38.16.119
421,10.33.207.189
422,10.38.16.68
423,10.38.16.26
424,10.77.1.21
425,10.33.209.31
426,10.38.16.175
427,10.77.1.16
428,10.38.16.226
429,10.33.207.56
430,10.77.1.9
431,10.33.209.250
432,10.38.16.179
433,10.33.207.191
434,10.77.1.22
435,10.38.16.114
436,10.77.1.17
437,10.38.16.240
438,10.33.207.187
439,10.77.1.4
440,10.38.16.63
441,10.38.16.16
442,10.77.1.13
443,10.38.16.144
444,10.38.16.200
445,10.38.16.218
446,10.38.16.223
447,10.38.16.9
448,10.38.16.34
449,10.38.16.11
450,10.77.1.23
451,10.77.1.18
452,10.77.1.5
453,10.38.16.115
454,10.38.16.43
455,10.38.16.219
456,10.33.208.125
457,10.38.16.196
458,10.38.16.47
459,10.77.1.14
460,10.38.16.56
461,10.38.16.210
462,10.77.1.19
463,10.77.1.6
464,10.38.16.112
465,10.77.1.10
466,10.38.16.121
467,10.38.16.18
468,10.77.1.11
469,10.38.16.174
470,10.38.16.104
471,10.77.1.20
472,10.77.1.15
473,10.77.1.8
474,10.38.16.160
475,10.77.1.7
476,10.38.16.41
477,10.38.16.17
478,10.38.16.31
479,10.38.16.110
480,10.33.208.127
481,10.77.1.26
482,10.77.1.27
483,10.77.1.24
484,10.38.16.46
485,10.38.16.60
486,10.38.16.234
487,10.38.16.164
488,10.77.1.25
489,10.84.120.6
490,11.79.131.30
491,10.84.120.39
492,11.79.131.32
493,10.84.120.36
494,10.84.120.37
495,10.84.120.9
496,10.84.120.7
497,10.84.120.8
498,10.84.120.38
499,10.84.121.69
500,11.79.131.97
501,10.84.120.2
502,10.84.120.40
503,10.84.120.35
504,10.84.121.102
505,11.79.131.99
506,10.84.121.70
507,10.84.120.5
508,10.84.121.73
509,10.84.121.68
510,10.84.121.103
511,10.84.120.41
512,10.84.120.4
513,10.84.121.72
514,10.84.121.67
515,10.84.121.99
516,10.84.121.100
517,10.84.121.104
518,10.84.121.98
519,10.84.120.3
520,10.84.120.34
521,10.84.121.101
522,10.84.121.66
523,10.84.121.71
524,10.84.121.105
525,10.84.120.133
526,11.79.131.79
527,10.84.120.68
528,11.79.131.34
529,10.84.120.166
530,11.79.131.81
531,10.84.120.100
532,11.79.131.36
533,10.84.120.162
534,10.84.120.132
535,10.84.120.69
536,10.84.120.167
537,10.38.16.111
538,10.33.209.80
539,10.84.120.163
540,10.84.120.131
541,10.84.120.66
542,10.84.120.135
543,10.84.120.98
544,10.38.16.205
545,10.84.120.164
546,10.84.120.130
547,10.84.120.67
548,10.84.120.134
549,10.84.120.165
550,10.38.16.183
551,10.84.120.101
552,10.84.120.99
553,10.38.16.36
554,10.38.16.52
555,10.38.208.244
556,10.38.16.132
557,10.78.254.59
558,10.38.16.146
559,10.38.205.65
560,10.38.16.73
561,10.38.16.77
562,10.38.16.133
563,10.38.16.124
564,10.38.16.35
565,10.38.16.39
566,10.38.16.102
567,10.38.118.26
568,10.78.248.14
569,10.38.16.220
570,10.78.254.57
571,10.38.118.7
572,10.78.254.49
573,10.38.16.182
574,10.78.254.55
575,10.38.16.62
576,10.38.16.177
577,10.38.118.21
578,10.78.254.65
579,10.38.16.15
580,10.38.118.16
581,10.38.16.154
582,10.38.208.236
583,10.38.16.90
584,10.38.16.103
585,10.38.16.170
586,10.38.118.6
587,10.38.118.11
588,10.38.16.137
589,10.38.16.109
590,10.38.16.78
591,10.78.254.53
592,10.38.118.25
593,10.38.16.207
594,10.38.16.178
595,10.38.118.20
596,10.38.16.8
597,10.38.16.225
598,10.38.16.42
599,10.38.16.202
600,10.38.16.189
601,10.38.16.171
602,10.38.118.5
603,10.38.118.10
604,10.38.16.236
605,10.38.118.24
606,10.38.118.9
607,10.38.16.82
608,10.38.206.109
609,10.38.16.156
610,10.38.118.4
611,10.38.118.27
612,10.38.16.237
613,10.38.16.25
614,10.38.118.18
615,10.38.118.8
616,10.38.118.23
617,10.38.16.99
618,10.38.16.40
619,10.38.118.22
620,10.38.118.17
621,10.38.16.44
622,10.38.16.172
623,10.38.118.19
624,10.38.16.191
625,10.38.16.129
626,10.38.16.199
627,10.38.16.33
628,10.38.208.238
629,10.38.16.38
630,10.38.118.12
631,10.38.118.15
632,10.38.16.96
633,10.38.118.14
634,10.38.16.116
635,10.38.16.58
636,10.38.16.21
637,10.38.118.13
638,10.76.149.40
639,11.76.128.92
640,10.76.149.7
641,11.76.128.90
642,10.76.149.41
643,10.76.149.8
644,10.76.149.38
645,10.76.149.9
646,10.76.149.39
647,10.76.149.6
648,10.76.149.3
649,10.76.150.100
650,11.76.128.125
651,10.76.150.98
652,10.76.149.35
653,10.76.150.105
654,10.76.150.66
655,11.76.128.123
656,10.76.150.71
657,10.76.149.4
658,10.76.150.69
659,10.76.150.101
660,10.76.149.36
661,10.76.150.102
662,10.76.150.70
663,10.76.150.68
664,10.76.150.73
665,10.76.149.37
666,10.76.149.5
667,10.76.150.103
668,10.76.150.72
669,10.76.149.34
670,10.76.149.2
671,10.76.150.99
672,10.76.150.104
673,10.76.150.67
674,10.38.16.24
675,10.38.206.133
676,10.76.149.131
677,11.76.128.79
678,10.76.149.163
679,11.76.128.81
680,10.76.149.135
681,10.76.149.164
682,10.76.149.68
683,11.76.128.94
684,10.76.149.132
685,10.76.149.100
686,11.76.128.96
687,10.76.149.165
688,10.76.149.69
689,10.76.149.133
690,10.76.149.98
691,10.38.16.190
692,10.76.149.166
693,10.76.149.66
694,10.38.16.198
695,10.38.16.203
696,10.76.149.101
697,10.76.149.99
698,10.76.149.162
699,10.76.149.134
700,10.76.149.67
701,10.76.149.130
702,10.76.149.167
703,10.50.64.105
704,11.50.131.46
705,10.50.65.2
706,11.50.131.20
707,10.50.64.73
708,11.50.131.44
709,10.50.64.72
710,10.50.64.130
711,11.50.131.48
712,10.50.64.67
713,10.50.65.3
714,10.50.65.35
715,11.50.131.22
716,10.50.64.99
717,10.50.64.102
718,10.50.64.103
719,10.50.64.66
720,10.50.64.131
721,10.50.65.34
722,10.50.64.98
723,10.50.64.104
