origin,dest,km,days,expense,type,weight
50001,50056,54.539,1.818,1.909,road,1909
50001,50100,50.135,1.671,1.755,road,1755
50001,50293,65.681,2.189,2.299,road,2299
50001,50473,225.368,7.512,7.888,road,7888
50002,50275,92.174,3.072,3.226,road,3226
50003,50052,109.155,3.639,3.82,road,3820
50003,50182,81.192,2.706,2.842,road,2842
50004,50034,45.801,1.527,1.603,road,1603
50004,50747,26.316,0.877,0.921,road,921
50005,50108,143.569,4.786,5.025,road,5025
50005,50248,196.645,6.555,6.883,road,6883
50005,50332,128.115,4.271,4.484,road,4484
50006,50019,119.257,0.739,0.074,coastal,74
50006,50300,49.855,1.662,1.745,road,1745
50006,50363,165.125,0.784,0.078,coastal,78
50007,50069,23.523,0.784,0.823,road,823
50007,50410,76.002,2.533,2.66,road,2660
50008,50302,118.707,3.957,4.155,road,4155
50009,50069,30.114,1.004,1.054,road,1054
50009,50081,62.476,2.083,2.187,road,2187
50009,50193,50.442,1.681,1.765,road,1765
50010,50081,24.658,0.822,0.863,road,863
50010,50132,70.188,2.34,2.457,road,2457
50011,50179,142.193,0.906,0.091,coastal,91
50011,50199,188.005,0.888,0.089,coastal,89
50011,50283,404.857,3.363,0.336,coastal,336
50011,50745,98.403,1.968,0.669,fastup,669
50012,50063,237.332,7.911,8.307,road,8307
50012,50077,31.657,2.11,0.215,upstream,215
50012,50125,130.962,1.091,0.445,fastdown,445
50013,50211,54.26,1.809,1.899,road,1899
50013,50763,96.957,3.232,3.393,road,3393
50014,50094,65.013,0.445,0.045,coastal,45
50014,50405,55.441,0.445,0.044,coastal,44
50015,50132,38.851,1.295,1.36,road,1360
50015,50393,63.804,2.127,2.233,road,2233
50016,50354,28.995,0.967,1.015,road,1015
50016,50368,371.982,12.399,13.019,road,13019
50017,50196,62.009,1.24,0.422,fastup,422
50017,50291,279.307,2.565,0.256,coastal,256
50017,50297,322.113,1.654,0.165,coastal,165
50017,50440,637.908,4.617,0.462,overseas,462
50017,50452,494.132,2.903,0.29,overseas,290
50017,50516,1957.358,15.293,1.529,overseas,1529
50017,50613,733.082,5.376,0.538,overseas,538
50019,50006,124.925,0.921,0.092,coastal,92
50019,50204,23.158,0.772,0.811,road,811
50019,50569,110.177,0.742,0.074,slowcoast,74
50019,50586,32.828,0.235,0.024,coastal,24
50019,50590,67.904,0.526,0.053,coastal,53
50020,50209,42.806,1.427,1.498,road,1498
50020,50504,44.195,0.347,0.035,coastal,35
50020,50509,84.808,0.577,0.058,coastal,58
50020,50746,23.899,0.797,0.836,road,836
50021,50260,108.38,3.613,3.793,road,3793
50021,50390,35.784,1.193,1.252,road,1252
50022,50066,422.716,2.69,0.269,coastal,269
50022,50110,97.756,0.698,0.07,coastal,70
50022,50171,68.254,0.599,0.06,coastal,60
50022,50201,173.42,1.149,0.115,coastal,115
50022,50311,160.575,1.179,0.118,coastal,118
50022,50323,158.667,1.298,0.13,coastal,130
50023,50039,219.922,7.331,7.697,road,7697
50023,50184,121.273,4.042,4.245,road,4245
50023,50219,134.608,4.487,4.711,road,4711
50023,50271,300.094,10.003,10.503,road,10503
50023,50376,160.153,5.338,5.605,road,5605
50024,50026,158.608,10.574,1.079,upstream,1079
50024,50225,86.245,2.875,3.019,road,3019
50024,50454,48.202,0.402,0.164,fastdown,164
50024,50644,46.718,1.557,1.635,road,1635
50024,50767,17.82,0.594,0.624,road,624
50025,50202,144.103,4.803,5.044,road,5044
50025,50437,248.59,8.286,8.701,road,8701
50025,50739,75.543,2.518,2.644,road,2644
50026,50024,158.608,2.44,0.539,downstream,539
50026,50170,80.267,1.605,0.546,fastup,546
50026,50766,48.921,1.631,1.712,road,1712
50026,50771,36.41,1.214,1.274,road,1274
50027,50431,104.809,3.494,3.668,road,3668
50027,50739,49.865,1.662,1.745,road,1745
50028,50192,47.703,0.734,0.324,upstream,324
50028,50254,75.948,0.759,0.258,downstream,258
50029,50214,78.763,2.625,2.757,road,2757
50029,50301,79.463,2.649,2.781,road,2781
50029,50725,252.022,8.401,8.821,road,8821
50030,50318,79.321,2.644,2.776,road,2776
50030,50757,9.332,0.311,0.327,road,327
50031,50040,69.869,2.329,2.445,road,2445
50031,50176,110.835,3.695,3.879,road,3879
50031,50250,27.356,0.912,0.957,road,957
50032,50156,87.684,2.923,3.069,road,3069
50032,50186,59.047,1.968,2.067,road,2067
50032,50365,82.115,2.737,2.874,road,2874
50033,50068,68.37,2.279,2.393,road,2393
50033,50088,131.954,4.398,4.618,road,4618
50033,50371,88.828,2.961,3.109,road,3109
50034,50004,45.801,1.527,1.603,road,1603
50034,50166,105.86,3.529,3.705,road,3705
50034,50209,42.968,1.432,1.504,road,1504
50034,50336,432.042,2.757,0.276,coastal,276
50034,50383,41.471,0.268,0.027,coastal,27
50034,50509,43.806,0.352,0.035,coastal,35
50034,50533,818.561,5.173,0.517,overseas,517
50035,50085,111.903,2.238,0.761,fastup,761
50035,50259,296.583,2.472,1.008,fastdown,1008
50035,50748,15.258,0.509,0.534,road,534
50036,50319,323.354,2.727,0.273,coastal,273
50036,50531,60.154,0.341,0.034,coastal,34
50037,50040,75.393,1.16,0.256,downstream,256
50037,50406,106.379,2.128,0.723,fastup,723
50038,50225,123.216,4.107,4.313,road,4313
50038,50719,23.756,0.792,0.831,road,831
50039,50023,219.922,7.331,7.697,road,7697
50039,50404,115.775,3.859,4.052,road,4052
50040,50031,69.869,2.329,2.445,road,2445
50040,50037,75.393,7.539,0.513,upstream,513
50040,50250,103.97,0.517,0.052,coastal,52
50040,50264,181.564,0.988,0.099,coastal,99
50040,50269,29.93,0.998,1.048,road,1048
50040,50407,193.307,6.444,6.766,road,6766
50041,50099,114.483,2.29,0.778,fastup,778
50041,50277,105.776,1.627,0.36,downstream,360
50041,50459,139.874,4.662,4.896,road,4896
50042,50171,61.409,0.447,0.045,coastal,45
50042,50172,62.184,2.073,2.176,road,2176
50042,50323,54.598,0.433,0.043,coastal,43
50043,50122,52.586,1.753,1.84,road,1840
50043,50174,67.739,2.258,2.371,road,2371
50045,50349,35.118,1.171,1.229,road,1229
50045,50753,61.461,2.049,2.151,road,2151
50046,50074,34.21,1.14,1.197,road,1197
50046,50181,28.21,0.176,0.018,coastal,18
50046,50243,49.553,1.652,1.734,road,1734
50046,50452,550.634,4.477,0.448,overseas,448
50046,50658,30.969,0.198,0.02,coastal,20
50047,50110,28.058,0.935,0.982,road,982
50047,50324,95.146,3.172,3.33,road,3330
50048,50082,275.621,9.187,9.647,road,9647
50048,50084,231.751,7.725,8.111,road,8111
50048,50289,59.378,1.979,2.078,road,2078
50048,50470,191.687,6.39,6.709,road,6709
50049,50110,62.478,0.549,0.055,coastal,55
50049,50205,38.091,1.27,1.333,road,1333
50049,50226,102.066,3.402,3.572,road,3572
50049,50336,245.625,1.565,0.157,coastal,157
50049,50358,257.126,1.621,0.162,coastal,162
50050,50162,30.972,0.278,0.028,slowcoast,28
50050,50169,368.001,2.23,0.223,coastal,223
50050,50557,69.101,0.379,0.038,coastal,38
50050,50603,374.068,1.907,0.191,coastal,191
50051,50066,83.284,0.542,0.054,coastal,54
50051,50358,53.105,1.77,1.859,road,1859
50051,50520,32.332,0.258,0.026,coastal,26
50052,50003,109.155,3.639,3.82,road,3820
50052,50298,96.213,3.207,3.367,road,3367
50052,50413,109.691,3.656,3.839,road,3839
50053,50062,94.639,3.155,3.312,road,3312
50053,50083,191.539,1.596,0.651,fastdown,651
50053,50099,27.034,0.416,0.092,downstream,92
50054,50157,55.971,1.866,1.959,road,1959
50054,50337,95.175,3.172,3.331,road,3331
50055,50348,55.19,1.84,1.932,road,1932
50055,50395,165.928,1.383,0.564,fastdown,564
50056,50001,54.539,1.818,1.909,road,1909
50056,50314,126.177,4.206,4.416,road,4416
50056,50370,32.01,1.067,1.12,road,1120
50057,50059,185.733,6.191,6.501,road,6501
50057,50157,121.109,4.037,4.239,road,4239
50057,50242,257.891,3.968,0.877,downstream,877
50058,50727,107.811,3.594,3.773,road,3773
50058,50744,149.43,4.981,5.23,road,5230
50059,50057,185.733,6.191,6.501,road,6501
50059,50091,47.61,1.587,1.666,road,1666
50059,50142,125.776,4.193,4.402,road,4402
50060,50299,196.321,6.544,6.871,road,6871
50060,50368,116.786,3.893,4.088,road,4088
50061,50142,94.326,3.144,3.301,road,3301
50061,50231,179.267,5.976,6.274,road,6274
50061,50774,121.241,4.041,4.243,road,4243
50062,50053,94.639,3.155,3.312,road,3312
50062,50424,51.966,1.732,1.819,road,1819
50063,50012,237.332,7.911,8.307,road,8307
50063,50157,121.054,4.035,4.237,road,4237
50063,50270,79.797,2.66,2.793,road,2793
50064,50233,67.024,2.234,2.346,road,2346
50064,50333,95.329,3.178,3.337,road,3337
50065,50167,175.803,1.149,0.115,coastal,115
50065,50379,97.688,0.698,0.07,coastal,70
50066,50022,423.19,3.602,0.36,coastal,360
50066,50051,83.284,0.685,0.068,coastal,68
50066,50086,133.554,0.855,0.086,coastal,86
50066,50102,71.411,2.38,2.499,road,2499
50067,50092,45.894,1.53,1.606,road,1606
50067,50106,55.602,1.853,1.946,road,1946
50067,50161,39.775,1.326,1.392,road,1392
50068,50033,68.37,2.279,2.393,road,2393
50068,50239,95.979,3.199,3.359,road,3359
50068,50372,65.737,2.191,2.301,road,2301
50069,50007,23.523,0.784,0.823,road,823
50069,50009,30.114,1.004,1.054,road,1054
50069,50113,15.674,0.522,0.549,road,549
50069,50381,76.2,2.54,2.667,road,2667
50070,50130,379.098,12.637,13.268,road,13268
50072,50092,100.738,3.358,3.526,road,3526
50072,50139,73.416,2.447,2.57,road,2570
50072,50771,115.885,3.863,4.056,road,4056
50073,50405,85.522,0.517,0.052,coastal,52
50073,50452,395.694,3.522,0.352,overseas,352
50073,50630,252.063,2.143,0.214,coastal,214
50073,50643,38.614,0.28,0.028,coastal,28
50074,50046,34.21,1.14,1.197,road,1197
50074,50213,43.156,1.439,1.51,road,1510
50075,50093,73.054,2.435,2.557,road,2557
50075,50744,294.636,9.821,10.312,road,10312
50076,50219,51.184,1.706,1.791,road,1791
50076,50430,65.986,2.2,2.309,road,2309
50077,50012,31.657,0.264,0.108,fastdown,108
50077,50468,65.536,1.311,0.446,fastup,446
50078,50172,48.58,1.619,1.7,road,1700
50078,50174,87.732,2.924,3.071,road,3071
50078,50261,37.784,1.259,1.322,road,1322
50078,50754,63.525,0.529,0.216,fastdown,216
50079,50154,132.58,5.303,0.902,upstream,902
50079,50263,123.485,4.116,4.322,road,4322
50079,50282,159.99,3.555,0.544,downstream,544
50079,50375,94.184,3.139,3.296,road,3296
50080,50140,122.77,4.092,4.297,road,4297
50080,50304,86.706,2.89,3.035,road,3035
50080,50760,37.738,1.258,1.321,road,1321
50081,50009,62.476,2.083,2.187,road,2187
50081,50010,24.658,0.822,0.863,road,863
50082,50048,275.621,9.187,9.647,road,9647
50082,50084,216.91,7.23,7.592,road,7592
50082,50128,178.071,5.936,6.232,road,6232
50083,50053,191.539,3.831,1.302,fastup,1302
50083,50100,58.819,1.961,2.059,road,2059
50083,50137,80.862,2.695,2.83,road,2830
50084,50048,231.751,7.725,8.111,road,8111
50084,50082,216.91,7.23,7.592,road,7592
50084,50283,632.14,3.761,0.376,coastal,376
50084,50464,404.766,2.676,0.268,coastal,268
50085,50035,111.903,2.035,0.38,downstream,380
50085,50105,121.594,8.106,0.827,upstream,827
50085,50768,38.857,1.295,1.36,road,1360
50086,50066,133.554,1.147,0.115,coastal,115
50086,50159,169.366,1.082,0.108,coastal,108
50086,50377,64.436,2.148,2.255,road,2255
50086,50530,92.614,0.614,0.061,coastal,61
50086,50533,142.655,0.888,0.089,coastal,89
50087,50107,153.993,5.133,5.39,road,5390
50087,50391,28.774,0.959,1.007,road,1007
50088,50033,131.954,4.398,4.618,road,4618
50088,50121,415.866,2.539,0.254,coastal,254
50088,50252,122.001,4.067,4.27,road,4270
50088,50435,161.263,3.225,1.097,fastup,1097
50088,50464,352.911,2.2,0.22,coastal,220
50089,50201,64.909,2.164,2.272,road,2272
50089,50336,81.06,2.702,2.837,road,2837
50089,50753,56.194,1.873,1.967,road,1967
50090,50207,14.072,0.469,0.493,road,493
50090,50730,101.318,3.377,3.546,road,3546
50091,50059,47.61,1.587,1.666,road,1666
50091,50416,159.412,15.941,1.084,upstream,1084
50091,50429,138.668,2.133,0.471,downstream,471
50092,50067,45.894,1.53,1.606,road,1606
50092,50072,100.738,3.358,3.526,road,3526
50092,50364,169.206,2.256,0.575,downstream,575
50092,50428,63.341,6.334,0.431,upstream,431
50093,50075,73.054,2.435,2.557,road,2557
50093,50097,123.282,4.109,4.315,road,4315
50093,50285,69.535,2.318,2.434,road,2434
50093,50313,155.046,5.168,5.427,road,5427
50093,50372,138.609,4.62,4.851,road,4851
50094,50014,65.013,0.488,0.049,coastal,49
50094,50243,62.622,2.087,2.192,road,2192
50094,50346,64.062,2.135,2.242,road,2242
50094,50452,494.265,4.161,0.416,overseas,416
50094,50637,45.97,0.307,0.031,coastal,31
50095,50126,108.678,3.623,3.804,road,3804
50095,50404,133.636,4.455,4.677,road,4677
50096,50115,122.205,2.444,0.831,fastup,831
50096,50210,109.813,0.915,0.373,fastdown,373
50097,50093,123.282,4.109,4.315,road,4315
50097,50422,121.838,4.061,4.264,road,4264
50098,50235,72.382,2.413,2.533,road,2533
50098,50365,11.326,0.378,0.396,road,396
50098,50412,38.793,1.293,1.358,road,1358
50099,50041,114.483,1.761,0.389,downstream,389
50099,50053,27.034,0.541,0.184,fastup,184
50099,50416,124.72,4.157,4.365,road,4365
50100,50001,50.135,1.671,1.755,road,1755
50100,50083,58.819,1.961,2.059,road,2059
50101,50235,113.332,0.584,0.058,coastal,58
50101,50330,87.884,0.589,0.059,coastal,59
50101,50411,185.056,1.226,0.123,coastal,123
50102,50066,71.411,2.38,2.499,road,2499
50102,50193,39.183,1.306,1.371,road,1371
50103,50374,140.302,4.677,4.911,road,4911
50103,50387,69.427,2.314,2.43,road,2430
50104,50113,35.56,1.185,1.245,road,1245
50104,50357,38.984,1.299,1.364,road,1364
50105,50085,121.594,1.013,0.413,fastdown,413
50105,50344,56.047,1.868,1.962,road,1962
50105,50420,43.817,2.921,0.298,upstream,298
50105,50768,80.008,2.667,2.8,road,2800
50106,50067,55.602,1.853,1.946,road,1946
50107,50087,153.993,5.133,5.39,road,5390
50107,50188,146.781,4.893,5.137,road,5137
50107,50230,672.492,4.019,0.402,coastal,402
50107,50260,123.464,4.115,4.321,road,4321
50107,50286,603.381,4.059,0.406,overseas,406
50107,50449,212.594,1.559,0.156,coastal,156
50107,50483,406.224,2.819,0.282,coastal,282
50107,50486,306.039,2.409,0.241,overseas,241
50107,50492,465.134,2.715,0.271,coastal,271
50107,50493,76.263,0.495,0.05,coastal,50
50107,50505,238.038,1.432,0.143,overseas,143
50108,50005,143.569,4.786,5.025,road,5025
50108,50206,349.111,2.856,0.286,overseas,286
50108,50450,238.247,1.958,0.196,coastal,196
50108,50474,225.353,1.511,0.151,overseas,151
50108,50483,715.905,6.247,0.625,overseas,625
50108,50713,362.107,2.583,0.258,coastal,258
50109,50177,28.736,0.958,1.006,road,1006
50109,50381,37.992,1.266,1.33,road,1330
50110,50022,97.756,0.823,0.082,coastal,82
50110,50047,28.058,0.935,0.982,road,982
50110,50049,62.478,0.463,0.046,coastal,46
50111,50131,112.259,3.742,3.929,road,3929
50111,50248,90.836,3.028,3.179,road,3179
50112,50141,296.771,9.892,10.387,road,10387
50112,50291,228.135,1.435,0.143,coastal,143
50112,50568,33.713,0.329,0.033,slowcoast,33
50113,50069,15.674,0.522,0.549,road,549
50113,50104,35.56,1.185,1.245,road,1245
50114,50166,68.903,2.297,2.412,road,2412
50114,50738,17.144,0.571,0.6,road,600
50115,50096,122.205,1.018,0.415,fastdown,415
50115,50142,185.679,6.189,6.499,road,6499
50115,50242,109.701,3.657,3.84,road,3840
50116,50228,99.544,3.318,3.484,road,3484
50116,50420,65.987,2.2,2.31,road,2310
50117,50129,9.099,0.125,0.012,ferry,12
50117,50272,83.286,2.776,2.915,road,2915
50118,50259,34.127,1.138,1.194,road,1194
50118,50359,75.061,2.502,2.627,road,2627
50118,50737,22.972,0.766,0.804,road,804
50119,50155,74.594,1.148,0.254,downstream,254
50119,50275,280.885,5.618,1.91,fastup,1910
50119,50355,197.967,6.599,6.929,road,6929
50119,50364,238.226,4.765,1.62,fastup,1620
50120,50135,90.542,3.018,3.169,road,3169
50120,50329,68.887,2.296,2.411,road,2411
50120,50384,149.943,4.998,5.248,road,5248
50120,50385,104.939,3.498,3.673,road,3673
50121,50088,415.586,2.19,0.219,coastal,219
50121,50156,654.238,4.526,0.453,overseas,453
50121,50210,90.609,1.812,0.616,fastup,616
50121,50252,182.239,6.075,6.378,road,6378
50121,50462,828.833,5.536,0.554,coastal,554
50121,50464,521.843,3.279,0.328,overseas,328
50122,50043,52.586,1.753,1.84,road,1840
50122,50425,43.476,1.449,1.522,road,1522
50123,50297,155.424,5.181,5.44,road,5440
50124,50459,105.848,2.117,0.72,fastup,720
50124,50468,182.013,2.8,0.619,downstream,619
50124,50752,98.779,3.293,3.457,road,3457
50125,50012,130.962,2.619,0.891,fastup,891
50125,50238,228.941,3.522,0.778,downstream,778
50126,50095,108.678,3.623,3.804,road,3804
50126,50253,232.551,7.752,8.139,road,8139
50127,50137,148.756,4.959,5.206,road,5206
50127,50251,41.707,1.39,1.46,road,1460
50128,50082,178.071,5.936,6.232,road,6232
50128,50721,114.057,3.802,3.992,road,3992
50129,50117,9.099,0.125,0.012,ferry,12
50129,50146,275.04,9.168,9.626,road,9626
50129,50200,410.787,9.953,0.995,overseas,995
50129,50272,95.65,0.361,0.036,coastal,36
50129,50301,100.391,0.653,0.065,coastal,65
50129,50430,237.197,8.772,0.877,coastal,877
50129,50612,127.135,0.762,0.076,coastal,76
50129,50617,32.669,7.328,0.733,coastal,733
50130,50070,379.098,12.637,13.268,road,13268
50130,50150,43.768,0.673,0.298,upstream,298
50130,50218,141.41,4.714,4.949,road,4949
50130,50262,170.227,5.674,5.958,road,5958
50130,50321,152.233,1.522,0.518,downstream,518
50130,50677,166.669,5.556,5.833,road,5833
50131,50111,112.259,3.742,3.929,road,3929
50131,50199,179.656,2.764,0.611,downstream,611
50132,50010,70.188,2.34,2.457,road,2457
50132,50015,38.851,1.295,1.36,road,1360
50132,50205,17.927,0.598,0.627,road,627
50133,50160,138.849,4.628,4.86,road,4860
50133,50240,64.738,2.158,2.266,road,2266
50133,50471,37.407,0.312,0.127,fastdown,127
50134,50286,131.662,0.895,0.09,coastal,90
50134,50307,195.869,1.577,0.158,coastal,158
50134,50327,126.445,4.215,4.426,road,4426
50134,50761,104.54,0.948,0.095,coastal,95
50135,50120,90.542,3.018,3.169,road,3169
50135,50362,34.038,1.135,1.191,road,1191
50136,50256,8.914,0.125,0.012,coastal,12
50136,50322,6.401,0.213,0.224,road,224
50136,50357,66.419,0.553,0.055,coastal,55
50137,50083,80.862,2.695,2.83,road,2830
50137,50127,148.756,4.959,5.206,road,5206
50138,50141,74.476,2.483,2.607,road,2607
50138,50320,99.743,3.325,3.491,road,3491
50138,50545,16.068,0.536,0.562,road,562
50139,50072,73.416,2.447,2.57,road,2570
50139,50428,102.466,3.416,3.586,road,3586
50139,50767,93.983,3.133,3.289,road,3289
50140,50080,122.77,4.092,4.297,road,4297
50140,50190,77.471,2.582,2.711,road,2711
50140,50215,112.332,3.744,3.932,road,3932
50140,50388,41.416,1.381,1.45,road,1450
50141,50112,296.771,9.892,10.387,road,10387
50141,50138,74.476,2.483,2.607,road,2607
50141,50545,104.584,1.007,0.101,coastal,101
50141,50551,65.052,0.456,0.046,coastal,46
50142,50059,125.776,4.193,4.402,road,4402
50142,50061,94.326,3.144,3.301,road,3301
50142,50115,185.679,6.189,6.499,road,6499
50143,50386,82.347,2.745,2.882,road,2882
50143,50466,77.055,2.569,2.697,road,2697
50143,50467,76.593,0.541,0.054,coastal,54
50143,50549,75.976,0.404,0.04,coastal,40
50144,50183,60.928,2.031,2.132,road,2132
50144,50772,26.521,0.884,0.928,road,928
50145,50332,197.378,1.235,0.124,coastal,124
50145,50379,82.659,0.495,0.049,coastal,49
50146,50129,275.04,9.168,9.626,road,9626
50146,50247,130.91,4.364,4.582,road,4582
50146,50751,189.485,6.316,6.632,road,6632
50147,50156,815.571,5.58,0.558,overseas,558
50147,50207,548.639,3.791,0.379,coastal,379
50147,50240,242.11,1.382,0.138,coastal,138
50147,50249,56.567,1.886,1.98,road,1980
50147,50421,64.287,2.143,2.25,road,2250
50148,50221,22.395,0.746,0.784,road,784
50148,50222,69.677,2.323,2.439,road,2439
50149,50375,36.068,1.443,0.245,upstream,245
50149,50392,87.076,2.903,3.048,road,3048
50150,50130,43.768,0.438,0.149,downstream,149
50150,50258,252.036,8.401,8.821,road,8821
50150,50674,58.307,1.166,0.396,fastup,396
50151,50345,58.514,1.95,2.048,road,2048
50151,50733,97.903,3.263,3.427,road,3427
50152,50731,30.262,1.009,1.059,road,1059
50153,50184,102.662,3.422,3.593,road,3593
50153,50340,362.735,12.091,12.696,road,12696
50153,50739,196.623,6.554,6.882,road,6882
50154,50079,132.58,1.105,0.451,fastdown,451
50154,50375,57.614,1.92,2.016,road,2016
50154,50735,165.643,5.521,5.798,road,5798
50155,50119,74.594,4.973,0.507,upstream,507
50156,50032,87.684,2.923,3.069,road,3069
50156,50121,654.507,4.32,0.432,overseas,432
50156,50147,816.764,5.594,0.559,overseas,559
50156,50207,586.558,4.177,0.418,coastal,418
50156,50412,144.318,0.707,0.071,coastal,71
50157,50054,55.971,1.866,1.959,road,1959
50157,50057,121.109,4.037,4.239,road,4239
50157,50063,121.054,4.035,4.237,road,4237
50157,50459,159.737,5.325,5.591,road,5591
50158,50276,172.693,11.513,1.174,upstream,1174
50158,50403,180.872,4.019,0.615,downstream,615
50158,50769,120.236,4.008,4.208,road,4208
50159,50086,169.366,1.146,0.115,coastal,115
50159,50469,75.988,0.611,0.061,coastal,61
50159,50535,68.218,0.472,0.047,coastal,47
50159,50750,34.517,1.151,1.208,road,1208
50160,50133,138.849,4.628,4.86,road,4860
50160,50232,103.619,3.454,3.627,road,3627
50160,50249,101.169,3.372,3.541,road,3541
50160,50303,73.306,0.611,0.249,fastdown,249
50161,50067,39.775,1.326,1.392,road,1392
50161,50275,225.509,7.517,7.893,road,7893
50161,50338,51.924,1.731,1.817,road,1817
50161,50428,84.846,2.828,2.97,road,2970
50162,50050,30.972,0.195,0.019,coastal,19
50162,50386,46.217,1.541,1.618,road,1618
50162,50550,63.549,0.268,0.027,coastal,27
50163,50208,175.495,5.85,6.142,road,6142
50163,50470,260.004,8.667,9.1,road,9100
50163,50726,223.507,7.45,7.823,road,7823
50163,50727,21.155,0.705,0.74,road,740
50164,50170,79.669,0.664,0.271,fastdown,271
50164,50190,100.411,3.347,3.514,road,3514
50165,50213,25.617,0.854,0.897,road,897
50165,50243,17.566,0.586,0.615,road,615
50166,50034,105.86,3.529,3.705,road,3705
50166,50114,68.903,2.297,2.412,road,2412
50166,50361,173.8,5.793,6.083,road,6083
50167,50065,175.803,1.191,0.119,coastal,119
50167,50264,141.066,0.877,0.088,coastal,88
50168,50315,21.482,0.716,0.752,road,752
50168,50402,33.121,1.104,1.159,road,1159
50169,50050,367.978,2.749,0.275,coastal,275
50169,50245,21.188,0.706,0.742,road,742
50169,50363,249.303,1.66,0.166,coastal,166
50169,50573,212.307,1.442,0.144,coastal,144
50169,50588,134.778,1.174,0.117,coastal,117
50169,50590,382.369,2.802,0.28,coastal,280
50169,50598,46.841,0.254,0.025,coastal,25
50169,50613,242.042,1.178,0.118,coastal,118
50170,50026,80.267,0.669,0.273,fastdown,273
50170,50164,79.669,5.311,0.542,upstream,542
50170,50771,14.483,0.483,0.507,road,507
50171,50022,68.254,0.486,0.049,coastal,49
50171,50042,61.409,0.549,0.055,coastal,55
50171,50366,145.115,4.837,5.079,road,5079
50172,50042,62.184,2.073,2.176,road,2176
50172,50078,48.58,1.619,1.7,road,1700
50172,50174,84.17,2.806,2.946,road,2946
50173,50177,27.938,0.931,0.978,road,978
50173,50327,70.543,2.351,2.469,road,2469
50174,50043,67.739,2.258,2.371,road,2371
50174,50078,87.732,2.924,3.071,road,3071
50174,50172,84.17,2.806,2.946,road,2946
50174,50307,87.221,1.342,0.297,downstream,297
50174,50308,34.578,1.153,1.21,road,1210
50175,50255,30.309,0.227,0.023,coastal,23
50175,50378,39.936,0.378,0.038,coastal,38
50176,50031,110.835,3.695,3.879,road,3879
50176,50183,242.678,1.56,0.156,coastal,156
50176,50250,175.82,1.381,0.138,coastal,138
50177,50109,28.736,0.958,1.006,road,1006
50177,50173,27.938,0.931,0.978,road,978
50178,50304,24.233,0.808,0.848,road,848
50178,50346,60.628,2.021,2.122,road,2122
50179,50011,142.193,1.26,0.126,coastal,126
50179,50199,124.981,0.633,0.063,coastal,63
50179,50283,505.527,4.315,0.431,overseas,431
50179,50396,99.695,0.623,0.062,ferry,62
50179,50486,1708.741,14.181,1.418,overseas,1418
50179,50516,2303.24,17.773,1.777,overseas,1777
50179,50713,248.891,2.932,0.293,coastal,293
50180,50240,88.611,2.954,3.101,road,3101
50180,50249,86.969,2.899,3.044,road,3044
50181,50046,28.21,0.207,0.021,coastal,21
50181,50302,182.717,6.091,6.395,road,6395
50181,50654,49.562,0.285,0.029,coastal,29
50182,50003,81.192,2.706,2.842,road,2842
50182,50236,59.858,1.995,2.095,road,2095
50182,50418,147.734,4.924,5.171,road,5171
50183,50144,60.928,2.031,2.132,road,2132
50183,50176,242.678,1.907,0.191,coastal,191
50183,50241,122.423,0.826,0.083,coastal,83
50184,50023,121.273,4.042,4.245,road,4245
50184,50153,102.662,3.422,3.593,road,3593
50185,50235,193.789,1.172,0.117,coastal,117
50185,50238,293.28,1.857,0.186,coastal,186
50185,50270,99.922,3.331,3.497,road,3497
50185,50303,475.271,3.314,0.331,overseas,331
50185,50330,84.117,0.711,0.071,slowcoast,71
50185,50337,106.506,3.55,3.728,road,3728
50185,50462,155.948,1.249,0.125,coastal,125
50186,50032,59.047,1.968,2.067,road,2067
50186,50207,79.466,0.455,0.045,coastal,45
50186,50365,91.253,3.042,3.194,road,3194
50186,50730,49.61,1.654,1.736,road,1736
50187,50301,149.217,4.974,5.223,road,5223
50187,50751,79.662,2.655,2.788,road,2788
50188,50107,146.781,4.893,5.137,road,5137
50188,50369,160.671,5.356,5.623,road,5623
50188,50374,307.053,10.235,10.747,road,10747
50188,50495,125.592,0.875,0.088,coastal,88
50188,50498,110.178,0.72,0.072,coastal,72
50189,50254,32.62,1.087,1.142,road,1142
50189,50297,167.973,5.599,5.879,road,5879
50190,50140,77.471,2.582,2.711,road,2711
50190,50164,100.411,3.347,3.514,road,3514
50191,50296,131.948,4.398,4.618,road,4618
50191,50367,87.333,2.911,3.057,road,3057
50191,50750,176.892,5.896,6.191,road,6191
50192,50028,47.703,0.477,0.162,downstream,162
50192,50288,52.114,1.042,0.354,fastup,354
50192,50661,45.734,0.915,0.311,fastup,311
50193,50009,50.442,1.681,1.765,road,1765
50193,50102,39.183,1.306,1.371,road,1371
50194,50244,97.381,1.948,0.662,fastup,662
50194,50288,109.17,0.91,0.371,fastdown,371
50195,50217,164.452,5.482,5.756,road,5756
50195,50258,85.603,2.853,2.996,road,2996
50196,50017,62.009,0.517,0.211,fastdown,211
50196,50267,22.688,0.454,0.154,fastup,154
50196,50297,214.9,4.298,1.461,fastup,1461
50197,50373,129.605,1.08,0.441,fastdown,441
50198,50329,127.213,0.816,0.082,coastal,82
50198,50384,74.042,2.468,2.591,road,2591
50198,50391,79.609,2.654,2.786,road,2786
50198,50449,99.656,0.869,0.087,coastal,87
50198,50483,144.636,0.968,0.097,coastal,97
50199,50011,188.005,1.067,0.107,coastal,107
50199,50131,179.656,11.977,1.222,upstream,1222
50199,50179,118.671,0.432,0.043,coastal,43
50199,50208,7.123,0.237,0.249,road,249
50200,50129,409.804,2.419,0.242,overseas,242
50200,50399,49.789,0.333,0.033,coastal,33
50200,50618,79.603,0.556,0.056,coastal,56
50200,50620,277.017,1.741,0.174,coastal,174
50200,50627,400.26,2.398,0.24,overseas,240
50200,50770,24.097,0.803,0.843,road,843
50201,50022,173.581,1.358,0.136,coastal,136
50201,50089,64.909,2.164,2.272,road,2272
50201,50311,186.696,1.589,0.159,coastal,159
50201,50349,140.631,1.143,0.114,coastal,114
50201,50518,78.073,0.564,0.056,coastal,56
50201,50753,54.429,1.814,1.905,road,1905
50202,50025,144.103,4.803,5.044,road,5044
50202,50404,209.953,6.998,7.348,road,7348
50203,50285,105.033,3.501,3.676,road,3676
50203,50379,85.671,2.856,2.998,road,2998
50204,50019,23.158,0.772,0.811,road,811
50204,50223,63.848,2.128,2.235,road,2235
50205,50049,38.091,1.27,1.333,road,1333
50205,50132,17.927,0.598,0.627,road,627
50206,50108,349.111,2.102,0.21,overseas,210
50206,50334,297.946,2.538,0.254,coastal,254
50206,50368,73.498,2.45,2.572,road,2572
50206,50448,279.185,1.624,0.162,overseas,162
50206,50449,637.725,5.474,0.547,coastal,547
50206,50474,276.822,1.647,0.165,coastal,165
50207,50090,14.072,0.469,0.493,road,493
50207,50147,548.639,3.774,0.377,coastal,377
50207,50156,585.576,4.166,0.417,coastal,417
50207,50186,79.466,0.342,0.034,coastal,34
50208,50163,175.495,5.85,6.142,road,6142
50208,50199,7.123,0.237,0.249,road,249
50208,50745,178.29,5.943,6.24,road,6240
50209,50020,42.806,1.427,1.498,road,1498
50209,50034,42.968,1.432,1.504,road,1504
50209,50402,166.795,5.56,5.838,road,5838
50210,50096,109.813,5.491,0.747,upstream,747
50210,50121,90.609,1.51,0.308,downstream,308
50210,50460,117.647,3.922,4.118,road,4118
50211,50013,54.26,1.809,1.899,road,1899
50211,50747,15.165,0.506,0.531,road,531
50212,50287,88.256,2.942,3.089,road,3089
50212,50314,85.744,2.858,3.001,road,3001
50213,50074,43.156,1.439,1.51,road,1510
50213,50165,25.617,0.854,0.897,road,897
50213,50346,100.446,3.348,3.516,road,3516
50214,50029,78.763,2.625,2.757,road,2757
50214,50223,8.089,0.125,0.013,slowcoast,13
50214,50301,175.535,1.583,0.158,coastal,158
50214,50594,62.235,0.437,0.044,coastal,44
50215,50140,112.332,3.744,3.932,road,3932
50215,50346,44.985,1.5,1.574,road,1574
50215,50760,27.12,0.904,0.949,road,949
50216,50380,102.04,3.401,3.571,road,3571
50216,50642,69.777,0.58,0.058,coastal,58
50216,50644,51.721,0.311,0.031,coastal,31
50217,50195,164.452,5.482,5.756,road,5756
50217,50678,14.361,0.479,0.503,road,503
50218,50130,141.41,4.714,4.949,road,4949
50219,50023,134.608,4.487,4.711,road,4711
50219,50076,51.184,1.706,1.791,road,1791
50220,50289,67,2.233,2.345,road,2345
50220,50465,24.011,0.8,0.84,road,840
50221,50148,22.395,0.746,0.784,road,784
50221,50427,41.352,1.378,1.447,road,1447
50222,50148,69.677,2.323,2.439,road,2439
50222,50385,19.823,0.661,0.694,road,694
50223,50204,63.848,2.128,2.235,road,2235
50223,50214,8.089,0.125,0.013,slowcoast,13
50223,50590,71.208,0.461,0.046,coastal,46
50223,50599,52.332,0.506,0.051,coastal,51
50224,50229,15.292,0.51,0.535,road,535
50224,50289,10.003,0.333,0.35,road,350
50225,50024,86.245,2.875,3.019,road,3019
50225,50038,123.216,4.107,4.313,road,4313
50225,50454,87.173,0.55,0.055,coastal,55
50225,50719,125.124,0.882,0.088,slowcoast,88
50225,50766,62.115,2.071,2.174,road,2174
50226,50049,102.066,3.402,3.572,road,3572
50226,50358,91.12,3.037,3.189,road,3189
50227,50389,152.729,5.091,5.346,road,5346
50227,50466,100.859,3.362,3.53,road,3530
50228,50116,99.544,3.318,3.484,road,3484
50228,50287,38.928,1.298,1.362,road,1362
50228,50420,182.409,1.52,0.62,fastdown,620
50228,50743,110.789,2.216,0.753,fastup,753
50229,50224,15.292,0.51,0.535,road,535
50230,50107,716.121,5.116,0.512,coastal,512
50230,50281,149.794,0.913,0.091,coastal,91
50230,50319,232.047,7.735,8.122,road,8122
50230,50456,481.708,3.494,0.349,overseas,349
50230,50492,368.987,2.305,0.231,coastal,231
50230,50515,121.407,0.78,0.078,coastal,78
50230,50538,582.735,3.074,0.307,coastal,307
50231,50061,179.267,5.976,6.274,road,6274
50231,50252,124.049,4.135,4.342,road,4342
50232,50160,103.619,3.454,3.627,road,3627
50232,50409,101.6,3.387,3.556,road,3556
50232,50759,53.122,0.817,0.181,downstream,181
50233,50064,67.024,2.234,2.346,road,2346
50233,50333,175.198,1.011,0.101,coastal,101
50233,50396,103.463,0.881,0.088,coastal,88
50234,50461,71.103,2.37,0.483,upstream,483
50234,50462,13.576,0.272,0.046,downstream,46
50235,50098,72.382,2.413,2.533,road,2533
50235,50101,113.332,0.506,0.051,coastal,51
50235,50185,193.789,1.014,0.101,coastal,101
50235,50238,351.541,1.935,0.194,overseas,194
50235,50330,130.141,0.585,0.058,coastal,58
50235,50415,35.22,1.174,1.233,road,1233
50236,50182,59.858,1.995,2.095,road,2095
50236,50424,17.177,0.573,0.601,road,601
50237,50308,33.898,1.13,1.186,road,1186
50237,50765,11.803,0.393,0.413,road,413
50238,50125,228.941,15.263,1.557,upstream,1557
50238,50185,293.28,2.377,0.238,coastal,238
50238,50235,351.541,2.529,0.253,overseas,253
50239,50068,95.979,3.199,3.359,road,3359
50239,50398,103.433,3.448,3.62,road,3620
50240,50133,64.738,2.158,2.266,road,2266
50240,50147,242.11,1.368,0.137,coastal,137
50240,50180,88.611,2.954,3.101,road,3101
50241,50183,122.423,1.013,0.101,coastal,101
50241,50292,107.241,3.575,3.753,road,3753
50241,50307,58.222,0.374,0.037,coastal,37
50241,50765,41.485,1.383,1.452,road,1452
50242,50057,257.891,17.193,1.754,upstream,1754
50242,50115,109.701,3.657,3.84,road,3840
50242,50337,141.677,4.723,4.959,road,4959
50242,50461,242.789,4.856,0.825,downstream,825
50243,50046,49.553,1.652,1.734,road,1734
50243,50094,62.622,2.087,2.192,road,2192
50243,50165,17.566,0.586,0.615,road,615
50243,50636,16.714,0.557,0.585,road,585
50244,50194,97.381,0.812,0.331,fastdown,331
50244,50321,118.015,2.36,0.803,fastup,803
50245,50169,21.188,0.706,0.742,road,742
50245,50400,28.488,0.95,0.997,road,997
50246,50380,18.296,0.61,0.64,road,640
50246,50404,98.004,3.267,3.43,road,3430
50247,50146,130.91,4.364,4.582,road,4582
50247,50280,40.907,1.364,1.432,road,1432
50248,50005,196.645,6.555,6.883,road,6883
50248,50111,90.836,3.028,3.179,road,3179
50248,50360,159.464,5.315,5.581,road,5581
50248,50744,177.724,5.924,6.22,road,6220
50249,50147,56.567,1.886,1.98,road,1980
50249,50160,101.169,3.372,3.541,road,3541
50249,50180,86.969,2.899,3.044,road,3044
50250,50031,27.356,0.912,0.957,road,957
50250,50040,103.97,0.576,0.058,coastal,58
50250,50176,175.82,1.131,0.113,coastal,113
50250,50264,208.208,1.357,0.136,coastal,136
50250,50482,739.858,4.634,0.463,overseas,463
50250,50483,740.338,4.617,0.462,overseas,462
50250,50716,485.744,3.118,0.312,overseas,312
50251,50127,41.707,1.39,1.46,road,1460
50251,50414,163.312,5.444,5.716,road,5716
50251,50764,49.346,0.759,0.168,downstream,168
50251,50773,44.464,1.482,1.556,road,1556
50252,50088,122.001,4.067,4.27,road,4270
50252,50121,182.239,6.075,6.378,road,6378
50252,50231,124.049,4.135,4.342,road,4342
50253,50126,232.551,7.752,8.139,road,8139
50253,50338,253.882,3.385,0.863,downstream,863
50253,50347,207.672,6.922,7.269,road,7269
50254,50028,75.948,1.168,0.516,upstream,516
50254,50189,32.62,1.087,1.142,road,1142
50254,50382,80.057,0.667,0.272,fastdown,272
50254,50432,71.108,0.79,0.242,downstream,242
50255,50175,30.309,0.262,0.026,coastal,26
50255,50357,12.039,0.125,0.012,coastal,12
50255,50381,25.31,0.844,0.886,road,886
50256,50136,8.914,0.125,0.012,coastal,12
50256,50322,7.472,0.125,0.012,coastal,12
50257,50277,99.1,6.607,0.674,upstream,674
50257,50468,89.882,1.383,0.306,downstream,306
50257,50752,27.535,0.918,0.964,road,964
50258,50150,252.036,8.401,8.821,road,8821
50258,50195,85.603,2.853,2.996,road,2996
50259,50035,296.583,11.863,2.017,upstream,2017
50259,50118,34.127,1.138,1.194,road,1194
50259,50310,301.437,6.029,2.05,fastup,2050
50259,50356,231.464,4.208,0.787,downstream,787
50259,50736,65.711,2.19,2.3,road,2300
50259,50748,227.801,7.593,7.973,road,7973
50260,50021,108.38,3.613,3.793,road,3793
50260,50107,123.464,4.115,4.321,road,4321
50260,50352,42.972,1.432,1.504,road,1504
50261,50078,37.784,1.259,1.322,road,1322
50261,50292,51.888,1.73,1.816,road,1816
50261,50414,94.528,3.151,3.308,road,3308
50262,50130,170.227,5.674,5.958,road,5958
50263,50079,123.485,4.116,4.322,road,4322
50263,50350,149.595,4.986,5.236,road,5236
50263,50472,129.708,4.324,4.54,road,4540
50263,50742,82.708,2.757,2.895,road,2895
50264,50040,181.564,0.944,0.094,coastal,94
50264,50167,141.066,0.886,0.089,coastal,89
50264,50250,208.234,1.261,0.126,coastal,126
50264,50269,134.611,4.487,4.711,road,4711
50264,50398,144.931,4.831,5.073,road,5073
50264,50449,860.849,5.559,0.556,overseas,556
50264,50487,603.456,3.776,0.378,overseas,378
50265,50279,13.065,0.436,0.457,road,457
50265,50366,36.796,1.227,1.288,road,1288
50266,50336,130.033,1.07,0.107,coastal,107
50266,50528,116.198,0.704,0.07,coastal,70
50266,50533,357.582,2.219,0.222,coastal,222
50266,50732,24.238,0.808,0.848,road,848
50267,50196,22.688,0.189,0.077,fastdown,77
50267,50382,61.764,1.235,0.42,fastup,420
50267,50432,94.745,3.158,3.316,road,3316
50268,50278,42.07,1.402,1.472,road,1472
50268,50312,25.663,0.176,0.018,coastal,18
50268,50322,28.509,0.262,0.026,coastal,26
50269,50040,29.93,0.998,1.048,road,1048
50269,50264,134.611,4.487,4.711,road,4711
50270,50063,79.797,2.66,2.793,road,2793
50270,50185,99.922,3.331,3.497,road,3497
50271,50023,300.094,10.003,10.503,road,10503
50271,50272,58.81,1.96,2.058,road,2058
50272,50117,83.286,2.776,2.915,road,2915
50272,50129,95.65,0.337,0.034,coastal,34
50272,50271,58.81,1.96,2.058,road,2058
50272,50599,265.883,1.538,0.154,coastal,154
50272,50619,143.297,0.58,0.058,coastal,58
50273,50467,183.076,0.976,0.098,coastal,98
50273,50534,235.761,7.859,8.252,road,8252
50273,50537,103.213,1.102,0.11,slowcoast,110
50273,50539,25.416,0.178,0.018,coastal,18
50274,50342,136.843,4.561,4.789,road,4789
50274,50347,124.041,4.135,4.341,road,4341
50275,50002,92.174,3.072,3.226,road,3226
50275,50119,280.885,2.341,0.955,fastdown,955
50275,50161,225.509,7.517,7.893,road,7893
50275,50355,101.456,3.382,3.551,road,3551
50276,50158,172.693,3.838,0.587,downstream,587
50276,50282,79.588,1.592,0.541,fastup,541
50277,50041,105.776,2.116,0.719,fastup,719
50277,50257,99.1,0.826,0.337,fastdown,337
50277,50370,237.809,7.927,8.323,road,8323
50278,50268,42.07,1.402,1.472,road,1472
50278,50335,12.162,0.405,0.426,road,426
50279,50265,13.065,0.436,0.457,road,457
50279,50327,104.506,1.608,0.355,downstream,355
50280,50247,40.907,1.364,1.432,road,1432
50280,50399,168.806,1.157,0.116,coastal,116
50280,50611,105.553,0.658,0.066,coastal,66
50281,50230,149.794,0.976,0.098,coastal,98
50281,50331,76.222,0.435,0.044,coastal,44
50282,50079,159.99,3.2,1.088,fastup,1088
50282,50276,79.588,1.769,0.271,downstream,271
50282,50306,190.241,6.341,6.658,road,6658
50282,50757,316.112,10.537,11.064,road,11064
50283,50011,368.029,2.434,0.243,coastal,243
50283,50084,745.139,6.029,0.603,coastal,603
50283,50179,468.699,3.05,0.305,overseas,305
50283,50295,159.881,5.329,5.596,road,5596
50283,50721,74.301,2.477,2.601,road,2601
50283,50726,79.81,1.596,0.543,fastup,543
50284,50373,42.091,0.648,0.286,upstream,286
50284,50660,66.032,0.66,0.225,downstream,225
50285,50093,69.535,2.318,2.434,road,2434
50285,50203,105.033,3.501,3.676,road,3676
50286,50107,603.525,3.862,0.386,overseas,386
50286,50134,131.662,1.135,0.113,coastal,113
50286,50322,213.552,1.386,0.139,coastal,139
50286,50327,28.839,2.884,0.196,upstream,196
50286,50378,125.463,0.862,0.086,coastal,86
50286,50451,282.795,2.161,0.216,overseas,216
50286,50486,432.794,3.04,0.304,overseas,304
50286,50487,309.572,2.488,0.249,overseas,249
50286,50501,426.258,2.741,0.274,overseas,274
50286,50762,317.835,2.024,0.202,coastal,202
50287,50212,88.256,2.942,3.089,road,3089
50287,50228,38.928,1.298,1.362,road,1362
50287,50423,203.948,6.798,7.138,road,7138
50287,50743,70.022,2.334,2.451,road,2451
50288,50192,52.114,0.521,0.177,downstream,177
50288,50194,109.17,1.68,0.742,upstream,742
50289,50048,59.378,1.979,2.078,road,2078
50289,50220,67,2.233,2.345,road,2345
50289,50224,10.003,0.333,0.35,road,350
50290,50364,185.616,6.187,6.497,road,6497
50290,50388,188.943,6.298,6.613,road,6613
50290,50771,170.6,5.687,5.971,road,5971
50291,50017,267.339,1.644,0.164,coastal,164
50291,50112,246.045,2.243,0.224,coastal,224
50291,50602,465.407,4.313,0.431,overseas,431
50291,50682,331.149,11.038,11.59,road,11590
50292,50241,107.241,3.575,3.753,road,3753
50292,50261,51.888,1.73,1.816,road,1816
50292,50309,57.965,1.932,2.029,road,2029
50293,50001,65.681,2.189,2.299,road,2299
50293,50408,52.83,1.761,1.849,road,1849
50294,50414,81.835,2.728,2.864,road,2864
50294,50746,22.494,0.75,0.787,road,787
50295,50283,159.881,5.329,5.596,road,5596
50295,50745,16.086,0.536,0.563,road,563
50296,50191,131.948,4.398,4.618,road,4618
50296,50389,41.609,1.387,1.456,road,1456
50297,50017,357.875,2.982,0.298,coastal,298
50297,50123,155.424,5.181,5.44,road,5440
50297,50189,167.973,5.599,5.879,road,5879
50297,50196,214.9,14.327,0.731,downstream,731
50297,50432,125.495,2.51,0.853,fastup,853
50297,50452,439.788,3.343,0.334,overseas,334
50297,50654,193.645,0.959,0.096,coastal,96
50298,50052,96.213,3.207,3.367,road,3367
50298,50424,11.195,0.373,0.392,road,392
50299,50060,196.321,6.544,6.871,road,6871
50299,50362,43.219,1.441,1.513,road,1513
50299,50427,29.584,0.986,1.035,road,1035
50300,50006,49.855,1.662,1.745,road,1745
50300,50340,135.162,4.505,4.731,road,4731
50300,50363,106.835,3.561,3.739,road,3739
50301,50029,79.463,2.649,2.781,road,2781
50301,50129,105.987,0.939,0.094,coastal,94
50301,50187,149.217,4.974,5.223,road,5223
50301,50214,147.52,0.902,0.09,coastal,90
50301,50599,112.959,0.687,0.069,coastal,69
50301,50612,80.12,0.509,0.051,coastal,51
50302,50008,118.707,3.957,4.155,road,4155
50302,50181,182.717,6.091,6.395,road,6395
50302,50304,206.549,6.885,7.229,road,7229
50303,50160,73.306,4.887,0.498,upstream,498
50303,50185,475.271,2.977,0.298,overseas,298
50303,50471,207.89,1.531,0.153,coastal,153
50303,50759,182.809,1.196,0.12,coastal,120
50304,50080,86.706,2.89,3.035,road,3035
50304,50178,24.233,0.808,0.848,road,848
50304,50302,206.549,6.885,7.229,road,7229
50304,50760,91.64,3.055,3.207,road,3207
50305,50718,57.267,1.909,2.004,road,2004
50305,50725,19.258,0.642,0.674,road,674
50306,50282,190.241,6.341,6.658,road,6658
50306,50350,141.358,4.712,4.948,road,4948
50306,50751,102.928,3.431,3.602,road,3602
50307,50134,195.869,1.3,0.13,coastal,130
50307,50174,87.221,5.815,0.593,upstream,593
50307,50241,58.222,0.433,0.043,coastal,43
50307,50761,96.778,0.671,0.067,coastal,67
50307,50765,10.076,0.336,0.353,road,353
50308,50174,34.578,1.153,1.21,road,1210
50308,50237,33.898,1.13,1.186,road,1186
50309,50292,57.965,1.932,2.029,road,2029
50309,50754,226.69,3.488,0.771,downstream,771
50309,50764,22.656,0.453,0.154,fastup,154
50309,50772,48.62,1.621,1.702,road,1702
50309,50773,19.015,0.634,0.666,road,666
50310,50259,301.437,2.512,1.025,fastdown,1025
50310,50343,129.908,4.33,4.547,road,4547
50310,50423,156.099,10.407,1.061,upstream,1061
50310,50738,37.65,1.255,1.318,road,1318
50311,50022,160.575,1.14,0.114,coastal,114
50311,50201,186.696,1.237,0.124,coastal,124
50311,50349,126.254,0.85,0.085,coastal,85
50311,50383,117.469,0.879,0.088,coastal,88
50312,50268,25.663,0.194,0.019,coastal,19
50312,50335,71.263,0.443,0.044,coastal,44
50313,50093,155.046,5.168,5.427,road,5427
50313,50371,34.117,1.137,1.194,road,1194
50313,50422,155.214,5.174,5.432,road,5432
50314,50056,126.177,4.206,4.416,road,4416
50314,50212,85.744,2.858,3.001,road,3001
50314,50408,104.719,6.981,0.712,upstream,712
50314,50743,162.509,2.5,0.553,downstream,553
50315,50168,21.482,0.716,0.752,road,752
50315,50473,25.576,0.853,0.895,road,895
50315,50763,45.765,1.526,1.602,road,1602
50316,50318,104.231,3.474,3.648,road,3648
50317,50327,27.387,2.739,0.186,upstream,186
50318,50030,79.321,2.644,2.776,road,2776
50318,50316,104.231,3.474,3.648,road,3648
50319,50036,323.354,1.624,0.162,coastal,162
50319,50230,232.047,7.735,8.122,road,8122
50319,50515,164.46,1.708,0.171,coastal,171
50320,50138,99.743,3.325,3.491,road,3491
50320,50538,115.556,0.79,0.079,coastal,79
50320,50545,114.8,0.753,0.075,coastal,75
50321,50130,152.233,3.045,1.035,fastup,1035
50321,50244,118.015,0.983,0.401,fastdown,401
50322,50136,6.401,0.213,0.224,road,224
50322,50256,7.472,0.125,0.012,coastal,12
50322,50268,28.509,0.228,0.023,coastal,23
50322,50286,213.552,1.783,0.178,coastal,178
50322,50378,101.753,0.91,0.091,coastal,91
50322,50762,115.546,0.763,0.076,coastal,76
50323,50022,158.667,1.02,0.102,coastal,102
50323,50042,54.598,0.373,0.037,coastal,37
50323,50383,199.31,1.258,0.126,coastal,126
50323,50502,77.985,2.6,2.729,road,2729
50323,50504,115.786,0.846,0.085,coastal,85
50323,50754,91.328,6.089,0.621,upstream,621
50324,50047,95.146,3.172,3.33,road,3330
50324,50327,71.577,2.386,2.505,road,2505
50325,50370,125.35,8.357,0.852,upstream,852
50325,50743,146.431,1.22,0.498,fastdown,498
50326,50417,118.846,0.974,0.097,slowcoast,97
50326,50516,18.515,0.125,0.012,ferry,12
50326,50521,72.044,0.523,0.052,coastal,52
50326,50762,270.492,2.355,0.235,coastal,235
50327,50134,126.445,4.215,4.426,road,4426
50327,50173,70.543,2.351,2.469,road,2469
50327,50279,104.506,6.967,0.711,upstream,711
50327,50286,28.839,0.444,0.098,downstream,98
50327,50317,27.387,0.228,0.093,fastdown,93
50327,50324,71.577,2.386,2.505,road,2505
50327,50393,28.372,0.946,0.993,road,993
50327,50425,100.804,3.36,3.528,road,3528
50327,50720,68.622,2.287,2.402,road,2402
50328,50354,135.146,1.282,0.128,slowcoast,128
50328,50396,333.886,3.262,0.326,coastal,326
50329,50120,68.887,2.296,2.411,road,2411
50329,50198,127.213,0.979,0.098,coastal,98
50329,50334,202.004,6.733,7.07,road,7070
50329,50483,53.119,0.341,0.034,coastal,34
50330,50101,87.884,0.671,0.067,coastal,67
50330,50185,84.117,0.658,0.066,slowcoast,66
50330,50235,130.141,0.726,0.073,coastal,73
50330,50412,320.984,2.409,0.241,coastal,241
50331,50281,76.222,0.489,0.049,coastal,49
50331,50374,270.613,9.02,9.471,road,9471
50331,50492,194.709,1.284,0.128,coastal,128
50332,50005,128.115,4.271,4.484,road,4484
50332,50145,197.378,1.336,0.134,coastal,134
50332,50379,221.838,1.596,0.16,coastal,160
50332,50450,102.034,0.681,0.068,coastal,68
50333,50064,95.329,3.178,3.337,road,3337
50333,50233,188.497,1.695,0.169,coastal,169
50333,50396,279.874,2.386,0.239,overseas,239
50334,50206,297.946,1.805,0.18,coastal,180
50334,50329,202.004,6.733,7.07,road,7070
50334,50394,25.872,0.862,0.906,road,906
50334,50482,78.652,0.714,0.071,coastal,71
50335,50278,12.162,0.405,0.426,road,426
50335,50312,71.263,0.528,0.053,coastal,53
50335,50417,304.483,10.149,10.657,road,10657
50336,50034,431.935,3.464,0.346,coastal,346
50336,50049,246.364,1.692,0.169,coastal,169
50336,50089,81.06,2.702,2.837,road,2837
50336,50266,130.033,0.793,0.079,coastal,79
50336,50351,209.021,6.967,7.316,road,7316
50336,50358,241.489,1.502,0.15,coastal,150
50336,50518,96.535,0.831,0.083,coastal,83
50336,50533,435.804,2.775,0.278,coastal,278
50337,50054,95.175,3.172,3.331,road,3331
50337,50185,106.506,3.55,3.728,road,3728
50337,50242,141.677,4.723,4.959,road,4959
50338,50161,51.924,1.731,1.817,road,1817
50338,50253,253.882,25.388,1.726,upstream,1726
50338,50428,117.285,0.977,0.399,fastdown,399
50339,50423,45.368,1.512,1.588,road,1588
50339,50747,76.54,2.551,2.679,road,2679
50340,50153,362.735,12.091,12.696,road,12696
50340,50300,135.162,4.505,4.731,road,4731
50340,50363,85.465,2.849,2.991,road,2991
50341,50392,48.791,1.626,1.708,road,1708
50341,50735,16.749,0.558,0.586,road,586
50342,50274,136.843,4.561,4.789,road,4789
50342,50401,125.568,4.186,4.395,road,4395
50343,50310,129.908,4.33,4.547,road,4547
50343,50344,51.815,1.727,1.814,road,1814
50343,50748,204.031,6.801,7.141,road,7141
50343,50768,95.904,3.197,3.357,road,3357
50344,50105,56.047,1.868,1.962,road,1962
50344,50343,51.815,1.727,1.814,road,1814
50344,50420,64.068,2.136,2.242,road,2242
50345,50151,58.514,1.95,2.048,road,2048
50345,50749,12.939,0.431,0.453,road,453
50346,50094,64.062,2.135,2.242,road,2242
50346,50178,60.628,2.021,2.122,road,2122
50346,50213,100.446,3.348,3.516,road,3516
50346,50215,44.985,1.5,1.574,road,1574
50347,50253,207.672,6.922,7.269,road,7269
50347,50274,124.041,4.135,4.341,road,4341
50347,50443,45.28,1.509,1.585,road,1585
50348,50055,55.19,1.84,1.932,road,1932
50348,50407,124.276,4.143,4.35,road,4350
50349,50045,35.118,1.171,1.229,road,1229
50349,50201,140.615,0.974,0.097,coastal,97
50349,50311,126.254,1.039,0.104,coastal,104
50349,50383,122.548,4.085,4.289,road,4289
50350,50263,149.595,4.986,5.236,road,5236
50350,50306,141.358,4.712,4.948,road,4948
50350,50367,202.659,6.755,7.093,road,7093
50351,50336,209.021,6.967,7.316,road,7316
50351,50361,91.517,3.051,3.203,road,3203
50351,50737,102.884,3.429,3.601,road,3601
50352,50260,42.972,1.432,1.504,road,1504
50352,50384,66.391,2.213,2.324,road,2324
50353,50437,56.917,1.897,1.992,road,1992
50353,50447,77.905,0.854,0.085,coastal,85
50353,50622,223.317,1.209,0.121,coastal,121
50353,50624,176.139,0.928,0.093,coastal,93
50354,50016,28.995,0.967,1.015,road,1015
50354,50328,135.146,0.978,0.098,coastal,98
50354,50474,176.637,1.607,0.161,coastal,161
50354,50713,344.659,2.389,0.239,overseas,239
50355,50119,197.967,6.599,6.929,road,6929
50355,50275,101.456,3.382,3.551,road,3551
50356,50259,231.464,9.259,1.574,upstream,1574
50356,50359,137.508,9.167,0.935,upstream,935
50356,50419,79.366,0.661,0.27,fastdown,270
50357,50104,38.984,1.299,1.364,road,1364
50357,50136,66.419,0.466,0.047,coastal,47
50357,50255,12.039,0.125,0.012,coastal,12
50358,50049,256.983,2.001,0.2,coastal,200
50358,50051,53.105,1.77,1.859,road,1859
50358,50226,91.12,3.037,3.189,road,3189
50358,50336,241.489,1.869,0.187,coastal,187
50358,50520,31.62,0.212,0.021,coastal,21
50359,50118,75.061,2.502,2.627,road,2627
50359,50356,137.508,1.146,0.468,fastdown,468
50359,50361,435.804,8.716,2.963,fastup,2963
50359,50731,91.559,3.052,3.205,road,3205
50360,50248,159.464,5.315,5.581,road,5581
50360,50727,149.634,4.988,5.237,road,5237
50361,50166,173.8,5.793,6.083,road,6083
50361,50351,91.517,3.051,3.203,road,3203
50361,50359,435.804,6.705,1.482,downstream,1482
50361,50736,119.883,3.996,4.196,road,4196
50362,50135,34.038,1.135,1.191,road,1191
50362,50299,43.219,1.441,1.513,road,1513
50362,50394,88.783,2.959,3.107,road,3107
50363,50006,176.43,1.337,0.134,coastal,134
50363,50169,249.303,1.406,0.141,coastal,141
50363,50300,106.835,3.561,3.739,road,3739
50363,50340,85.465,2.849,2.991,road,2991
50363,50588,126.76,0.89,0.089,coastal,89
50364,50092,169.206,16.921,1.151,upstream,1151
50364,50119,238.226,1.985,0.81,fastdown,810
50364,50290,185.616,6.187,6.497,road,6497
50365,50032,82.115,2.737,2.874,road,2874
50365,50098,11.326,0.378,0.396,road,396
50365,50186,91.253,3.042,3.194,road,3194
50366,50171,145.115,4.837,5.079,road,5079
50366,50265,36.796,1.227,1.288,road,1288
50367,50191,87.333,2.911,3.057,road,3057
50367,50350,202.659,6.755,7.093,road,7093
50368,50016,371.982,12.399,13.019,road,13019
50368,50060,116.786,3.893,4.088,road,4088
50368,50206,73.498,2.45,2.572,road,2572
50369,50188,160.671,5.356,5.623,road,5623
50369,50390,101.808,3.394,3.563,road,3563
50370,50056,32.01,1.067,1.12,road,1120
50370,50277,237.809,7.927,8.323,road,8323
50370,50325,125.35,1.045,0.426,fastdown,426
50371,50033,88.828,2.961,3.109,road,3109
50371,50313,34.117,1.137,1.194,road,1194
50372,50068,65.737,2.191,2.301,road,2301
50372,50093,138.609,4.62,4.851,road,4851
50373,50197,129.605,1.994,0.881,upstream,881
50373,50284,42.091,0.421,0.143,downstream,143
50374,50103,140.302,4.677,4.911,road,4911
50374,50188,307.053,10.235,10.747,road,10747
50374,50331,270.613,9.02,9.471,road,9471
50374,50491,121.054,0.904,0.09,coastal,90
50374,50492,105.185,0.73,0.073,coastal,73
50375,50079,94.184,3.139,3.296,road,3296
50375,50149,36.068,0.301,0.123,fastdown,123
50375,50154,57.614,1.92,2.016,road,2016
50375,50419,101.786,2.036,0.692,fastup,692
50376,50023,160.153,5.338,5.605,road,5605
50376,50443,188.578,6.286,6.6,road,6600
50377,50086,64.436,2.148,2.255,road,2255
50377,50410,135.422,4.514,4.74,road,4740
50377,50524,183.366,1.197,0.12,coastal,120
50377,50527,106.56,0.701,0.07,coastal,70
50378,50175,39.936,0.316,0.032,coastal,32
50378,50286,125.463,1.079,0.108,coastal,108
50378,50322,101.753,0.723,0.072,coastal,72
50378,50720,23.678,1.579,0.161,upstream,161
50379,50065,97.688,0.669,0.067,coastal,67
50379,50145,82.659,0.515,0.051,coastal,51
50379,50203,85.671,2.856,2.998,road,2998
50379,50332,221.838,1.518,0.152,coastal,152
50379,50487,681.822,4.305,0.43,overseas,430
50379,50756,257.789,1.715,0.172,overseas,172
50380,50216,102.04,3.401,3.571,road,3571
50380,50246,18.296,0.61,0.64,road,640
50381,50069,76.2,2.54,2.667,road,2667
50381,50109,37.992,1.266,1.33,road,1330
50381,50255,25.31,0.844,0.886,road,886
50382,50254,80.057,1.601,0.544,fastup,544
50382,50267,61.764,0.515,0.21,fastdown,210
50383,50034,41.471,0.315,0.032,coastal,32
50383,50311,117.469,0.807,0.081,coastal,81
50383,50323,199.31,1.425,0.142,coastal,142
50383,50349,122.548,4.085,4.289,road,4289
50384,50120,149.943,4.998,5.248,road,5248
50384,50198,74.042,2.468,2.591,road,2591
50384,50352,66.391,2.213,2.324,road,2324
50385,50120,104.939,3.498,3.673,road,3673
50385,50222,19.823,0.661,0.694,road,694
50385,50390,159.71,5.324,5.59,road,5590
50386,50143,82.347,2.745,2.882,road,2882
50386,50162,46.217,1.541,1.618,road,1618
50387,50103,69.427,2.314,2.43,road,2430
50387,50390,67.764,2.259,2.372,road,2372
50388,50140,41.416,1.381,1.45,road,1450
50388,50290,188.943,6.298,6.613,road,6613
50389,50227,152.729,5.091,5.346,road,5346
50389,50296,41.609,1.387,1.456,road,1456
50389,50559,207.348,1.334,0.133,coastal,133
50389,50717,240.75,1.436,0.144,coastal,144
50389,50718,96.883,3.229,3.391,road,3391
50389,50755,200.364,0.856,0.086,coastal,86
50390,50021,35.784,1.193,1.252,road,1252
50390,50369,101.808,3.394,3.563,road,3563
50390,50385,159.71,5.324,5.59,road,5590
50390,50387,67.764,2.259,2.372,road,2372
50391,50087,28.774,0.959,1.007,road,1007
50391,50198,79.609,2.654,2.786,road,2786
50392,50149,87.076,2.903,3.048,road,3048
50392,50341,48.791,1.626,1.708,road,1708
50392,50419,154.791,5.16,5.418,road,5418
50393,50015,63.804,2.127,2.233,road,2233
50393,50327,28.372,0.946,0.993,road,993
50394,50334,25.872,0.862,0.906,road,906
50394,50362,88.783,2.959,3.107,road,3107
50395,50055,165.928,11.062,1.128,upstream,1128
50395,50413,68.781,2.293,2.407,road,2407
50395,50764,42.895,0.357,0.146,fastdown,146
50395,50772,20.577,0.686,0.72,road,720
50395,50773,32.165,1.072,1.126,road,1126
50396,50179,99.695,0.944,0.094,ferry,94
50396,50233,96.986,0.585,0.058,coastal,58
50396,50328,333.886,3.649,0.365,coastal,365
50396,50333,253.543,1.471,0.147,overseas,147
50396,50426,228.64,7.621,8.002,road,8002
50396,50474,536.585,5.854,0.585,slowcoast,585
50398,50239,103.433,3.448,3.62,road,3620
50398,50264,144.931,4.831,5.073,road,5073
50398,50435,123.436,1.899,0.42,downstream,420
50399,50200,49.789,0.357,0.036,coastal,36
50399,50280,168.806,1.098,0.11,coastal,110
50399,50770,27.755,0.925,0.971,road,971
50400,50245,28.488,0.95,0.997,road,997
50400,50431,122.254,4.075,4.279,road,4279
50401,50342,125.568,4.186,4.395,road,4395
50401,50458,320.769,2.616,0.262,coastal,262
50401,50649,191.14,1.546,0.155,coastal,155
50401,50652,230.495,1.523,0.152,coastal,152
50402,50168,33.121,1.104,1.159,road,1159
50402,50209,166.795,5.56,5.838,road,5838
50402,50414,87.331,2.911,3.057,road,3057
50403,50158,180.872,12.058,1.23,upstream,1230
50403,50618,152.462,1.271,0.518,fastdown,518
50403,50769,61.964,2.065,2.169,road,2169
50404,50039,115.775,3.859,4.052,road,4052
50404,50095,133.636,4.455,4.677,road,4677
50404,50202,209.953,6.998,7.348,road,7348
50404,50246,98.004,3.267,3.43,road,3430
50405,50014,55.441,0.358,0.036,coastal,36
50405,50073,85.522,0.591,0.059,coastal,59
50406,50037,106.379,1.637,0.362,downstream,362
50406,50407,145.161,4.839,5.081,road,5081
50406,50418,82.434,8.243,0.561,upstream,561
50407,50040,193.307,6.444,6.766,road,6766
50407,50348,124.276,4.143,4.35,road,4350
50407,50406,145.161,4.839,5.081,road,5081
50408,50293,52.83,1.761,1.849,road,1849
50408,50314,104.719,0.873,0.356,fastdown,356
50408,50763,67.199,2.24,2.352,road,2352
50409,50232,101.6,3.387,3.556,road,3556
50409,50415,107.136,3.571,3.75,road,3750
50409,50421,96.361,3.212,3.373,road,3373
50410,50007,76.002,2.533,2.66,road,2660
50410,50377,135.422,4.514,4.74,road,4740
50411,50101,185.056,1.32,0.132,coastal,132
50411,50759,191.828,1.231,0.123,coastal,123
50412,50098,38.793,1.293,1.358,road,1358
50412,50156,144.318,1.029,0.103,coastal,103
50412,50330,320.984,1.781,0.178,coastal,178
50412,50462,256.797,1.381,0.138,overseas,138
50413,50052,109.691,3.656,3.839,road,3839
50413,50395,68.781,2.293,2.407,road,2407
50414,50251,163.312,5.444,5.716,road,5716
50414,50261,94.528,3.151,3.308,road,3308
50414,50294,81.835,2.728,2.864,road,2864
50414,50402,87.331,2.911,3.057,road,3057
50414,50504,116.83,0.974,0.397,fastdown,397
50415,50235,35.22,1.174,1.233,road,1233
50415,50409,107.136,3.571,3.75,road,3750
50416,50091,159.412,2.452,0.542,downstream,542
50416,50099,124.72,4.157,4.365,road,4365
50417,50326,118.846,0.806,0.081,coastal,81
50417,50335,304.483,10.149,10.657,road,10657
50418,50182,147.734,4.924,5.171,road,5171
50418,50406,82.434,1.268,0.28,downstream,280
50418,50429,32.85,3.285,0.223,upstream,223
50419,50356,79.366,1.587,0.54,fastup,540
50419,50375,101.786,1.851,0.346,downstream,346
50419,50392,154.791,5.16,5.418,road,5418
50419,50742,92.801,3.093,3.248,road,3248
50420,50105,43.817,0.365,0.149,fastdown,149
50420,50116,65.987,2.2,2.31,road,2310
50420,50228,182.409,3.648,1.24,fastup,1240
50420,50344,64.068,2.136,2.242,road,2242
50421,50147,64.287,2.143,2.25,road,2250
50421,50409,96.361,3.212,3.373,road,3373
50421,50730,70.027,2.334,2.451,road,2451
50422,50097,121.838,4.061,4.264,road,4264
50422,50313,155.214,5.174,5.432,road,5432
50422,50465,91.308,3.044,3.196,road,3196
50423,50287,203.948,6.798,7.138,road,7138
50423,50310,156.099,2.402,0.531,downstream,531
50423,50339,45.368,1.512,1.588,road,1588
50423,50738,95.666,3.189,3.348,road,3348
50424,50062,51.966,1.732,1.819,road,1819
50424,50236,17.177,0.573,0.601,road,601
50424,50298,11.195,0.373,0.392,road,392
50425,50122,43.476,1.449,1.522,road,1522
50425,50327,100.804,3.36,3.528,road,3528
50426,50396,228.64,7.621,8.002,road,8002
50427,50221,41.352,1.378,1.447,road,1447
50427,50299,29.584,0.986,1.035,road,1035
50428,50092,63.341,0.845,0.215,downstream,215
50428,50139,102.466,3.416,3.586,road,3586
50428,50161,84.846,2.828,2.97,road,2970
50428,50338,117.285,11.728,0.798,upstream,798
50429,50091,138.668,2.773,0.943,fastup,943
50429,50418,32.85,0.274,0.112,fastdown,112
50429,50444,141.519,4.717,4.953,road,4953
50430,50076,65.986,2.2,2.309,road,2309
50430,50129,230.635,1.377,0.138,coastal,138
50430,50446,120.808,0.946,0.095,coastal,95
50430,50639,371.93,2.63,0.263,coastal,263
50431,50027,104.809,3.494,3.668,road,3668
50431,50400,122.254,4.075,4.279,road,4279
50431,50436,89.519,2.984,3.133,road,3133
50432,50254,71.108,0.79,0.484,upstream,484
50432,50267,94.745,3.158,3.316,road,3316
50432,50297,125.495,1.394,0.427,downstream,427
50434,50460,141.993,4.733,4.97,road,4970
50435,50088,161.263,1.344,0.548,fastdown,548
50435,50398,123.436,2.469,0.839,fastup,839
50435,50445,212.874,7.096,7.451,road,7451
50436,50431,89.519,2.984,3.133,road,3133
50436,50441,111.484,3.716,3.902,road,3902
50436,50447,135.624,4.521,4.747,road,4747
50437,50025,248.59,8.286,8.701,road,8701
50437,50353,56.917,1.897,1.992,road,1992
50437,50447,16.045,0.535,0.562,road,562
50438,50439,91.592,0.884,0.088,coastal,88
50438,50447,51.991,0.314,0.031,coastal,31
50439,50438,91.592,0.536,0.054,coastal,54
50439,50440,91.484,0.764,0.076,coastal,76
50439,50622,274.626,1.399,0.14,coastal,140
50439,50624,273.639,1.413,0.141,coastal,141
50440,50017,609.044,2.953,0.295,overseas,295
50440,50439,91.484,0.519,0.052,coastal,52
50440,50441,19.129,0.638,0.67,road,670
50440,50452,373.161,1.817,0.182,overseas,182
50440,50613,107.373,0.883,0.088,coastal,88
50440,50614,102.676,0.983,0.098,coastal,98
50440,50622,342.616,1.735,0.174,coastal,174
50441,50436,111.484,3.716,3.902,road,3902
50441,50440,19.129,0.638,0.67,road,670
50442,50443,154.124,5.137,5.394,road,5394
50442,50458,116.029,3.868,4.061,road,4061
50443,50347,45.28,1.509,1.585,road,1585
50443,50376,188.578,6.286,6.6,road,6600
50443,50442,154.124,5.137,5.394,road,5394
50444,50429,141.519,4.717,4.953,road,4953
50444,50774,93.531,3.118,3.274,road,3274
50445,50435,212.874,7.096,7.451,road,7451
50445,50774,67.49,2.25,2.362,road,2362
50446,50430,120.783,0.789,0.079,coastal,79
50446,50626,113.068,0.811,0.081,coastal,81
50446,50627,364.667,2.348,0.235,overseas,235
50447,50353,77.905,0.433,0.043,coastal,43
50447,50436,135.624,4.521,4.747,road,4747
50447,50437,16.045,0.535,0.562,road,562
50447,50438,51.991,0.358,0.036,coastal,36
50448,50206,279.185,1.72,0.172,overseas,172
50448,50450,143.059,0.895,0.089,coastal,89
50448,50476,168.616,1.032,0.103,coastal,103
50448,50756,148.751,1.229,0.123,coastal,123
50449,50107,212.582,1.675,0.168,coastal,168
50449,50198,99.656,0.677,0.068,coastal,68
50449,50206,638.309,4.036,0.404,coastal,404
50449,50264,862.284,5.978,0.598,overseas,598
50449,50485,71.197,0.62,0.062,coastal,62
50449,50486,262.375,2.098,0.21,overseas,210
50450,50108,238.247,1.572,0.157,coastal,157
50450,50332,102.034,0.641,0.064,coastal,64
50450,50448,143.059,1.251,0.125,coastal,125
50451,50286,282.795,1.736,0.174,overseas,174
50451,50486,282.193,1.787,0.179,coastal,179
50451,50487,111.467,0.822,0.082,coastal,82
50452,50017,494.132,2.692,0.269,overseas,269
50452,50046,428.41,2.073,0.207,overseas,207
50452,50073,342.938,1.668,0.167,overseas,167
50452,50094,360.519,1.783,0.178,overseas,178
50452,50297,428.052,2.052,0.205,overseas,205
50452,50440,389.921,3.25,0.325,overseas,325
50452,50622,50.903,0.457,0.046,coastal,46
50452,50625,109.094,0.601,0.06,coastal,60
50452,50719,344.039,2.196,0.22,overseas,220
50453,50630,55.93,0.375,0.037,coastal,37
50453,50634,88.374,0.522,0.052,coastal,52
50454,50024,48.202,0.964,0.328,fastup,328
50454,50225,87.173,0.6,0.06,coastal,60
50454,50634,147.953,1.528,0.153,coastal,153
50454,50642,69.8,0.499,0.05,coastal,50
50454,50644,86.564,0.5,0.05,coastal,50
50455,50456,59.781,0.468,0.047,coastal,47
50455,50516,134.845,1.232,0.123,slowcoast,123
50456,50230,489.853,2.731,0.273,overseas,273
50456,50455,59.781,0.575,0.057,slowcoast,57
50456,50505,327.313,3.025,0.303,coastal,303
50456,50512,144.247,0.979,0.098,coastal,98
50456,50513,87.852,0.802,0.08,coastal,80
50456,50516,181.702,1.681,0.168,slowcoast,168
50456,50541,607.06,4.013,0.401,overseas,401
50456,50547,672.497,4.206,0.421,overseas,421
50456,50554,886.825,4.901,0.49,overseas,490
50457,50758,314.476,2.096,0.21,coastal,210
50458,50401,320.744,2.109,0.211,coastal,211
50458,50442,116.029,3.868,4.061,road,4061
50458,50639,166.116,1.293,0.129,coastal,129
50458,50647,92.433,0.635,0.063,coastal,63
50459,50041,139.874,4.662,4.896,road,4896
50459,50124,105.848,0.882,0.36,fastdown,360
50459,50157,159.737,5.325,5.591,road,5591
50460,50210,117.647,3.922,4.118,road,4118
50460,50434,141.993,4.733,4.97,road,4970
50461,50234,71.103,1.422,0.242,downstream,242
50461,50242,242.789,4.856,1.651,fastup,1651
50462,50121,828.833,6.072,0.607,coastal,607
50462,50185,155.964,1.017,0.102,coastal,102
50462,50234,13.576,0.272,0.092,fastup,92
50462,50412,256.946,1.866,0.187,overseas,187
50463,50464,50.035,1.668,1.751,road,1751
50463,50465,71.608,2.387,2.506,road,2506
50464,50084,404.405,2.727,0.273,coastal,273
50464,50088,352.911,2.575,0.258,coastal,258
50464,50121,519.569,3.521,0.352,overseas,352
50464,50463,50.035,1.668,1.751,road,1751
50465,50220,24.011,0.8,0.84,road,840
50465,50422,91.308,3.044,3.196,road,3196
50465,50463,71.608,2.387,2.506,road,2506
50466,50143,77.055,2.569,2.697,road,2697
50466,50227,100.859,3.362,3.53,road,3530
50467,50143,76.593,0.414,0.041,coastal,41
50467,50273,183.076,1.567,0.157,coastal,157
50467,50544,47.639,0.275,0.027,coastal,27
50468,50077,65.536,0.546,0.223,fastdown,223
50468,50124,182.013,3.64,1.238,fastup,1238
50468,50257,89.882,5.992,0.611,upstream,611
50468,50752,56.475,1.882,1.977,road,1977
50469,50159,75.988,0.509,0.051,coastal,51
50469,50528,173.435,1.537,0.154,coastal,154
50469,50749,25.941,0.865,0.908,road,908
50470,50048,191.687,6.39,6.709,road,6709
50470,50163,260.004,8.667,9.1,road,9100
50471,50133,37.407,2.494,0.254,upstream,254
50471,50303,207.89,1.336,0.134,coastal,134
50472,50263,129.708,4.324,4.54,road,4540
50472,50749,159.541,5.318,5.584,road,5584
50473,50001,225.368,7.512,7.888,road,7888
50473,50315,25.576,0.853,0.895,road,895
50474,50108,225.353,1.482,0.148,overseas,148
50474,50206,276.799,2.312,0.231,coastal,231
50474,50354,176.637,1.233,0.123,coastal,123
50474,50396,536.585,4.788,0.479,coastal,479
50474,50483,697.494,5.927,0.593,coastal,593
50476,50448,168.616,1.178,0.118,coastal,118
50482,50250,759.356,4.809,0.481,overseas,481
50482,50334,78.652,0.56,0.056,coastal,56
50482,50483,108.679,0.892,0.089,coastal,89
50483,50107,406.212,3.337,0.334,coastal,334
50483,50108,715.941,4.419,0.442,overseas,442
50483,50198,144.636,1.17,0.117,coastal,117
50483,50250,762.23,4.95,0.495,overseas,495
50483,50329,53.119,0.375,0.037,coastal,37
50483,50474,698.428,4.227,0.423,coastal,423
50483,50482,108.679,0.706,0.071,coastal,71
50485,50449,71.197,0.482,0.048,coastal,48
50485,50486,201.556,1.604,0.16,overseas,160
50486,50107,306.276,1.966,0.197,overseas,197
50486,50179,1594.399,11.48,1.148,overseas,1148
50486,50286,432.782,3.005,0.3,overseas,300
50486,50449,262.375,1.59,0.159,overseas,159
50486,50451,282.147,2.103,0.21,coastal,210
50486,50485,201.556,1.234,0.123,overseas,123
50486,50505,375.446,2.354,0.235,overseas,235
50486,50756,639.279,3.994,0.399,overseas,399
50487,50264,605.103,4.536,0.454,overseas,454
50487,50286,309.572,1.968,0.197,overseas,197
50487,50379,681.784,5.075,0.508,overseas,508
50487,50451,111.467,0.733,0.073,coastal,73
50487,50716,126.699,0.884,0.088,coastal,88
50489,50716,102.157,0.796,0.08,coastal,80
50489,50761,53.106,0.423,0.042,coastal,42
50491,50374,121.054,0.684,0.068,coastal,68
50491,50498,79.218,0.599,0.06,coastal,60
50492,50107,465.12,3.556,0.356,coastal,356
50492,50230,368.987,2.386,0.239,coastal,239
50492,50331,194.709,1.247,0.125,coastal,125
50492,50374,105.185,0.702,0.07,coastal,70
50493,50107,76.263,0.592,0.059,coastal,59
50493,50495,55.015,0.387,0.039,coastal,39
50493,50501,153.052,0.98,0.098,overseas,98
50493,50505,173.044,1.064,0.106,coastal,106
50495,50188,125.592,0.813,0.081,coastal,81
50495,50493,55.015,0.497,0.05,coastal,50
50495,50499,99.466,0.615,0.061,coastal,61
50498,50188,110.178,1.025,0.102,coastal,102
50498,50491,79.225,0.5,0.05,coastal,50
50499,50495,99.466,0.79,0.079,coastal,79
50499,50505,125.845,0.874,0.087,coastal,87
50499,50512,290.383,1.737,0.174,overseas,174
50501,50286,426.243,3.14,0.314,overseas,314
50501,50493,153.052,1.075,0.107,overseas,107
50501,50505,45.989,0.347,0.035,coastal,35
50502,50323,77.985,2.6,2.729,road,2729
50502,50746,42.416,1.414,1.485,road,1485
50504,50020,44.195,0.365,0.036,coastal,36
50504,50323,115.786,0.795,0.08,coastal,80
50504,50414,116.83,2.337,0.794,fastup,794
50505,50107,238.038,1.715,0.172,overseas,172
50505,50456,327.301,2.032,0.203,coastal,203
50505,50486,375.218,3.067,0.307,overseas,307
50505,50493,173.044,1.251,0.125,coastal,125
50505,50499,125.845,0.811,0.081,coastal,81
50505,50501,45.989,0.482,0.048,coastal,48
50505,50507,77.556,0.483,0.048,coastal,48
50505,50512,301.81,1.853,0.185,overseas,185
50505,50516,369.106,2.23,0.223,coastal,223
50505,50714,141.273,0.877,0.088,coastal,88
50507,50505,77.556,0.698,0.07,coastal,70
50507,50715,85.274,0.499,0.05,coastal,50
50509,50020,84.808,0.692,0.069,coastal,69
50509,50034,43.806,0.307,0.031,coastal,31
50512,50456,144.247,0.962,0.096,coastal,96
50512,50499,290.383,2.648,0.265,overseas,265
50512,50505,301.81,3.005,0.3,overseas,300
50513,50456,87.84,0.615,0.061,coastal,61
50513,50715,121.232,1.174,0.117,slowcoast,117
50515,50230,121.449,0.871,0.087,coastal,87
50515,50319,164.46,0.853,0.085,coastal,85
50516,50017,1696.911,9.715,0.971,overseas,971
50516,50179,2165.208,16.019,1.602,overseas,1602
50516,50326,18.515,0.125,0.012,ferry,12
50516,50455,134.845,0.901,0.09,coastal,90
50516,50456,181.702,1.244,0.124,coastal,124
50516,50505,369.106,2.899,0.29,coastal,290
50516,50541,546.741,3.456,0.346,overseas,346
50516,50545,857.348,5.056,0.506,overseas,506
50516,50714,256.908,2.071,0.207,coastal,207
50518,50201,78.073,0.765,0.076,coastal,76
50518,50336,96.535,0.669,0.067,coastal,67
50520,50051,32.332,0.212,0.021,coastal,21
50520,50358,31.62,0.258,0.026,coastal,26
50521,50326,72.044,0.672,0.067,coastal,67
50521,50523,49.247,0.464,0.046,coastal,46
50522,50796,1053.453,6.679,0.668,coastal,668
50523,50521,49.247,0.394,0.039,coastal,39
50523,50524,142.819,1.141,0.114,coastal,114
50524,50377,183.358,1.767,0.177,coastal,177
50524,50523,142.819,1.053,0.105,coastal,105
50524,50529,146.219,1.192,0.119,coastal,119
50527,50377,106.56,0.916,0.092,coastal,92
50527,50529,61.426,0.485,0.048,coastal,48
50528,50266,116.198,0.895,0.089,coastal,89
50528,50469,173.435,1.11,0.111,coastal,111
50528,50733,26.448,0.882,0.926,road,926
50529,50524,146.219,1.118,0.112,coastal,112
50529,50527,61.426,0.665,0.067,coastal,67
50529,50530,59.041,0.552,0.055,coastal,55
50529,50537,163.739,1.192,0.119,coastal,119
50529,50545,866.12,4.86,0.486,overseas,486
50530,50086,92.614,0.856,0.086,coastal,86
50530,50529,59.041,0.444,0.044,coastal,44
50530,50535,114.496,0.744,0.074,coastal,74
50531,50036,60.154,0.481,0.048,coastal,48
50531,50538,254.094,1.969,0.197,coastal,197
50533,50034,818.454,7.206,0.721,overseas,721
50533,50086,142.655,1.102,0.11,coastal,110
50533,50266,357.582,3.238,0.324,coastal,324
50533,50336,435.804,4.108,0.411,coastal,411
50533,50534,11.975,0.125,0.012,coastal,12
50533,50535,51.822,0.436,0.044,coastal,44
50533,50537,139.208,0.932,0.093,coastal,93
50534,50273,235.761,7.859,8.252,road,8252
50534,50533,11.975,0.125,0.012,coastal,12
50534,50535,25.927,0.864,0.907,road,907
50535,50159,68.218,0.572,0.057,coastal,57
50535,50530,114.496,0.738,0.074,coastal,74
50535,50533,51.822,0.361,0.036,coastal,36
50535,50534,25.927,0.864,0.907,road,907
50535,50750,37.603,1.253,1.316,road,1316
50537,50273,103.213,0.605,0.06,coastal,60
50537,50529,163.739,1.495,0.15,coastal,150
50537,50533,139.208,1.324,0.132,coastal,132
50538,50230,583.767,4.136,0.414,coastal,414
50538,50320,115.556,0.794,0.079,coastal,79
50538,50531,254.094,1.346,0.135,coastal,135
50538,50540,674.04,5.8,0.58,overseas,580
50538,50541,673.459,5.66,0.566,overseas,566
50538,50545,213.613,1.421,0.142,coastal,142
50539,50273,25.416,0.226,0.023,coastal,23
50539,50541,171.604,0.894,0.089,coastal,89
50539,50741,107.478,0.431,0.043,coastal,43
50540,50538,668.074,3.354,0.335,overseas,335
50540,50541,44.243,0.283,0.028,coastal,28
50540,50741,81.012,0.666,0.067,coastal,67
50541,50456,606.943,4.575,0.458,overseas,458
50541,50516,546.908,4.438,0.444,overseas,444
50541,50538,667.493,3.364,0.336,overseas,336
50541,50539,171.604,1.675,0.168,coastal,168
50541,50540,44.243,0.406,0.041,coastal,41
50541,50542,32.186,0.239,0.024,coastal,24
50541,50544,116.649,0.876,0.088,coastal,88
50542,50541,32.186,0.344,0.034,coastal,34
50542,50546,118.405,0.674,0.067,coastal,67
50544,50467,47.639,0.3,0.03,coastal,30
50544,50541,116.649,0.686,0.069,coastal,69
50544,50549,145.245,0.8,0.08,coastal,80
50545,50138,16.068,0.536,0.562,road,562
50545,50141,104.584,0.672,0.067,coastal,67
50545,50320,114.8,0.833,0.083,coastal,83
50545,50516,893.707,8.777,0.878,overseas,878
50545,50529,866.12,8.994,0.899,overseas,899
50545,50538,213.613,1.497,0.15,coastal,150
50545,50547,408.544,3.751,0.375,overseas,375
50545,50554,319.746,2.377,0.238,overseas,238
50545,50556,360.512,2.783,0.278,overseas,278
50546,50542,118.405,1.26,0.126,coastal,126
50546,50547,74.615,0.471,0.047,coastal,47
50547,50456,673.362,5.44,0.544,overseas,544
50547,50545,407.894,2.287,0.229,overseas,229
50547,50546,74.615,0.788,0.079,slowcoast,79
50547,50548,45.634,0.414,0.041,coastal,41
50547,50552,70.632,0.442,0.044,coastal,44
50547,50556,148.26,0.825,0.082,coastal,82
50548,50547,45.634,0.307,0.031,coastal,31
50548,50552,83.68,0.471,0.047,coastal,47
50549,50143,75.967,0.737,0.074,slowcoast,74
50549,50544,145.237,1.21,0.121,coastal,121
50549,50550,24.239,0.808,0.848,road,848
50550,50162,51.808,0.345,0.034,coastal,34
50550,50549,24.239,0.808,0.848,road,848
50550,50552,202.566,1.08,0.108,coastal,108
50550,50573,218.326,1.184,0.118,coastal,118
50550,50593,362.188,1.857,0.186,coastal,186
50550,50796,129.053,0.473,0.047,coastal,47
50551,50141,65.052,0.713,0.071,coastal,71
50551,50553,61.968,0.441,0.044,coastal,44
50551,50558,292.973,2.6,0.26,slowover,260
50552,50547,70.632,0.568,0.057,coastal,57
50552,50548,83.68,0.788,0.079,slowcoast,79
50552,50550,220.566,1.83,0.183,coastal,183
50552,50582,303.825,1.563,0.156,coastal,156
50553,50551,61.968,0.789,0.079,coastal,79
50553,50567,172.863,1.089,0.109,coastal,109
50554,50456,886.825,6.985,0.699,overseas,699
50554,50545,319.62,1.932,0.193,overseas,193
50554,50556,65.246,0.574,0.057,coastal,57
50554,50558,73.653,0.442,0.044,coastal,44
50555,50557,141.394,0.74,0.074,coastal,74
50555,50562,131.473,0.679,0.068,coastal,68
50555,50598,367.89,1.884,0.188,coastal,188
50555,50717,363.528,2.996,0.3,coastal,300
50555,50783,272.167,1.452,0.145,coastal,145
50556,50545,360.034,2.134,0.213,overseas,213
50556,50547,148.26,1.563,0.156,slowcoast,156
50556,50554,65.246,0.378,0.038,coastal,38
50556,50577,197.697,1.057,0.106,coastal,106
50557,50050,69.101,0.651,0.065,slowcoast,65
50557,50555,141.394,1.215,0.121,coastal,121
50557,50562,77.307,0.476,0.048,coastal,48
50557,50573,125.181,0.708,0.071,coastal,71
50557,50598,292.92,1.543,0.154,coastal,154
50557,50603,319.4,1.987,0.199,coastal,199
50557,50779,31.671,0.103,0.01,coastal,10
50558,50551,292.973,1.795,0.18,overseas,180
50558,50554,79.483,0.751,0.075,coastal,75
50559,50389,207.348,1.67,0.167,coastal,167
50559,50569,133.217,0.863,0.086,coastal,86
50559,50586,192.915,1.335,0.133,coastal,133
50559,50718,143.326,1.036,0.104,coastal,104
50559,50784,167.46,1.457,0.146,coastal,146
50562,50555,131.473,1.115,0.111,coastal,111
50562,50557,77.307,0.473,0.047,coastal,47
50562,50717,252.013,2.493,0.249,coastal,249
50562,50755,193.346,1.847,0.185,coastal,185
50562,50778,76.78,0.368,0.037,coastal,37
50564,50569,149.714,1.084,0.108,slowcoast,108
50564,50594,205.152,1.542,0.154,coastal,154
50567,50553,190.72,1.64,0.164,coastal,164
50567,50568,26.833,0.213,0.021,coastal,21
50568,50112,33.713,0.254,0.025,coastal,25
50568,50567,32.803,0.314,0.031,coastal,31
50568,50577,534.708,4.388,0.439,overseas,439
50569,50019,110.177,0.91,0.091,coastal,91
50569,50559,133.105,0.969,0.097,coastal,97
50569,50564,149.714,1.237,0.124,coastal,124
50569,50592,157.536,0.858,0.086,coastal,86
50572,50792,28.437,0.233,0.023,coastal,23
50573,50169,212.307,1.135,0.114,coastal,114
50573,50550,230.067,1.72,0.172,coastal,172
50573,50557,125.181,1.059,0.106,coastal,106
50573,50604,226.227,1.191,0.119,coastal,119
50573,50755,255.35,2.545,0.255,coastal,255
50573,50776,120.214,0.787,0.079,coastal,79
50573,50777,135.61,0.878,0.088,coastal,88
50573,50778,76.068,0.617,0.062,coastal,62
50573,50779,107.092,0.925,0.092,coastal,92
50573,50780,122.19,0.861,0.086,coastal,86
50573,50781,112.095,0.655,0.066,coastal,66
50573,50782,72.208,0.283,0.028,coastal,28
50573,50783,95.53,0.551,0.055,coastal,55
50573,50785,91.941,0.621,0.062,slowcoast,62
50573,50787,112.09,0.783,0.078,coastal,78
50573,50793,39.431,0.2,0.02,coastal,20
50573,50795,124.627,0.824,0.082,coastal,82
50573,50797,94.46,0.728,0.073,coastal,73
50573,50798,33.56,0.331,0.033,coastal,33
50573,50800,35.792,0.275,0.028,coastal,28
50573,50801,128.409,0.833,0.083,slowcoast,83
50577,50556,197.697,1.534,0.153,coastal,153
50577,50568,534.708,3.143,0.314,overseas,314
50577,50582,55.3,0.328,0.033,coastal,33
50582,50552,321.016,2.682,0.268,coastal,268
50582,50577,55.3,0.477,0.048,coastal,48
50582,50593,173.506,1.219,0.122,coastal,122
50582,50758,52.418,0.349,0.035,coastal,35
50582,50801,147.176,1.365,0.136,coastal,136
50586,50019,32.828,0.234,0.023,coastal,23
50586,50559,192.467,1.213,0.121,coastal,121
50586,50592,136.909,0.765,0.076,coastal,76
50586,50594,84.916,0.766,0.077,coastal,77
50586,50613,492.047,2.975,0.297,slowcoast,297
50588,50169,134.778,0.678,0.068,coastal,68
50588,50363,126.76,0.66,0.066,coastal,66
50588,50592,108.865,0.906,0.091,coastal,91
50588,50597,135.311,0.759,0.076,coastal,76
50588,50613,313.931,1.896,0.19,coastal,190
50590,50019,56.647,0.359,0.036,coastal,36
50590,50169,336.653,1.68,0.168,coastal,168
50590,50223,71.208,5.527,0.553,coastal,553
50590,50594,41.416,0.449,0.045,coastal,45
50590,50613,515.806,2.582,0.258,coastal,258
50592,50569,174.37,1.163,0.116,coastal,116
50592,50586,142.84,1.004,0.1,coastal,100
50592,50588,108.865,0.619,0.062,coastal,62
50593,50550,373.929,3.021,0.302,coastal,302
50593,50582,173.506,0.954,0.095,coastal,95
50593,50613,191.696,1.012,0.101,coastal,101
50593,50775,104.022,0.54,0.054,coastal,54
50593,50776,58.191,0.534,0.053,coastal,53
50593,50777,64.713,0.512,0.051,coastal,51
50593,50788,51.15,0.241,0.024,coastal,24
50594,50214,62.235,5.345,0.535,coastal,535
50594,50564,205.152,1.239,0.124,coastal,124
50594,50586,73.66,0.443,0.044,coastal,44
50594,50590,41.416,0.291,0.029,coastal,29
50594,50725,249.268,1.514,0.151,coastal,151
50597,50588,135.311,1.302,0.13,coastal,130
50597,50598,15.397,0.168,0.017,coastal,17
50597,50604,109.842,0.713,0.071,slowcoast,71
50597,50613,204.866,1.272,0.127,slowcoast,127
50597,50776,145.962,0.828,0.083,coastal,83
50597,50780,55.821,0.35,0.035,coastal,35
50597,50783,99.899,0.826,0.083,coastal,83
50597,50786,168.673,1.152,0.115,coastal,115
50597,50795,61.821,0.32,0.032,coastal,32
50598,50169,46.841,0.292,0.029,coastal,29
50598,50555,367.89,3.094,0.309,coastal,309
50598,50557,292.397,2.191,0.219,coastal,219
50598,50597,15.397,0.193,0.019,coastal,19
50598,50610,89.361,0.477,0.048,coastal,48
50599,50223,52.332,0.34,0.034,coastal,34
50599,50272,282.702,2.444,0.244,coastal,244
50599,50301,140.961,1.202,0.12,coastal,120
50599,50609,60.57,0.499,0.05,coastal,50
50602,50291,465.407,2.718,0.272,overseas,272
50602,50613,160.981,1.001,0.1,coastal,100
50602,50758,108.12,0.832,0.083,coastal,83
50603,50050,374.068,3.167,0.317,coastal,317
50603,50557,319.4,2.62,0.262,coastal,262
50603,50604,34.307,0.272,0.027,slowcoast,27
50603,50608,31.777,0.236,0.024,coastal,24
50603,50610,36.732,0.249,0.025,coastal,25
50603,50613,135.13,0.864,0.086,coastal,86
50603,50790,367.359,3.106,0.311,coastal,311
50603,50791,60.79,0.559,0.056,coastal,56
50604,50573,226.227,1.932,0.193,coastal,193
50604,50597,109.842,1.062,0.106,coastal,106
50604,50603,34.307,0.36,0.036,coastal,36
50604,50606,29.334,0.231,0.023,coastal,23
50604,50608,27.031,0.206,0.021,coastal,21
50604,50613,119.749,0.64,0.064,coastal,64
50604,50790,396.829,3.34,0.334,coastal,334
50606,50604,29.334,0.299,0.03,coastal,30
50606,50608,43.23,0.379,0.038,coastal,38
50606,50613,103.32,0.703,0.07,slowcoast,70
50606,50614,141.745,0.812,0.081,coastal,81
50606,50775,23.028,0.085,0.009,coastal,9
50608,50603,31.777,0.342,0.034,slowcoast,34
50608,50604,27.031,0.201,0.02,coastal,20
50608,50606,43.23,0.307,0.031,coastal,31
50609,50599,54.968,0.34,0.034,coastal,34
50609,50612,100.76,0.739,0.074,coastal,74
50610,50598,89.361,0.797,0.08,coastal,80
50610,50603,36.732,0.269,0.027,coastal,27
50611,50280,105.553,0.833,0.083,coastal,83
50611,50617,187.715,1.158,0.116,coastal,116
50612,50129,160.657,1.359,0.136,coastal,136
50612,50301,85.74,0.709,0.071,coastal,71
50612,50609,100.782,0.664,0.066,coastal,66
50612,50619,125.169,1.017,0.102,coastal,102
50613,50017,652.849,3.222,0.322,overseas,322
50613,50169,242.042,2.129,0.213,coastal,213
50613,50440,107.373,0.591,0.059,coastal,59
50613,50586,492.032,4.495,0.45,coastal,450
50613,50588,313.931,2.957,0.296,coastal,296
50613,50590,561.522,4.718,0.472,coastal,472
50613,50593,191.696,1.571,0.157,coastal,157
50613,50597,204.866,1.947,0.195,coastal,195
50613,50602,160.981,0.974,0.097,coastal,97
50613,50603,135.13,1.278,0.128,coastal,128
50613,50604,119.749,1.117,0.112,coastal,112
50613,50606,103.32,0.946,0.095,coastal,95
50613,50614,67.445,0.454,0.045,coastal,45
50613,50631,587.306,2.941,0.294,coastal,294
50613,50642,719.073,3.585,0.359,coastal,359
50613,50755,571.326,5.101,0.51,coastal,510
50613,50758,256.332,1.669,0.167,overseas,167
50613,50775,114.597,0.95,0.095,coastal,95
50613,50796,481.038,3.591,0.359,coastal,359
50613,50799,128.861,0.78,0.078,coastal,78
50614,50440,102.676,0.553,0.055,coastal,55
50614,50606,141.745,1.119,0.112,coastal,112
50614,50613,67.445,0.407,0.041,coastal,41
50617,50129,32.669,0.252,0.025,coastal,25
50617,50611,187.715,1.182,0.118,coastal,118
50617,50646,849.693,5.643,0.564,overseas,564
50618,50200,79.603,0.526,0.053,coastal,53
50618,50403,152.462,10.164,1.037,upstream,1037
50619,50272,154.475,0.8,0.08,coastal,80
50619,50612,119.549,0.703,0.07,coastal,70
50620,50200,277.064,1.715,0.171,coastal,171
50620,50621,167.685,0.996,0.1,coastal,100
50620,50623,220.418,1.232,0.123,coastal,123
50621,50620,167.685,1.044,0.104,coastal,104
50621,50623,172.676,1.07,0.107,coastal,107
50622,50353,223.317,1.547,0.155,coastal,155
50622,50439,292.578,2.418,0.242,coastal,242
50622,50440,360.554,3.03,0.303,coastal,303
50622,50452,45.035,0.304,0.03,coastal,30
50622,50624,123.171,0.715,0.072,coastal,72
50622,50628,106.99,0.605,0.061,coastal,61
50623,50620,220.418,1.399,0.14,coastal,140
50623,50621,172.676,1.209,0.121,coastal,121
50623,50627,163.527,0.979,0.098,coastal,98
50624,50353,176.139,1.594,0.159,coastal,159
50624,50439,273.639,3.067,0.307,coastal,307
50624,50622,123.171,0.936,0.094,coastal,94
50624,50628,90.874,0.514,0.051,coastal,51
50624,50631,159.6,0.85,0.085,coastal,85
50625,50452,126.721,1.044,0.104,coastal,104
50625,50630,104.393,0.564,0.056,coastal,56
50626,50446,113.068,0.793,0.079,coastal,79
50626,50627,309.085,1.986,0.199,coastal,199
50626,50632,83.382,0.594,0.059,coastal,59
50626,50651,694.007,4.085,0.409,overseas,409
50627,50200,400.777,2.637,0.264,overseas,264
50627,50446,364.667,2.058,0.206,overseas,206
50627,50623,163.527,1.131,0.113,coastal,113
50627,50626,309.085,1.675,0.168,coastal,168
50627,50641,266.047,1.578,0.158,coastal,158
50628,50622,106.99,1.105,0.111,coastal,111
50628,50624,90.874,0.665,0.067,coastal,67
50628,50634,151.974,0.827,0.083,coastal,83
50630,50073,193.814,0.975,0.098,coastal,98
50630,50453,55.93,0.408,0.041,coastal,41
50630,50625,104.393,0.881,0.088,coastal,88
50630,50634,115.407,0.658,0.066,coastal,66
50631,50613,701.144,5.885,0.589,coastal,589
50631,50624,159.6,1.633,0.163,coastal,163
50631,50634,100.799,0.573,0.057,coastal,57
50631,50642,147.33,0.769,0.077,coastal,77
50632,50626,83.395,0.626,0.063,coastal,63
50632,50639,99.094,0.697,0.07,coastal,70
50634,50453,88.374,0.803,0.08,coastal,80
50634,50454,147.953,0.806,0.081,coastal,81
50634,50628,151.974,1.631,0.163,coastal,163
50634,50630,115.407,0.877,0.088,coastal,88
50634,50631,100.799,0.724,0.072,coastal,72
50634,50642,143.643,0.775,0.078,coastal,78
50636,50243,16.714,0.557,0.585,road,585
50636,50637,20.781,0.207,0.021,coastal,21
50636,50658,52.652,0.336,0.034,coastal,34
50637,50094,45.97,0.363,0.036,coastal,36
50637,50636,20.781,0.176,0.018,coastal,18
50639,50430,371.853,2.555,0.255,coastal,255
50639,50458,166.077,1.091,0.109,coastal,109
50639,50632,99.094,0.767,0.077,coastal,77
50639,50641,356.71,2.177,0.218,overseas,218
50639,50646,391.822,2.36,0.236,coastal,236
50639,50649,302.858,1.947,0.195,coastal,195
50641,50627,266.033,1.781,0.178,coastal,178
50641,50639,356.71,2.067,0.207,overseas,207
50641,50646,116.331,0.714,0.071,coastal,71
50642,50216,69.777,0.405,0.04,coastal,40
50642,50454,69.8,0.386,0.039,coastal,39
50642,50613,832.912,7.36,0.736,coastal,736
50642,50631,147.33,1.599,0.16,coastal,160
50642,50634,143.643,1.247,0.125,coastal,125
50643,50073,38.614,0.255,0.026,coastal,26
50643,50719,69.065,0.515,0.051,coastal,51
50644,50024,46.718,1.557,1.635,road,1635
50644,50216,51.721,0.349,0.035,coastal,35
50644,50454,86.564,0.594,0.059,coastal,59
50646,50617,841.611,5.163,0.516,overseas,516
50646,50639,393.005,2.355,0.236,coastal,236
50646,50641,116.331,0.859,0.086,coastal,86
50646,50648,90.567,0.578,0.058,coastal,58
50646,50650,346.635,2.227,0.223,coastal,223
50647,50458,92.433,0.715,0.071,coastal,71
50647,50649,91.245,0.603,0.06,coastal,60
50648,50646,90.567,0.729,0.073,coastal,73
50648,50651,418.074,2.461,0.246,coastal,246
50649,50401,191.14,1.212,0.121,coastal,121
50649,50639,303.403,2.327,0.233,coastal,233
50649,50647,91.245,0.694,0.069,coastal,69
50650,50646,346.635,2.488,0.249,coastal,249
50651,50626,693.876,4.74,0.474,overseas,474
50651,50648,417.506,2.959,0.296,coastal,296
50651,50652,139.622,0.843,0.084,coastal,84
50652,50401,230.495,1.698,0.17,coastal,170
50652,50651,139.567,1.11,0.111,coastal,111
50654,50181,49.562,0.272,0.027,coastal,27
50654,50297,193.645,1.608,0.161,coastal,161
50658,50046,30.969,0.205,0.02,coastal,20
50658,50636,52.652,0.354,0.035,coastal,35
50660,50284,66.032,1.321,0.449,fastup,449
50660,50674,49.565,0.413,0.169,fastdown,169
50661,50192,45.734,0.381,0.155,fastdown,155
50661,50690,237.722,7.924,8.32,road,8320
50674,50150,58.307,0.583,0.198,downstream,198
50674,50660,49.565,0.991,0.337,fastup,337
50677,50130,166.669,5.556,5.833,road,5833
50678,50217,14.361,0.479,0.503,road,503
50678,50700,234.137,7.805,8.195,road,8195
50682,50291,331.149,11.038,11.59,road,11590
50682,50690,373.569,12.452,13.075,road,13075
50690,50661,237.722,7.924,8.32,road,8320
50690,50682,373.569,12.452,13.075,road,13075
50690,50700,170.065,5.669,5.952,road,5952
50700,50678,234.137,7.805,8.195,road,8195
50700,50690,170.065,5.669,5.952,road,5952
50713,50108,362.107,3.469,0.347,slowcoast,347
50713,50179,259.333,2.956,0.296,coastal,296
50713,50354,344.659,2.891,0.289,overseas,289
50714,50505,141.273,1.044,0.104,coastal,104
50714,50516,256.908,1.548,0.155,coastal,155
50715,50507,85.274,0.698,0.07,coastal,70
50715,50513,121.232,0.723,0.072,coastal,72
50716,50250,485.744,3.82,0.382,overseas,382
50716,50487,126.699,0.947,0.095,coastal,95
50716,50489,102.157,0.689,0.069,coastal,69
50717,50389,240.75,2.117,0.212,coastal,212
50717,50555,363.528,2.343,0.234,coastal,234
50717,50562,252.013,1.306,0.131,coastal,131
50717,50755,87.038,0.346,0.035,coastal,35
50718,50305,57.267,1.909,2.004,road,2004
50718,50389,96.883,3.229,3.391,road,3391
50718,50559,137.758,0.873,0.087,coastal,87
50718,50725,93.293,0.67,0.067,coastal,67
50719,50038,23.756,0.792,0.831,road,831
50719,50225,125.124,1.001,0.1,coastal,100
50719,50452,344.039,3.52,0.352,overseas,352
50719,50643,69.065,0.473,0.047,slowcoast,47
50720,50327,68.622,2.287,2.402,road,2402
50720,50378,23.678,1.579,0.081,downstream,81
50721,50128,114.057,3.802,3.992,road,3992
50721,50283,74.301,2.477,2.601,road,2601
50721,50726,3.835,0.128,0.134,road,134
50725,50029,252.022,8.401,8.821,road,8821
50725,50305,19.258,0.642,0.674,road,674
50725,50594,249.268,1.864,0.186,coastal,186
50725,50718,82.087,0.474,0.047,coastal,47
50726,50163,223.507,7.45,7.823,road,7823
50726,50283,79.81,0.665,0.271,fastdown,271
50726,50721,3.835,0.128,0.134,road,134
50727,50058,107.811,3.594,3.773,road,3773
50727,50163,21.155,0.705,0.74,road,740
50727,50360,149.634,4.988,5.237,road,5237
50730,50090,101.318,3.377,3.546,road,3546
50730,50186,49.61,1.654,1.736,road,1736
50730,50421,70.027,2.334,2.451,road,2451
50731,50152,30.262,1.009,1.059,road,1059
50731,50359,91.559,3.052,3.205,road,3205
50731,50732,209.719,6.991,7.34,road,7340
50732,50266,24.238,0.808,0.848,road,848
50732,50731,209.719,6.991,7.34,road,7340
50732,50733,57.472,1.916,2.012,road,2012
50733,50151,97.903,3.263,3.427,road,3427
50733,50528,26.448,0.882,0.926,road,926
50733,50732,57.472,1.916,2.012,road,2012
50735,50154,165.643,5.521,5.798,road,5798
50735,50341,16.749,0.558,0.586,road,586
50735,50757,73.038,2.435,2.556,road,2556
50736,50259,65.711,2.19,2.3,road,2300
50736,50361,119.883,3.996,4.196,road,4196
50736,50737,51.46,1.715,1.801,road,1801
50737,50118,22.972,0.766,0.804,road,804
50737,50351,102.884,3.429,3.601,road,3601
50737,50736,51.46,1.715,1.801,road,1801
50738,50114,17.144,0.571,0.6,road,600
50738,50310,37.65,1.255,1.318,road,1318
50738,50423,95.666,3.189,3.348,road,3348
50739,50025,75.543,2.518,2.644,road,2644
50739,50027,49.865,1.662,1.745,road,1745
50739,50153,196.623,6.554,6.882,road,6882
50741,50539,107.478,0.689,0.069,coastal,69
50741,50540,81.012,0.292,0.029,coastal,29
50742,50263,82.708,2.757,2.895,road,2895
50742,50419,92.801,3.093,3.248,road,3248
50743,50228,110.789,1.704,0.377,downstream,377
50743,50287,70.022,2.334,2.451,road,2451
50743,50314,162.509,10.834,1.105,upstream,1105
50743,50325,146.431,2.929,0.996,fastup,996
50744,50058,149.43,4.981,5.23,road,5230
50744,50075,294.636,9.821,10.312,road,10312
50744,50248,177.724,5.924,6.22,road,6220
50745,50011,98.403,0.82,0.335,fastdown,335
50745,50208,178.29,5.943,6.24,road,6240
50745,50295,16.086,0.536,0.563,road,563
50746,50020,23.899,0.797,0.836,road,836
50746,50294,22.494,0.75,0.787,road,787
50746,50502,42.416,1.414,1.485,road,1485
50747,50004,26.316,0.877,0.921,road,921
50747,50211,15.165,0.506,0.531,road,531
50747,50339,76.54,2.551,2.679,road,2679
50748,50035,15.258,0.509,0.534,road,534
50748,50259,227.801,7.593,7.973,road,7973
50748,50343,204.031,6.801,7.141,road,7141
50749,50345,12.939,0.431,0.453,road,453
50749,50469,25.941,0.865,0.908,road,908
50749,50472,159.541,5.318,5.584,road,5584
50750,50159,34.517,1.151,1.208,road,1208
50750,50191,176.892,5.896,6.191,road,6191
50750,50535,37.603,1.253,1.316,road,1316
50751,50146,189.485,6.316,6.632,road,6632
50751,50187,79.662,2.655,2.788,road,2788
50751,50306,102.928,3.431,3.602,road,3602
50752,50124,98.779,3.293,3.457,road,3457
50752,50257,27.535,0.918,0.964,road,964
50752,50468,56.475,1.882,1.977,road,1977
50753,50045,61.461,2.049,2.151,road,2151
50753,50089,56.194,1.873,1.967,road,1967
50753,50201,54.429,1.814,1.905,road,1905
50754,50078,63.525,1.271,0.432,fastup,432
50754,50309,226.69,4.534,1.541,fastup,1541
50754,50323,91.328,0.761,0.311,fastdown,311
50755,50389,200.364,1.869,0.187,coastal,187
50755,50562,193.346,1.171,0.117,slowcoast,117
50755,50573,255.35,1.578,0.158,coastal,158
50755,50613,565.693,2.662,0.266,coastal,266
50755,50717,87.038,0.612,0.061,coastal,61
50756,50379,257.98,1.605,0.16,overseas,160
50756,50448,148.751,0.914,0.091,coastal,91
50756,50486,736.23,5.012,0.501,overseas,501
50757,50030,9.332,0.311,0.327,road,327
50757,50282,316.112,10.537,11.064,road,11064
50757,50735,73.038,2.435,2.556,road,2556
50758,50457,323.152,2.503,0.25,coastal,250
50758,50582,52.418,0.471,0.047,coastal,47
50758,50602,108.12,0.646,0.065,coastal,65
50758,50613,256.332,1.477,0.148,overseas,148
50759,50232,53.122,1.062,0.361,fastup,361
50759,50303,182.809,1.32,0.132,coastal,132
50759,50411,191.828,0.988,0.099,coastal,99
50760,50080,37.738,1.258,1.321,road,1321
50760,50215,27.12,0.904,0.949,road,949
50760,50304,91.64,3.055,3.207,road,3207
50761,50134,104.54,0.754,0.075,coastal,75
50761,50307,96.778,0.753,0.075,coastal,75
50761,50489,53.106,0.441,0.044,coastal,44
50762,50286,317.835,2.619,0.262,coastal,262
50762,50322,115.546,0.961,0.096,coastal,96
50762,50326,270.492,1.706,0.171,coastal,171
50763,50013,96.957,3.232,3.393,road,3393
50763,50315,45.765,1.526,1.602,road,1602
50763,50408,67.199,2.24,2.352,road,2352
50764,50251,49.346,0.987,0.336,fastup,336
50764,50309,22.656,0.189,0.077,fastdown,77
50764,50395,42.895,2.86,0.292,upstream,292
50765,50237,11.803,0.393,0.413,road,413
50765,50241,41.485,1.383,1.452,road,1452
50765,50307,10.076,0.336,0.353,road,353
50766,50026,48.921,1.631,1.712,road,1712
50766,50225,62.115,2.071,2.174,road,2174
50766,50767,50.376,1.679,1.763,road,1763
50767,50024,17.82,0.594,0.624,road,624
50767,50139,93.983,3.133,3.289,road,3289
50767,50766,50.376,1.679,1.763,road,1763
50768,50085,38.857,1.295,1.36,road,1360
50768,50105,80.008,2.667,2.8,road,2800
50768,50343,95.904,3.197,3.357,road,3357
50769,50158,120.236,4.008,4.208,road,4208
50769,50403,61.964,2.065,2.169,road,2169
50769,50770,58.921,1.964,2.062,road,2062
50770,50200,24.097,0.803,0.843,road,843
50770,50399,27.755,0.925,0.971,road,971
50770,50769,58.921,1.964,2.062,road,2062
50771,50026,36.41,1.214,1.274,road,1274
50771,50072,115.885,3.863,4.056,road,4056
50771,50170,14.483,0.483,0.507,road,507
50771,50290,170.6,5.687,5.971,road,5971
50772,50144,26.521,0.884,0.928,road,928
50772,50309,48.62,1.621,1.702,road,1702
50772,50395,20.577,0.686,0.72,road,720
50773,50251,44.464,1.482,1.556,road,1556
50773,50309,19.015,0.634,0.666,road,666
50773,50395,32.165,1.072,1.126,road,1126
50774,50061,121.241,4.041,4.243,road,4243
50774,50444,93.531,3.118,3.274,road,3274
50774,50445,67.49,2.25,2.362,road,2362
50775,50593,104.022,0.694,0.069,coastal,69
50775,50606,23.028,0.099,0.01,coastal,10
50775,50613,114.597,0.571,0.057,coastal,57
50775,50799,58.562,0.184,0.018,coastal,18
50776,50573,120.214,0.987,0.099,coastal,99
50776,50593,58.191,0.26,0.026,coastal,26
50776,50597,145.962,0.94,0.094,coastal,94
50776,50777,59.317,0.269,0.027,coastal,27
50776,50786,37.028,0.153,0.015,coastal,15
50776,50788,55.058,0.156,0.016,coastal,16
50777,50573,135.61,1.237,0.124,coastal,124
50777,50593,64.713,0.354,0.035,coastal,35
50777,50776,59.317,0.407,0.041,coastal,41
50777,50801,66.915,0.426,0.043,coastal,43
50778,50562,76.78,0.453,0.045,coastal,45
50778,50573,76.068,0.356,0.036,coastal,36
50778,50800,52.785,0.202,0.02,coastal,20
50779,50557,31.671,0.125,0.012,coastal,12
50779,50573,107.092,0.568,0.057,coastal,57
50779,50800,94.311,0.493,0.049,coastal,49
50780,50573,122.19,0.833,0.083,coastal,83
50780,50597,55.821,0.303,0.03,coastal,30
50780,50783,52.562,0.337,0.034,coastal,34
50781,50573,112.107,0.563,0.056,coastal,56
50781,50798,90.101,0.415,0.042,coastal,42
50782,50573,72.208,0.404,0.04,coastal,40
50782,50786,100.976,0.408,0.041,coastal,41
50782,50788,113.655,0.39,0.039,coastal,39
50783,50555,272.167,2.144,0.214,coastal,214
50783,50573,95.53,0.585,0.059,coastal,59
50783,50597,99.899,0.534,0.053,coastal,53
50783,50780,52.562,0.232,0.023,coastal,23
50783,50792,91.035,0.519,0.052,coastal,52
50783,50800,107.497,0.681,0.068,coastal,68
50784,50559,167.46,1.096,0.11,coastal,110
50785,50573,91.941,0.749,0.075,coastal,75
50785,50787,101.921,0.677,0.068,coastal,68
50785,50801,50.182,0.201,0.02,coastal,20
50786,50597,168.673,1.09,0.109,coastal,109
50786,50776,37.028,0.151,0.015,coastal,15
50786,50782,100.976,0.647,0.065,coastal,65
50787,50573,112.09,0.724,0.072,coastal,72
50787,50785,102.051,0.517,0.052,coastal,52
50787,50797,37.107,0.212,0.021,coastal,21
50788,50593,51.15,0.139,0.014,coastal,14
50788,50776,55.058,0.202,0.02,coastal,20
50788,50782,113.655,0.69,0.069,coastal,69
50788,50789,51.226,0.199,0.02,coastal,20
50788,50795,105.381,0.604,0.06,coastal,60
50789,50788,51.226,0.17,0.017,coastal,17
50789,50790,301.206,2.492,0.249,coastal,249
50790,50603,367.359,2.062,0.206,coastal,206
50790,50604,396.829,2.201,0.22,coastal,220
50790,50789,301.206,1.679,0.168,coastal,168
50790,50795,295.275,1.624,0.162,coastal,162
50791,50603,60.79,0.261,0.026,coastal,26
50792,50572,28.437,0.133,0.013,coastal,13
50792,50783,91.035,0.501,0.05,coastal,50
50793,50573,39.431,0.343,0.034,coastal,34
50795,50573,124.627,0.865,0.086,coastal,86
50795,50597,61.821,0.347,0.035,coastal,35
50795,50788,105.381,0.438,0.044,coastal,44
50795,50790,295.275,2.274,0.227,coastal,227
50796,50522,1033.292,9.281,0.928,coastal,928
50796,50550,129.053,0.869,0.087,coastal,87
50796,50613,481.038,2.554,0.255,coastal,255
50797,50573,93.129,0.628,0.063,coastal,63
50797,50787,37.107,0.166,0.017,coastal,17
50798,50573,33.56,0.154,0.015,coastal,15
50798,50781,90.101,0.457,0.046,coastal,46
50799,50613,128.861,0.64,0.064,coastal,64
50799,50775,58.562,0.308,0.031,coastal,31
50800,50573,35.792,0.156,0.016,coastal,16
50800,50778,52.785,0.343,0.034,coastal,34
50800,50779,94.311,0.593,0.059,coastal,59
50800,50783,107.497,0.559,0.056,coastal,56
50801,50573,128.416,1.091,0.109,coastal,109
50801,50582,147.176,0.741,0.074,coastal,74
50801,50777,66.915,0.334,0.033,coastal,33
50801,50785,50.182,0.344,0.034,coastal,34