id,name,rank,lon,lat,cost,target,province,modern
50001,Abodiacum,60,10.909,47.909,0,0,Raetia,Germany
50002,Ad fl. Tigrim,60,42.191,37.341,0,0,Armenia,Turkey
50003,Ad Publicanos,60,6.374,45.671,0,0,Narbonensis,France
50004,Ad Tricesimum,60,13.215,46.157,0,0,Italia,Italy
50005,Ad Aras,60,-0.977,38.736,0,0,Tarraconensis,Spain
50006,Adramyttium,80,26.937,39.504,0,0,Asia,Turkey
50007,Aeclanum,80,15.01,41.062,0,0,Italia,Italy
50008,Aelana,80,34.999,29.531,0,0,Arabia Petraea,Jordan
50009,Aequum Tuticum,70,15.074,41.257,0,0,Italia,Italy
50010,Aesernia,80,14.23,41.593,0,0,Italia,Italy
50011,Aesuris,70,-7.446,37.217,0,0,Lusitania,Portugal
50012,Ara Agrippinensium,90,6.943,50.944,0,0,Germania Inferior,Germany
50013,Aguntum,80,12.819,46.839,0,0,Noricum,Austria
50014,Ake-Ptolemais,80,35.077,32.926,0,0,Palestine,Israel
50015,Alba Fucens,80,13.411,42.079,0,0,Italia,Italy
50016,Albulae,70,-1.158,35.292,0,0,Mauretania Caesariensis,Algeria
50017,Alexandria,100,29.91,31.2,0,0,Aegyptus,Egypt
50019,Alexandria Troas,80,26.152,39.76,0,0,Asia,Turkey
50020,Altinum,80,12.407,45.542,0,0,Italia,Italy
50021,Ammaedara,80,8.459,35.573,0,0,Numidia,Tunisia
50022,Ancona,90,13.518,43.615,0,0,Italia,Italy
50023,Ancyra,90,32.873,39.947,0,0,Cappadocia,Turkey
50024,Antiochia,100,36.169,36.208,0,0,Syria,Turkey
50025,Caesarea (Phrygia),90,31.18,38.301,0,0,Cappadocia,Turkey
50026,Apamea,90,36.406,35.417,0,0,Syria,Syria
50027,Apamea (Pisidia),90,30.171,38.074,0,0,Asia,Turkey
50028,Aphroditopolis,80,31.252,29.407,0,0,Aegyptus,Egypt
50029,Claudia Aprensis,90,27.066,40.976,0,0,Thracia,Turkey
50030,Apulum,90,23.59,46.067,0,0,Dacia,Romania
50031,Aquae Sextiae,80,5.441,43.534,0,0,Narbonensis,France
50032,Aquae Sulis,70,-2.372,51.395,0,0,Britannia,United Kingdom
50033,Aquae Terebellicae,70,-1.061,43.732,0,0,Aquitania,France
50034,Aquileia,90,13.364,45.767,0,0,Italia,Italy
50035,Aquincum,90,19.047,47.571,0,0,Panonia Inferior,Hungary
50036,Arae Philaenorum,70,18.787,30.293,0,0,Cyrenica,Libya
50037,Arausio,80,4.809,44.137,0,0,Narbonensis,France
50038,x,6,36.039,34.534,0,0,Palestine,Lebanon
50039,Archelais,80,34.048,38.384,0,0,Cappadocia,Turkey
50040,Arelate,90,4.627,43.687,0,0,Narbonensis,France
50041,Argentorate,80,7.765,48.594,0,0,Germania Superior,France
50042,Ariminum,80,12.563,44.059,0,0,Italia,Italy
50043,Arretium,90,11.862,43.47,0,0,Italia,Italy
50045,Arupium,70,15.29,44.829,0,0,Dalmatia,Croatia
50046,Ascalon,90,34.546,31.669,0,0,Judea,Israel
50047,Asculum,90,13.574,42.854,0,0,Italia,Italy
50048,Asturica,90,-6.049,42.462,0,0,Tarraconensis,Spain
50049,Aternum,80,14.213,42.464,0,0,Italia,Italy
50050,Athenae,90,23.721,37.974,0,0,Graecia,Greece
50051,Aufidena,60,16.193,41.335,0,0,Italia,Italy
50052,Augusta Praetoria,80,7.313,45.736,0,0,Italia,Italy
50053,Augusta Raurica,80,7.727,47.544,0,0,Germania Superior,Switzerland
50054,Augusta Suessionum,70,3.325,49.38,0,0,Belgica,France
50055,Augusta Taurinorum,80,7.686,45.069,0,0,Alpes Cottidae,Italy
50056,Augusta Vindelicum,90,10.894,48.364,0,0,Raetia,Germany
50057,Augustobona,70,4.063,48.307,0,0,Lugudunensis,France
50058,Augustobriga,70,-5.677,39.806,0,0,Lusitania,Spain
50059,Augustodunum,80,4.283,46.967,0,0,Lugudunensis,France
50060,Auzia,80,3.685,36.148,0,0,Mauretania Caesariensis,Algeria
50061,Avaricum,90,2.405,47.081,0,0,Aquitania,France
50062,Aventicum,80,7.028,46.881,0,0,Germania Superior,Switzerland
50063,Bagacum,70,3.81,50.303,0,0,Belgica,France
50064,Banasa,80,-6.118,34.609,0,0,Mauretania Tingitana,Morocco
50065,Barcino,90,2.159,41.361,0,0,Tarraconensis,Spain
50066,Barium,70,16.869,41.128,0,0,Italia,Italy
50067,Batnae,80,38.424,36.975,0,0,Syria,Turkey
50068,Beneharnum,70,-0.436,43.332,0,0,Aquitania,France
50069,Beneventum,90,14.761,41.137,0,0,Italia,Italy
50070,Berenice,80,35.481,23.901,0,0,Aegyptus,Egypt
50072,Beroia,80,37.152,36.219,0,0,Syria,Syria
50073,Berytus,90,35.521,33.898,0,0,Palestine,Lebanon
50074,Eleutheropolis,90,34.888,31.62,0,0,Judea,Israel
50075,Bilbilis,80,-1.604,41.381,0,0,Tarraconensis,Spain
50076,Claudiopolis,80,31.6,40.74,0,0,Bithynia,Turkey
50077,Bonna,80,7.085,50.744,0,0,Germania Inferior,Germany
50078,Bononia,80,11.348,44.494,0,0,Italia,Italy
50079,Bononia (Moesia),80,22.895,44.007,0,0,Moesia Superior,Bulgaria
50080,Bostra,90,36.484,32.517,0,0,Arabia Petraea,Syria
50081,Bovianum,80,14.473,41.486,0,0,Italia,Italy
50082,Bracara Augusta,90,-8.424,41.551,0,0,Tarraconensis,Portugal
50083,Brigantium,70,9.725,47.495,0,0,Raetia,Austria
50084,Flavium Brigantium,70,-8.397,43.37,0,0,Tarraconensis,Spain
50085,Brigetio,80,18.145,47.737,0,0,Panonia Inferior,Hungary
50086,Brundisium,80,17.938,40.635,0,0,Italia,Italy
50087,Bulla Regia,80,8.742,36.564,0,0,Numidia,Tunisia
50088,Burdigala,90,-0.586,44.856,0,0,Aquitania,France
50089,Burnum,80,15.996,44.009,0,0,Dalmatia,Croatia
50090,Burrio,80,-2.93,51.741,0,0,Britannia,United Kingdom
50091,Cabilonnum,70,4.839,46.782,0,0,Lugudunensis,France
50092,Caeciliana,70,38.121,36.661,0,0,Syria,Syria
50093,Caesaraugusta,90,-0.872,41.646,0,0,Tarraconensis,Spain
50094,Caesarea Maritima,80,34.898,32.508,0,0,Judea,Israel
50095,Caesarea (Cappadocia),90,35.502,38.721,0,0,Cappadocia,Turkey
50096,Caesarodunum,80,0.701,47.383,0,0,Lugudunensis,France
50097,Calagurris,80,-1.966,42.303,0,0,Tarraconensis,Spain
50098,Calleva,80,-1.075,51.375,0,0,Britannia,United Kingdom
50099,Cambete,60,7.496,47.666,0,0,Germania Superior,France
50100,Cambodunum,80,10.326,47.726,0,0,Raetia,Germany
50101,Camulodunum,80,0.897,51.891,0,0,Britannia,United Kingdom
50102,Canusium,80,16.065,41.221,0,0,Italia,Italy
50103,Capsa,80,8.789,34.412,0,0,Africa,Tunisia
50104,Capua,90,14.242,41.085,0,0,Italia,Italy
50105,Carnuntum,80,16.916,48.121,0,0,Pannonia Superior,Austria
50106,Carrhae,80,39.023,36.875,0,0,Syria,Turkey
50107,Carthago,100,10.312,36.846,0,0,Africa,Tunisia
50108,Carthago Nova,90,-0.992,37.605,0,0,Tarraconensis,Spain
50109,Casinum,90,13.83,41.492,0,0,Italia,Italy
50110,Castrum Truentinum,80,13.905,42.897,0,0,Italia,Italy
50111,Castulo,80,-3.625,38.037,0,0,Tarraconensis,Spain
50112,Catabathmus Maior,80,25.159,31.562,0,0,Aegyptus,Egypt
50113,Caudium,80,14.64,41.063,0,0,Italia,Italy
50114,Celeia,80,15.264,46.234,0,0,Pannonia Superior,Slovenia
50115,Cenabum,80,1.915,47.909,0,0,Lugudunensis,France
50116,Cetium,70,15.622,48.204,0,0,Noricum,Austria
50117,Chalcedon,80,29.03,40.993,0,0,Thracia,Turkey
50118,Cibalae,80,18.8,45.275,0,0,Panonia Inferior,Croatia
50119,Circesium,90,40.449,35.172,0,0,Syria,Syria
50120,Cirta,90,6.593,36.362,0,0,Numidia,Algeria
50121,Civitas Namnetum,70,-1.558,47.214,0,0,Aquitania,France
50122,Clusium,90,11.947,43.016,0,0,Italia,Italy
50123,Clysma,80,32.568,29.958,0,0,Aegyptus,Egypt
50124,Augusta Treverorum,90,6.681,49.761,0,0,Belgica,Germany
50125,Ulpia Traiana Tricensimae,80,6.445,51.668,0,0,Germania Inferior,Germany
50126,Comana,80,36.33,38.337,0,0,Cappadocia,Turkey
50127,Comum,80,9.085,45.811,0,0,Italia,Italy
50128,Conimbriga,80,-8.499,40.085,0,0,Lusitania,Portugal
50129,Constantinopolis,100,28.985,41.018,0,0,Thracia,Turkey
50130,Coptos,100,32.805,26.006,0,0,Aegyptus,Egypt
50131,Corduba,100,-4.78,37.884,0,0,Baetica,Spain
50132,Corfinium,80,13.841,42.123,0,0,Italia,Italy
50133,Coriosopitum,70,-2.003,54.976,0,0,Britannia,United Kingdom
50134,Cosa,80,11.288,42.406,0,0,Italia,Italy
50135,Cuicul,80,5.727,36.322,0,0,Mauretania Caesariensis,Algeria
50136,Cumae,80,14.045,40.853,0,0,Italia,Italy
50137,Curia,70,9.53,46.848,0,0,Raetia,Switzerland
50138,Cyrene,90,21.867,32.824,0,0,Cyrenica,Libya
50139,Cyrrhus,80,36.915,36.781,0,0,Syria,Syria
50140,Damascus,90,36.309,33.511,0,0,Palestine,Syria
50141,Darnis,80,22.641,32.768,0,0,Cyrenica,Libya
50142,Decetia,70,3.463,46.85,0,0,Lugudunensis,France
50143,Delphi,80,22.497,38.481,0,0,Graecia,Greece
50144,Dertona,80,8.864,44.896,0,0,Italia,Italy
50145,Dertosa,80,0.52,40.81,0,0,Tarraconensis,Spain
50146,Deultum,80,27.306,42.401,0,0,Thracia,Bulgaria
50147,Deva,80,-2.897,53.19,0,0,Britannia,United Kingdom
50148,Diana Veteranorum,80,5.889,35.79,0,0,Numidia,Algeria
50149,Dierna,80,22.402,44.708,0,0,Moesia Superior,Romania
50150,Thebai,80,32.652,25.701,0,0,Aegyptus,Egypt
50151,Doclea,80,19.28,42.479,0,0,Dalmatia,Montenegro
50152,Domavium,80,19.381,44.141,0,0,Dalmatia,Bosnia & Herzegovina
50153,Dorylaion,80,30.528,39.814,0,0,Asia,Turkey
50154,Drobeta,80,22.659,44.635,0,0,Dacia,Romania
50155,Dura,80,40.73,34.746,0,0,Armenia,Syria
50156,Durnonovaria,80,-2.435,50.71,0,0,Britannia,United Kingdom
50157,Durocortorum,80,4.031,49.262,0,0,Belgica,France
50158,Durostorum,80,27.26,44.116,0,0,Moesia Inferior,Bulgaria
50159,Dyrrhachium,90,19.454,41.324,0,0,Macadonia,Albania
50160,Eburacum,90,-1.113,53.954,0,0,Britannia,United Kingdom
50161,Edessa,90,38.794,37.159,0,0,Syria,Turkey
50162,Eleusis,80,23.543,38.045,0,0,Graecia,Greece
50163,Emerita Augusta,90,-6.347,38.915,0,0,Lusitania,Spain
50164,Emesa,80,36.716,34.734,0,0,Palestine,Syria
50165,Emmaus,80,34.989,31.838,0,0,Judea,West Bank
50166,Emona,80,14.505,46.05,0,0,Italia,Slovenia
50167,Emporiae,80,3.1,42.15,0,0,Tarraconensis,Spain
50168,Endidae,60,11.273,46.317,0,0,Italia,Italy
50169,Ephesus,100,27.348,37.939,0,0,Asia,Turkey
50170,Epiphaneia,80,36.749,35.143,0,0,Syria,Syria
50171,Fanum Fortunae,80,13.016,43.844,0,0,Italia,Italy
50172,Faventia,70,11.883,44.285,0,0,Italia,Italy
50173,Ferentinum,80,13.252,41.692,0,0,Italia,Italy
50174,Florentia,80,11.256,43.768,0,0,Italia,Italy
50175,Formiae,80,13.605,41.255,0,0,Italia,Italy
50176,Forum Iulii,80,6.731,43.441,0,0,Narbonensis,France
50177,Fregellanum,60,13.512,41.545,0,0,Italia,Italy
50178,Gadara,80,35.733,32.061,0,0,Arabia Petraea,Jordan
50179,Gades,90,-6.293,36.529,0,0,Baetica,Spain
50180,Galacum,60,-2.592,54.171,0,0,Britannia,United Kingdom
50181,Gaza,90,34.458,31.51,0,0,Judea,Gaza Strip
50182,Genava,70,6.138,46.202,0,0,Narbonensis,Switzerland
50183,Genua,70,8.933,44.406,0,0,Italia,Italy
50184,Germa,90,31.616,39.51,0,0,Asia,Turkey
50185,Gesoriacum,70,1.614,50.724,0,0,Belgica,France
50186,Glevum,80,-2.262,51.867,0,0,Britannia,United Kingdom
50187,Hadrianoupolis,60,26.566,41.683,0,0,Thracia,Turkey
50188,Hadrumetum,90,10.644,35.837,0,0,Africa,Tunisia
50189,Heliopolis,80,31.295,30.124,0,0,Aegyptus,Egypt
50190,Heliopolis (Baalbek),90,36.203,34.014,0,0,Palestine,Lebanon
50191,Heraklea,80,21.345,41.025,0,0,Macadonia,Macedonia
50192,Herakleopolis,80,30.941,29.086,0,0,Aegyptus,Egypt
50193,Herdoniae,70,15.619,41.315,0,0,Italia,Italy
50194,Hermopolis Magna,90,30.804,27.778,0,0,Aegyptus,Egypt
50195,Hibis,80,30.553,25.437,0,0,Aegyptus,Egypt
50196,Hierakonpolis,70,30.477,31.018,0,0,Aegyptus,Egypt
50197,Hierasykaminos,70,32.683,23.068,0,0,Aegyptus,Egypt
50198,Hippo Regius,90,7.754,36.888,0,0,Numidia,Algeria
50199,Hispalis,90,-5.997,37.382,0,0,Baetica,Spain
50200,Histria,80,28.768,44.552,0,0,Moesia Inferior,Romania
50201,Iader,80,15.228,44.114,0,0,Dalmatia,Croatia
50202,Iconium,80,32.512,37.866,0,0,Cappadocia,Turkey
50203,Ilerda,80,0.625,41.613,0,0,Tarraconensis,Spain
50204,Ilium,80,26.265,39.947,0,0,Asia,Turkey
50205,Interpromium,70,13.933,42.243,0,0,Italia,Italy
50206,Iol Caesarea,90,2.196,36.606,0,0,Mauretania Caesariensis,Algeria
50207,Isca,80,-2.966,51.618,0,0,Britannia,United Kingdom
50208,Italica,80,-6.035,37.438,0,0,Baetica,Spain
50209,Iulia Concordia,80,12.843,45.756,0,0,Italia,Italy
50210,Iuliomagus,80,-0.548,47.458,0,0,Lugudunensis,France
50211,Iulium Carnicum,70,13.012,46.452,0,0,Italia,Italy
50212,Iuvavum,80,13.061,47.804,0,0,Noricum,Austria
50213,Ierusalem,100,35.234,31.776,0,0,Judea,West Bank
50214,Kallipolis,60,26.68,40.414,0,0,Thracia,Turkey
50215,Kapitolias,70,35.857,32.61,0,0,Arabia Petraea,Jordan
50216,Katabolos,70,35.985,36.922,0,0,Cilicia,Turkey
50217,Kellis,80,29.089,25.518,0,0,Aegyptus,Egypt
50218,Klaudianon,80,33.49,26.807,0,0,Aegyptus,Egypt
50219,Flaviopolis,70,32.197,40.806,0,0,Bithynia,Turkey
50220,Lacobriga,70,-4.602,42.347,0,0,Tarraconensis,Spain
50221,Lamasba,80,5.909,35.6,0,0,Numidia,Algeria
50222,Lambaesis,90,6.262,35.489,0,0,Numidia,Algeria
50223,Lampsacus,80,26.694,40.351,0,0,Asia,Turkey
50224,Lancia,80,-5.415,42.533,0,0,Tarraconensis,Spain
50225,Laodicea,80,35.785,35.521,0,0,Syria,Syria
50226,Larinum,80,14.918,41.806,0,0,Italia,Italy
50227,Larissa,90,22.416,39.639,0,0,Graecia,Greece
50228,Lauriacum,80,14.465,48.22,0,0,Noricum,Austria
50229,Legio VII,70,-5.571,42.605,0,0,Tarraconensis,Spain
50230,Lepcis Magna,100,14.292,32.637,0,0,Africa,Libya
50231,Limonum,80,0.354,46.571,0,0,Aquitania,France
50232,Lindum,80,-0.541,53.237,0,0,Britannia,United Kingdom
50233,Lixus,80,-6.111,35.209,0,0,Mauretania Tingitana,Morocco
50234,Loium,60,0.723,49.522,0,0,Lugudunensis,France
50235,Londinium,100,-0.083,51.52,0,0,Britannia,United Kingdom
50236,Lousonna,60,6.631,46.518,0,0,Germania Superior,Switzerland
50237,Luca,90,10.499,43.846,0,0,Italia,Italy
50238,Lugdunum Cananefatium,70,4.398,52.198,0,0,Germania Inferior,Netherlands
50239,Lugdunum Convenarum,80,0.559,43.038,0,0,Aquitania,France
50240,Luguvalium,80,-2.936,54.894,0,0,Britannia,United Kingdom
50241,Luna,90,10.03,44.065,0,0,Italia,Italy
50242,Lutetia,70,2.34,48.85,0,0,Lugudunensis,France
50243,Lydda,90,34.892,31.965,0,0,Judea,Israel
50244,Lykopolis,80,31.187,27.183,0,0,Aegyptus,Egypt
50245,Magnesia,80,27.526,37.859,0,0,Asia,Turkey
50246,Mampsoukrenai,60,34.892,37.079,0,0,Cilicia,Turkey
50247,Marcianopolis,90,27.437,43.315,0,0,Moesia Inferior,Bulgaria
50248,Mariana,70,-2.926,38.558,0,0,Tarraconensis,Spain
50249,Mamucio,70,-2.329,53.464,0,0,Britannia,United Kingdom
50250,Massilia,80,5.363,43.305,0,0,Narbonensis,France
50251,Mediolanum,100,9.187,45.463,0,0,Italia,Italy
50252,Mediolanum (Aquitania),80,-0.63,45.749,0,0,Aquitania,France
50253,Melitene,90,38.371,38.43,0,0,Cappadocia,Turkey
50254,Memphis,90,31.276,30.003,0,0,Aegyptus,Egypt
50255,Minturnae,90,13.768,41.241,0,0,Italia,Italy
50256,Misenum,80,14.084,40.785,0,0,Italia,Italy
50257,Mogontiacum,90,8.256,50.007,0,0,Germania Superior,Germany
50258,Mounesis,70,30.606,24.683,0,0,Aegyptus,Egypt
50259,Mursa,80,18.673,45.549,0,0,Panonia Inferior,Croatia
50260,Musti,80,9.135,36.341,0,0,Africa,Tunisia
50261,Mutina,80,10.924,44.646,0,0,Italia,Italy
50262,Myos Hormos,70,34.244,26.156,0,0,Aegyptus,Egypt
50263,Naissus,90,21.897,43.328,0,0,Moesia Superior,Serbia
50264,Narbo,90,3,43.197,0,0,Narbonensis,France
50265,Narnia,80,12.515,42.519,0,0,Italia,Italy
50266,Narona,80,17.632,43.052,0,0,Dalmatia,Croatia
50267,Naucratis,80,30.607,30.854,0,0,Aegyptus,Egypt
50268,Neapolis,90,14.233,40.84,0,0,Italia,Italy
50269,Nemausus,80,4.357,43.843,0,0,Narbonensis,France
50270,Nemetacum,70,2.763,50.297,0,0,Belgica,France
50271,Nicaea,90,29.723,40.436,0,0,Bithynia,Turkey
50272,Nicomedia,90,29.924,40.77,0,0,Bithynia,Turkey
50273,Nicopolis,80,20.735,39.007,0,0,Epirus,Greece
50274,Nicopolis (Pontus),80,38.146,40.151,0,0,Cappadocia,Turkey
50275,Nisibis,80,41.244,37.077,0,0,Armenia,Turkey
50276,Novae,80,25.385,43.615,0,0,Moesia Inferior,Bulgaria
50277,Noviomagus,70,8.445,49.315,0,0,Germania Superior,Germany
50278,Nuceria,80,14.673,40.742,0,0,Italia,Italy
50279,Ocriculum,80,12.466,42.411,0,0,Italia,Italy
50280,Odessus,80,27.908,43.211,0,0,Moesia Inferior,Bulgaria
50281,Oea,90,13.174,32.897,0,0,Africa,Libya
50282,Oescus,80,24.472,43.707,0,0,Moesia Inferior,Bulgaria
50283,Olisipo,80,-9.145,38.726,0,0,Lusitania,Portugal
50284,Omboi,80,32.95,24.466,0,0,Aegyptus,Egypt
50285,Osca,80,-0.41,42.139,0,0,Tarraconensis,Spain
50286,Ostia/Portus,90,12.287,41.754,0,0,Italia,Italy
50287,Ovilava,80,14.026,48.163,0,0,Noricum,Austria
50288,Oxyrhynchus,80,30.626,28.672,0,0,Aegyptus,Egypt
50289,Palantia,60,-5.383,42.446,0,0,Tarraconensis,Spain
50290,Palmyra,90,38.285,34.559,0,0,Syria,Syria
50291,Paraetonium,80,27.225,31.356,0,0,Aegyptus,Egypt
50292,Parma,80,10.332,44.803,0,0,Italia,Italy
50293,Parthanum,60,11.085,47.491,0,0,Raetia,Germany
50294,Patavium,90,11.876,45.409,0,0,Italia,Italy
50295,Pax Iulia,90,-7.851,37.997,0,0,Lusitania,Portugal
50296,Pella,80,22.522,40.773,0,0,Macadonia,Greece
50297,Pelusium,90,32.567,31.043,0,0,Aegyptus,Egypt
50298,Penne Locos,60,6.917,46.397,0,0,Germania Superior,Switzerland
50299,Perdices,70,5.367,35.845,0,0,Mauretania Caesariensis,Algeria
50300,Pergamum,90,27.181,39.14,0,0,Asia,Turkey
50301,Perinthus,80,27.957,40.977,0,0,Thracia,Turkey
50302,Petra,90,35.464,30.325,0,0,Arabia Petraea,Jordan
50303,Petuaria,70,-0.592,53.687,0,0,Britannia,United Kingdom
50304,Philadelpheia,90,35.934,31.946,0,0,Arabia Petraea,Jordan
50305,Philippi,80,24.291,41.018,0,0,Macadonia,Greece
50306,Philippopolis,90,24.735,42.146,0,0,Thracia,Bulgaria
50307,Pisae,90,10.396,43.715,0,0,Italia,Italy
50308,Pistoriae,80,10.892,43.934,0,0,Italia,Italy
50309,Placentia,90,9.698,45.051,0,0,Italia,Italy
50310,Poetovio,80,15.869,46.419,0,0,Noricum,Slovenia
50311,Pola,80,13.84,44.869,0,0,Italia,Croatia
50312,Pompeii,80,14.484,40.748,0,0,Italia,Italy
50313,Pompelo,70,-1.652,42.8,0,0,Tarraconensis,Spain
50314,Pons Aeni,70,12.118,47.881,0,0,Raetia,Germany
50315,Pons Drusi,60,11.343,46.475,0,0,Italia,Italy
50316,Porolissum,80,23.194,47.168,0,0,Dacia,Romania
50318,Potaissa,80,23.756,46.561,0,0,Dacia,Romania
50319,Praetorium,70,15.968,31.286,0,0,Africa,Libya
50320,Ptolemais,90,20.95,32.707,0,0,Cyrenica,Libya
50321,Ptolemais Hermiou,80,31.804,26.477,0,0,Aegyptus,Egypt
50322,Puteoli,90,14.106,40.83,0,0,Italia,Italy
50323,Ravenna,90,12.212,44.423,0,0,Italia,Italy
50324,Reate,80,12.86,42.402,0,0,Italia,Italy
50325,Castra Regina,80,12.102,49.011,0,0,Raetia,Germany
50326,Regium,80,15.643,38.108,0,0,Italia,Italy
50327,Roma,100,12.485,41.891,0,0,Italia,Italy
50328,Rusaddir,80,-2.94,35.283,0,0,Mauretania Tingitana,Spain
50329,Rusicade,80,6.912,36.885,0,0,Numidia,Algeria
50330,Rutupiae,70,1.318,51.302,0,0,Britannia,United Kingdom
50331,Sabratha,90,12.484,32.805,0,0,Africa,Libya
50332,Saguntum,80,-0.269,39.666,0,0,Tarraconensis,Spain
50333,Sala,80,-6.81,34.005,0,0,Mauretania Tingitana,Morocco
50334,Saldae,80,5.071,36.762,0,0,Mauretania Caesariensis,Algeria
50335,Salernum,80,14.765,40.677,0,0,Italia,Italy
50336,Salona,90,16.5,43.531,0,0,Dalmatia,Croatia
50337,Samarobriva,70,2.287,49.892,0,0,Belgica,France
50338,Samosata,90,38.516,37.528,0,0,Syria,Turkey
50339,Santicum,70,13.874,46.635,0,0,Noricum,Austria
50340,Sardis,90,28.065,38.476,0,0,Asia,Turkey
50341,Sarmizegethusa,80,22.784,45.522,0,0,Dacia,Romania
50342,Satala,80,39.66,40.017,0,0,Cappadocia,Turkey
50343,Savaria,80,16.621,47.234,0,0,Pannonia Superior,Hungary
50344,Scarbantia,80,16.599,47.69,0,0,Pannonia Superior,Hungary
50345,Scodra,80,19.511,42.065,0,0,Dalmatia,Albania
50346,Scythopolis,90,35.504,32.507,0,0,Judea,Israel
50347,Sebasteia,90,37.032,39.748,0,0,Cappadocia,Turkey
50348,Segusio,70,7.011,45.122,0,0,Alpes Cottidae,Italy
50349,Senia,80,14.917,44.992,0,0,Dalmatia,Croatia
50350,Serdica,90,23.333,42.73,0,0,Thracia,Bulgaria
50351,Servitium,70,17.263,45.134,0,0,Pannonia Superior,Bosnia & Herzegovina
50352,Sicca Veneria,80,8.706,36.176,0,0,Numidia,Tunisia
50353,Side,90,31.398,36.775,0,0,Lycia,Turkey
50354,Siga,80,-1.466,35.257,0,0,Mauretania Caesariensis,Algeria
50355,Singara,90,41.861,36.328,0,0,Armenia,Iraq
50356,Singidunum,90,20.469,44.818,0,0,Moesia Superior,Serbia
50357,Sinuessa,80,13.83,41.161,0,0,Italia,Italy
50358,Sipontum,80,15.895,41.606,0,0,Italia,Italy
50359,Sirmium,90,19.609,44.965,0,0,Panonia Inferior,Serbia
50360,Sisapo,70,-4.519,38.644,0,0,Tarraconensis,Spain
50361,Siscia,90,16.37,45.482,0,0,Pannonia Superior,Croatia
50362,Sitifis,90,5.394,36.192,0,0,Mauretania Caesariensis,Algeria
50363,Smyrna,90,27.141,38.427,0,0,Asia,Turkey
50364,Soura,70,38.804,35.906,0,0,Syria,Syria
50365,Spinis,60,-1.233,51.4,0,0,Britannia,United Kingdom
50366,Spoletium,90,12.737,42.744,0,0,Italia,Italy
50367,Stobi,80,21.972,41.554,0,0,Macadonia,Macedonia
50368,Sufasar,80,2.507,36.194,0,0,Mauretania Caesariensis,Algeria
50369,Sufetula,80,9.128,35.257,0,0,Africa,Tunisia
50370,Summuntorium,70,10.789,48.639,0,0,Raetia,Germany
50371,Summus Pyreneus (West),60,-1.359,43.008,0,0,Tarraconensis,Spain
50372,Summus Pyreneus (East),60,-0.728,42.845,0,0,Aquitania,Spain
50373,Syene,80,32.905,24.095,0,0,Aegyptus,Egypt
50374,Tacape,90,10.098,33.882,0,0,Africa,Tunisia
50375,Taliata,70,22.148,44.46,0,0,Moesia Superior,Serbia
50376,Tabia,80,34.535,39.858,0,0,Cappadocia,Turkey
50377,Tarentum,90,17.239,40.468,0,0,Italia,Italy
50378,Tarracina,90,13.248,41.29,0,0,Italia,Italy
50379,Tarraco,100,1.23,41.115,0,0,Tarraconensis,Spain
50380,Tarsus,90,34.901,36.915,0,0,Cilicia,Turkey
50381,Teanum,80,14.055,41.254,0,0,Italia,Italy
50382,Terenouthis,70,30.816,30.431,0,0,Aegyptus,Egypt
50383,Tergeste,80,13.771,45.648,0,0,Italia,Italy
50384,Thagaste,80,7.983,36.29,0,0,Numidia,Algeria
50385,Thamugadi,80,6.472,35.503,0,0,Numidia,Algeria
50386,Thebae,80,23.318,38.321,0,0,Graecia,Greece
50387,Thelepte,80,8.596,34.986,0,0,Africa,Tunisia
50388,Thelseai,60,36.699,33.645,0,0,Palestine,Syria
50389,Thessalonica,90,22.966,40.635,0,0,Macadonia,Greece
50390,Theveste,80,8.143,35.409,0,0,Numidia,Algeria
50391,Thuburnica,80,8.46,36.53,0,0,Numidia,Tunisia
50392,Tibiscum,80,22.185,45.458,0,0,Dacia,Romania
50393,Tibur,80,12.797,41.963,0,0,Italia,Italy
50394,Tubusuctu,80,4.834,36.668,0,0,Mauretania Caesariensis,Algeria
50395,Ticinum,70,9.156,45.185,0,0,Italia,Italy
50396,Tingi,90,-5.798,35.792,0,0,Mauretania Tingitana,Morocco
50398,Tolosa,80,1.434,43.616,0,0,Narbonensis,France
50399,Tomis,80,28.643,44.188,0,0,Moesia Inferior,Romania
50400,Tralles,80,27.84,37.86,0,0,Asia,Turkey
50401,Trapezus,80,39.718,41.002,0,0,Cappadocia,Turkey
50402,Tridentum,80,11.118,46.066,0,0,Italia,Italy
50403,Troesmis,80,28.195,45.156,0,0,Moesia Inferior,Romania
50404,Tyana,80,34.616,37.828,0,0,Cappadocia,Turkey
50405,Tyrus,90,35.198,33.277,0,0,Palestine,Lebanon
50406,Valentia,80,4.889,44.929,0,0,Narbonensis,France
50407,Vappincum,70,6.033,44.546,0,0,Narbonensis,France
50408,Veldidena,60,11.394,47.26,0,0,Noricum,Austria
50409,Venonis,60,-1.299,52.487,0,0,Britannia,United Kingdom
50410,Venusia,80,15.814,40.962,0,0,Italia,Italy
50411,Venta Icenorum,80,1.287,52.577,0,0,Britannia,United Kingdom
50412,Venta,80,-1.323,51.068,0,0,Britannia,United Kingdom
50413,Vercellae,80,8.416,45.33,0,0,Italia,Italy
50414,Verona,90,10.994,45.439,0,0,Italia,Italy
50415,Verulamium,80,-0.356,51.745,0,0,Britannia,United Kingdom
50416,Vesontio,80,6.002,47.224,0,0,Germania Superior,France
50417,Vibo Valentia,80,16.097,38.675,0,0,Italia,Italy
50418,Vienna,90,4.878,45.524,0,0,Narbonensis,France
50419,Viminacium,80,21.233,44.736,0,0,Moesia Superior,Serbia
50420,Vindobona,80,16.373,48.21,0,0,Pannonia Superior,Austria
50421,Viroconium,80,-2.649,52.66,0,0,Britannia,United Kingdom
50422,Virovesca,70,-3.324,42.549,0,0,Tarraconensis,Spain
50423,Virunum,90,14.415,46.702,0,0,Noricum,Austria
50424,Vivisco,60,6.84,46.468,0,0,Germania Superior,Switzerland
50425,Volsinii,80,11.985,42.644,0,0,Italia,Italy
50426,Volubilis,80,-5.558,34.085,0,0,Mauretania Tingitana,Morocco
50427,Zarai,80,5.683,35.799,0,0,Mauretania Caesariensis,Algeria
50428,Zeugma,80,37.875,37.059,0,0,Syria,Turkey
50429,Lugdunum,100,4.818,45.758,0,0,Narbonensis,France
50430,Heraclea Pontica,90,31.419,41.282,0,0,Bithynia,Turkey
50431,Laodicea ad Lycum,90,29.116,37.842,0,0,Asia,Turkey
50432,Boubastis,70,31.517,30.582,0,0,Aegyptus,Egypt
50434,Vorgium,70,-3.576,48.296,0,0,Lugudunensis,France
50435,Aginnum,80,0.627,44.203,0,0,Aquitania,France
50436,Cibyra,80,29.519,37.158,0,0,Lycia,Turkey
50437,Perge,90,30.856,36.967,0,0,Lycia,Turkey
50438,Phaselis,80,30.547,36.52,0,0,Lycia,Turkey
50439,Myra,80,29.995,36.244,0,0,Lycia,Turkey
50440,Patara,80,29.322,36.262,0,0,Lycia,Turkey
50441,Xanthos,80,29.331,36.36,0,0,Lycia,Turkey
50442,Amaseia,80,35.82,40.648,0,0,Cappadocia,Turkey
50443,Phiara,60,36.602,39.863,0,0,Cappadocia,Turkey
50444,Augustonemetum,80,3.077,45.775,0,0,Aquitania,France
50445,Augustoritum,80,1.248,45.833,0,0,Aquitania,France
50446,Amastris,80,32.38,41.748,0,0,Bithynia,Turkey
50447,Attalea,80,30.7,36.894,0,0,Lycia,Turkey
50448,Ebusus,80,1.424,38.91,0,0,Baleares,Spain
50449,Thabraca,80,8.75,36.953,0,0,Numidia,Tunisia
50450,Dianium,80,0.099,38.837,0,0,Tarraconensis,Spain
50451,Olbia,80,9.501,40.929,0,0,Sardinia,Italy
50452,Paphos,90,32.414,34.758,0,0,Cyprus,Cyprus
50453,Salamis,90,33.911,35.177,0,0,Cyprus,Cyprus
50454,Seleukeia Pieria,90,35.934,36.119,0,0,Syria,Turkey
50455,Syracusae,90,15.295,37.072,0,0,Sicilia,Italy
50456,Portus Pachyni,70,15.137,36.681,0,0,Sicilia,Italy
50458,Amisus,80,36.329,41.304,0,0,Bithynia,Turkey
50459,Divodurum,70,6.186,49.123,0,0,Belgica,France
50460,Condate,70,-1.69,48.129,0,0,Lugudunensis,France
50461,Rotomagus,70,1.097,49.448,0,0,Lugudunensis,France
50462,Iuliobona,70,0.537,49.525,0,0,Lugudunensis,France
50463,Iuliobriga,80,-4.112,43,0,0,Tarraconensis,Spain
50464,Portus Blendium,70,-4.043,43.432,0,0,Tarraconensis,Spain
50465,Dessobriga,60,-4.328,42.411,0,0,Tarraconensis,Spain
50466,Lamia,80,22.442,38.902,0,0,Graecia,Greece
50467,Naupactus,80,21.831,38.399,0,0,Graecia,Greece
50468,Confluentes,70,7.585,50.357,0,0,Germania Superior,Germany
50469,Lissus,80,19.663,41.785,0,0,Dalmatia,Albania
50470,Salmantica,80,-5.664,40.964,0,0,Lusitania,Spain
50471,Segedunum,60,-1.529,54.99,0,0,Britannia,United Kingdom
50472,Ulpiana,80,21.192,42.598,0,0,Moesia Superior,Serbia
50473,Maiensis Statio,60,11.169,46.659,0,0,Italia,Italy
50474,Portus Magnus,70,-0.266,35.808,0,0,Mauretania Caesariensis,Algeria
50476,Colubraria,60,0.685,39.898,0,0,Tarraconensis,Spain
50482,Igilgili,80,5.767,36.822,0,0,Mauretania Caesariensis,Algeria
50483,Metagonium Pr.,60,6.467,37.089,0,0,Numidia,Algeria
50485,Galata,60,8.929,37.527,0,0,Numidia,Tunisia
50486,Caralis,80,9.11,39.215,0,0,Sardinia,Italy
50487,Gallicum Fretum,60,9.159,41.387,0,0,Corsica,France
50489,Ilva,70,10.24,42.743,0,0,Italia,Italy
50491,Thaenae,80,10.7,34.67,0,0,Africa,Tunisia
50492,Meninge,80,10.92,33.68,0,0,Africa,Tunisia
50493,Mercurii Pr.,60,11.013,37.062,0,0,Africa,Tunisia
50495,Clipea,70,11.11,36.84,0,0,Africa,Tunisia
50498,Caput Vada,60,11.16,35.23,0,0,Africa,Tunisia
50499,Cossyra,70,11.94,36.83,0,0,Africa,Italy
50501,Maritima,60,12.06,37.97,0,0,Sicilia,Italy
50502,Atria,70,12.055,45.054,0,0,Italia,Italy
50504,Brundulum,60,12.31,45.19,0,0,Italia,Italy
50505,Lilybaeum,80,12.437,37.798,0,0,Sicilia,Italy
50507,Selinus,90,12.825,37.583,0,0,Sicilia,Italy
50509,Tiliaventum (river),60,13.1,45.64,0,0,Italia,Italy
50512,Melita,80,14.4,35.88,0,0,Sicilia,Malta
50513,Camarina,80,14.45,36.85,0,0,Sicilia,Italy
50515,Cephalae Pr.,60,15.21,32.37,0,0,Africa,Libya
50516,Messana,90,15.557,38.192,0,0,Sicilia,Italy
50518,Titius (river),60,15.86,43.72,0,0,Dalmatia,Croatia
50520,Salapia,70,16.02,41.39,0,0,Italia,Italy
50521,Heracleum Pr.,60,16.06,37.93,0,0,Italia,Italy
50523,Lokroi Epizephyrioi,80,16.26,38.24,0,0,Italia,Italy
50524,Lacinium Pr.,60,17.2,39.03,0,0,Italia,Italy
50527,Kallipolis-Anxa,70,17.99,40.06,0,0,Italia,Italy
50528,Epidaurum,80,18.22,42.58,0,0,Dalmatia,Croatia
50529,Sallentinum Pr.,60,18.36,39.8,0,0,Italia,Italy
50530,Hydruntum,70,18.49,40.15,0,0,Italia,Italy
50531,Automalax,70,19.13,30.25,0,0,Cyrenica,Libya
50533,Acroceraunia Pr.,60,19.32,40.44,0,0,Macadonia,Albania
50534,Aulon,70,19.42,40.51,0,0,Macadonia,Albania
50535,Apollonia (Epirus),90,19.43,40.77,0,0,Macadonia,Albania
50537,Corcyra,80,19.92,39.59,0,0,Epirus,Greece
50538,Euesperides,80,20.079,32.135,0,0,Cyrenica,Libya
50539,Leucas,80,20.71,38.83,0,0,Epirus,Greece
50540,Zacynthus,70,20.9,37.78,0,0,Graecia,Greece
50541,Ichthys Pr.,60,21.32,37.65,0,0,Graecia,Greece
50542,Alpheos (river),60,21.45,37.61,0,0,Graecia,Greece
50544,Patrae,90,21.74,38.26,0,0,Graecia,Greece
50545,Apollonia-Sozousa,80,21.75,32.93,0,0,Cyrenica,Libya
50546,Akitas Pr.,60,21.88,36.72,0,0,Graecia,Greece
50547,Tainaron Pr.,80,22.48,36.39,0,0,Graecia,Greece
50548,Gythion,80,22.57,36.76,0,0,Graecia,Greece
50549,Corinthus,100,22.886,37.912,0,0,Graecia,Greece
50550,Isthmia,90,22.987,37.941,0,0,Graecia,Greece
50551,Chersonesos Akra,60,23.12,32.61,0,0,Aegyptus,Libya
50552,Malea Pr.,60,23.2,36.44,0,0,Graecia,Greece
50553,Petras Mikros,70,23.45,32.17,0,0,Aegyptus,Libya
50554,Kriou Metopon Pr.,60,23.58,35.27,0,0,Crete,Greece
50555,Chalcis,90,23.59,38.46,0,0,Graecia,Greece
50556,Kimaros Pr.,60,23.6,35.63,0,0,Crete,Greece
50557,Sounion Pr.,60,24.03,37.65,0,0,Graecia,Greece
50558,Kaudos,70,24.06,34.86,0,0,Crete,Greece
50559,Athos Mons,60,24.22,40.26,0,0,Macadonia,Greece
50562,Geraistos,70,24.55,37.98,0,0,Graecia,Greece
50564,Thasos,80,24.71,40.78,0,0,Macadonia,Greece
50567,Kardamis,70,25.04,31.92,0,0,Aegyptus,Libya
50568,Petras Megas,70,25.09,31.75,0,0,Aegyptus,Libya
50569,Hephaistia,70,25.235,39.932,0,0,Thracia,Greece
50573,Delos,70,25.27,37.4,0,0,Graecia,Greece
50577,Chersonasos,80,25.39,35.32,0,0,Crete,Greece
50582,Kadiston Mons,60,25.77,35.34,0,0,Crete,Greece
50586,Tenedos,60,26.051,39.817,0,0,Asia,Turkey
50588,Chios,80,26.14,38.37,0,0,Asia,Greece
50590,Sigeion,70,26.2,40.01,0,0,Asia,Turkey
50592,Mytilene,80,26.31,39.21,0,0,Asia,Greece
50593,Astypaleia,60,26.35,36.55,0,0,Graecia,Greece
50594,Sestus,80,26.417,40.228,0,0,Asia,Turkey
50597,Samos,80,26.94,37.69,0,0,Asia,Greece
50598,Trogilion Pr.,60,27.02,37.67,0,0,Asia,Greece
50599,Parium,70,27.069,40.42,0,0,Asia,Turkey
50602,Potidaion,70,27.21,35.51,0,0,Asia,Greece
50603,Myndos,70,27.24,37.08,0,0,Asia,Turkey
50604,Kos,70,27.29,36.89,0,0,Asia,Greece
50606,Cnidus,80,27.37,36.69,0,0,Asia,Turkey
50608,Halicarnassus,80,27.43,37.04,0,0,Asia,Turkey
50609,Proconnesus,60,27.556,40.592,0,0,Thracia,Turkey
50610,Bargylia,80,27.59,37.19,0,0,Asia,Turkey
50611,Apollonia Pontica,80,27.696,42.417,0,0,Thracia,Bulgaria
50612,Cyzicus,90,27.892,40.381,0,0,Asia,Turkey
50613,Rhodos,80,28.23,36.44,0,0,Asia,Greece
50614,Caunus,80,28.63,36.83,0,0,Asia,Turkey
50617,Mouth of Pontus,60,29.124,41.212,0,0,Bithynia,Turkey
50618,Salsovia,70,29.124,45.066,0,0,Moesia Inferior,Romania
50619,Prusias,80,29.156,40.432,0,0,Bithynia,Turkey
50620,Tyras,80,30.351,46.201,0,0,Outside_Blacksea,Ukraine
50621,Olbia (Borysthenes),90,31.902,46.692,0,0,Outside_Blacksea,Ukraine
50622,Akamas Pr.,60,32.28,35.11,0,0,Cyprus,Cyprus
50623,Kalos Limen,80,32.703,45.521,0,0,Outside_Blacksea,Ukraine
50624,Anemurium,60,32.8,36.02,0,0,Cilicia,Turkey
50625,Amathous,80,33.13,34.71,0,0,Cyprus,Cyprus
50626,Karambis Pr.,60,33.37,42.014,0,0,Bithynia,Turkey
50627,Chersonesos,90,33.493,44.612,0,0,Outside_Blacksea,Ukraine
50628,Lapethos,80,33.173,35.33,0,0,Cyprus,Cyprus
50630,Pedalion Pr.,60,34.08,34.96,0,0,Cyprus,Cyprus
50631,Corycus,80,34.15,36.46,0,0,Cilicia,Turkey
50632,Cinolis,60,34.164,41.963,0,0,Bithynia,Turkey
50634,Kleides Pr.,60,34.59,35.7,0,0,Cyprus,Cyprus
50636,Ioppe,60,34.751,32.055,0,0,Judea,Israel
50637,Apollonia,80,34.816,32.213,0,0,Judea,Israel
50639,Sinope,90,35.042,42.049,0,0,Bithynia,Turkey
50641,Theodosia,80,35.379,45.046,0,0,Outside_Blacksea,Ukraine
50642,Pyramos (river),60,35.56,36.57,0,0,Cilicia,Turkey
50643,Byblos,80,35.64,34.12,0,0,Palestine,Lebanon
50644,Myriandros,80,36.19,36.59,0,0,Syria,Turkey
50646,Pantikapaion,90,36.414,45.239,0,0,Outside_Blacksea,Ukraine
50647,Themiskyra,70,36.968,41.215,0,0,Bithynia,Turkey
50648,Gorgippia,80,37.31,44.892,0,0,Outside_Blacksea,Russia
50649,Kotyora,70,37.875,41,0,0,Cappadocia,Turkey
50650,Tanais,80,39.258,47.268,0,0,Outside_Blacksea,Russia
50651,Dioscurias,90,41.003,42.993,0,0,Outside_Blacksea,Georgia
50652,Phasis,80,41.667,42.15,0,0,Outside_Blacksea,Georgia
50654,Raphia,80,34.252,31.289,0,0,Judea,Gaza Strip
50658,Azotus Paralios,80,34.65,31.8,0,0,Judea,Israel
50660,Apollonopolis Magna,80,32.875,24.983,0,0,Aegyptus,Egypt
50661,Krokodilopolis,80,30.839,29.317,0,0,Aegyptus,Egypt
50674,Latopolis,80,32.553,25.295,0,0,Aegyptus,Egypt
50677,Mons Porphyrites,60,33.347,27.208,0,0,Aegyptus,Egypt
50678,Mothis,80,28.949,25.509,0,0,Aegyptus,Egypt
50682,Ammon,80,25.544,29.205,0,0,Aegyptus,Egypt
50690,Oasis Parva,80,28.855,28.338,0,0,Aegyptus,Egypt
50700,Qasr Farafra,60,27.932,27.044,0,0,Aegyptus,Egypt
50713,Malaca,80,-4.422,36.715,0,0,Baetica,Spain
50714,Panormus,90,13.318,38.117,0,0,Sicilia,Italy
50715,Agrigentum,80,13.582,37.309,0,0,Sicilia,Italy
50716,Aleria,80,9.526,42.124,0,0,Corsica,France
50717,Demetrias,90,22.917,39.303,0,0,Graecia,Greece
50718,Amphipolis,90,23.837,40.814,0,0,Macadonia,Greece
50719,Tripolis,90,35.85,34.431,0,0,Palestine,Lebanon
50720,Forum Appii,60,13.041,41.437,0,0,Italia,Italy
50721,x,6,-8.714,39.21,0,0,Lusitania,Portugal
50725,Neapolis (Thrace),80,24.468,40.95,0,0,Macadonia,Greece
50726,x,6,-8.673,39.219,0,0,Lusitania,Portugal
50727,x,6,-6.114,38.965,0,0,Lusitania,Spain
50730,x,6,-2.811,52.089,0,0,Britannia,United Kingdom
50731,x,6,19.148,44.288,0,0,Dalmatia,Bosnia & Herzegovina
50732,x,6,17.887,43.136,0,0,Dalmatia,Bosnia & Herzegovina
50733,x,6,18.365,42.793,0,0,Dalmatia,Bosnia & Herzegovina
50735,x,6,22.977,45.584,0,0,Dacia,Romania
50736,x,6,17.891,45.404,0,0,Panonia Inferior,Croatia
50737,x,6,18.488,45.279,0,0,Panonia Inferior,Croatia
50738,x,6,15.391,46.36,0,0,Noricum,Slovenia
50739,x,6,30.612,38.33,0,0,Cappadocia,Turkey
50741,Krane,80,20.568,38.224,0,0,Epirus,Greece
50742,Horreum Margi,70,21.39,43.933,0,0,Moesia Superior,Serbia
50743,Boiodurum,60,13.454,48.574,0,0,Raetia,Germany
50744,Toletum,80,-4.024,39.857,0,0,Tarraconensis,Spain
50745,x,6,-7.681,37.942,0,0,Lusitania,Portugal
50746,x,6,12.161,45.421,0,0,Italia,Italy
50747,x,6,13.128,46.371,0,0,Italia,Italy
50748,x,6,19.023,47.438,0,0,Panonia Inferior,Hungary
50749,x,6,19.633,42.011,0,0,Dalmatia,Albania
50750,x,6,19.657,41.078,0,0,Macadonia,Albania
50751,x,6,25.86,42.071,0,0,Thracia,Bulgaria
50752,x,6,7.882,49.958,0,0,Germania Superior,Germany
50753,x,6,15.694,44.366,0,0,Dalmatia,Croatia
50754,x,6,11.625,44.821,0,0,Italia,Italy
50755,Selinous,70,23.685,39.14,0,0,Graecia,Greece
50756,Palma,80,2.65,39.567,0,0,Baleares,Spain
50757,x,6,23.499,46.021,0,0,Dacia,Romania
50758,Samonion Pr.,60,26.254,35.281,0,0,Crete,Greece
50759,Mouth of Witham,6,0.005,52.964,0,0,Britannia,United Kingdom
50760,x,6,36.11,32.625,0,0,Arabia Petraea,Syria
50761,Populonium,80,10.496,42.996,0,0,Italia,Italy
50762,Palinurus Pr.,60,14.932,40.255,0,0,Italia,Italy
50763,x,6,11.644,46.783,0,0,Noricum,Italy
50764,x,6,9.538,45.13,0,0,Italia,Italy
50765,x,6,10.39,43.805,0,0,Italia,Italy
50766,x,6,36.323,35.825,0,0,Syria,Syria
50767,x,6,36.344,36.254,0,0,Syria,Turkey
50768,x,6,17.626,47.688,0,0,Pannonia Superior,Hungary
50769,x,6,27.96,44.699,0,0,Moesia Inferior,Romania
50770,x,6,28.551,44.409,0,0,Moesia Inferior,Romania
50771,x,6,36.763,35.274,0,0,Syria,Syria
50772,x,6,9.13,45.024,0,0,Italia,Italy
50773,x,6,9.561,45.175,0,0,Italia,Italy
50774,x,6,2.024,46.081,0,0,Aquitania,France
50775,Nisyros,70,27.172,36.588,0,0,Asia,Greece
50776,Amorgos,70,25.9,36.83,0,0,Graecia,Greece
50777,Anaphe,70,25.854,36.35,0,0,Graecia,Greece
50778,Andros,70,24.933,37.833,0,0,Graecia,Greece
50779,Ceos,70,24.333,37.617,0,0,Graecia,Greece
50780,Corseae,70,26.5,37.566,0,0,Asia,Greece
50781,Cythnos,70,24.416,37.383,0,0,Graecia,Greece
50782,Donousa,70,25.8,37.1,0,0,Graecia,Greece
50783,Icaros,70,26.059,37.622,0,0,Asia,Greece
50784,Imbros,70,25.844,40.161,0,0,Thracia,Turkey
50785,Ios,70,25.333,36.717,0,0,Graecia,Greece
50787,Kimolos,70,24.55,36.8,0,0,Graecia,Greece
50788,Kinaros,70,26.289,36.98,0,0,Graecia,Greece
50791,Miletus,70,27.276,37.531,0,0,Asia,Turkey
50793,Naxos,70,25.378,37.103,0,0,Graecia,Greece
50795,Patmos,70,26.558,37.316,0,0,Asia,Greece
50796,Skyllaion Pr.,70,23.518,37.438,0,0,Graecia,Greece
50797,Siphnos,70,24.667,36.983,0,0,Graecia,Greece
50798,Syros,70,24.92,37.43,0,0,Graecia,Greece
50799,Telos,70,27.366,36.433,0,0,Asia,Greece
50800,Tenos,70,25.166,37.533,0,0,Graecia,Greece
50801,Thera,70,25.433,36.417,0,0,Graecia,Greece