id,name,lat,lon
0,Ai Ssu-ch'i,,
1,Hu Shih,,
2,Mao Tse-tung,,
3,Burhan,,
4,Chiang Kai-shek,,
5,Sun Yat-sen,,
6,Buyantai,,
7,Feng Yu-hsiang,,
8,Hsu Ch'ien,,
9,Li Lieh-chun,,
10,Wang Ching-wei,,
11,Yen Hsi-shan,,
12,Ch'en Ch'eng,,
13,Chang Hsueh-liang,,
14,Chou En-lai,,
15,Ho Ying-ch'in,,
16,Kuo Mo-jo,,
17,Pai Ch'ung-hsi,,
18,T. V. Soong,,
19,Ch'en Ch'i-mei,,
20,Chang Hsun,,
21,Huang Hsing,,
22,Yuan Shih-k'ai,,
23,Ch'en Ch'ing-yun,,
24,Liao Chung-k'ai,,
25,Ch'en Chi-t'ang,,
26,Ch'en Chiung-ming,,
27,Chang Fa-k'uei,,
28,Eugene Ch'en,,
29,Hu Han-min,,
30,Li Tsung-jen,,
31,Ch'en Chia-keng,,
32,Ts'ai Yuan-p'ei,,
33,Ch'en Chin-t'ao,,
34,Feng Kuo-chang,,
35,H. H. K'ung,,
36,Li Yuan-hung,,
37,Tuan Ch'i-jui,,
38,Ch'eng Pi-kuang,,
39,Chang Ping-lin,,
40,Chang Tso-lin,,
41,Chao Heng-t'i,,
42,Chu Ch'ing-lan,,
43,Chu Chih-hsin,,
44,Hsiung K'o-wu,,
45,Hsu Ch'ung-chih,,
46,Hsu Shih-ch'ang,,
47,Hu I-sheng,,
48,Hung Chao-lin,,
49,Liang Ch'i-ch'ao,,
50,Liu Chen-huan,,
51,Liu Ssu-fu,,
52,Lu Jung-t'ing,,
53,Lung Chi-kuang,,
54,Sun Fo,,
55,Sung Chiao-jen,,
56,T. Hsiang-ch'en,,
57,T. Jo-ch'ing,,
58,Teng K'eng,,
59,Tsou Lu,,
60,Wu P'ei-fu,,
61,Yang Hsi-min,,
62,Yeh Chti,,
63,Yeh Chu,,
64,Ch'en Heng-che,,
65,Ch'en Keng,,
66,Chang Kuo-t'ao,,
67,Lin Piao,,
68,Ch'en Kuang-fu,,
69,Ch'en Kung-po,,
70,Ch'en Tu-hsiu,,
71,Li Ta-chao,,
72,Wu Chih-hui,,
73,Ch'en Kuo-fu,,
74,Li Shih-tseng,,
75,Ch'en Li-fu,,
76,Ch'en Lu,,
77,Ch'en Ming-shu,,
78,Chang Chi,,
79,Ho Lung,,
80,Yeh T'ing,,
81,Ch'en Pi-chun,,
82,Ch'en Po-ta,,
83,Chou Shu-jen,,
84,Wang Cheng-t'ing,,
85,Ch'en Pu-lei,,
86,Hsu Shu-cheng,,
87,Ch'en San-li,,
88,Ch'en Shao-k'uan,,
89,Ch'en Shao-pai,,
90,Ch'en Shao-yu,,
91,Ch'en Shu-jen,,
92,Ch'en T'an-ch'iu,,
93,Ch'u Ch'iu-pai,,
94,Chang Shih-chao,,
95,Chou Fo-hai,,
96,Gregory Voitinsky,,
97,Jen Pi-shih,,
98,John Dewey,,
99,Joseph Stalin,,
100,Leon Trotsky,,
101,Li Li-san,,
102,Liu Fu,,
103,Liu Shao-ch'i,,
104,Maring,,
105,P'eng Shu-chih,,
106,Po Wen-wei,,
107,Shao Li-tzu,,
108,T. Lieh-wu,,
109,Tai Chi-t'ao,,
110,Tung Pi-wu,,
111,Ch'en Wen-k'uan,,
112,Ch'en Yen-nien,,
113,Ch'en Yi [C],,
114,Chu Teh,,
115,Ch'en Yi [G],,
116,Ch'en Yuan,,
117,Ch'en Yun,,
118,Ch'eng Ch'ien,,
119,Ch'eng She-wo,,
120,Ch'eng T'ien-fang,,
121,Ch'i Hsieh-yuan,,
122,Ch'i Ju-shan,,
123,Ch'ien Hsuan-t'ung,,
124,Chou Tso-jen,,
125,Ch'ien Mu,,
126,Ch'ien Ta-chun,,
127,Ch'ien Tuan-sheng,,
128,Ch'ien Yung-ming,,
129,Ch'in Pang-hsien,,
130,Ch'u Min-i,,
131,Chan T'ien-yu,,
132,Chan Ta-pei,,
133,Chang Ch'i-huang,,
134,Chang Ch'i-yun,,
135,Chang Ch'un,,
136,Wu Ch'ao-shu,,
137,Chang Jen-chieh,,
138,Chu Cheng,,
139,Hsieh Ch'ih,,
140,Michael Borodin,,
141,Pablo Picasso,,
142,Su Pao,,
143,T. Chih-fu,,
144,T. Hua-ch'en,,
145,Teng Tse-ju,,
146,Tsou Jung,,
147,Wu Ju-lun,,
148,Yao Wen-fu,,
149,Yeh Ch'u-ts'ang,,
150,Yu Yu-jen,,
151,Chang Chi-luan,,
152,Chang Chia-ao,,
153,Chang Chia-sen,,
154,Adolf Hitler,,
155,Bela Kun,,
156,Carsun Chang,,
157,Chang Erh-t'ien,,
158,Chang Lan,,
159,Chang Tung-sun,,
160,Chiang Fang-chen,,
161,Han Kuo-chun,,
162,Hans Driesch,,
163,Harold Laski,,
164,Henri Bergson,,
165,Huang Yen-p'ei,,
166,Karl Korsch,,
167,Li Ta-ming,,
168,Liang Shu-ming,,
169,Lin Ch'ang-min,,
170,Lo Lung-chi,,
171,Lung Yun,,
172,Rudolf Eucken,,
173,Sun Hung-i,,
174,Ting Wen-chiang,,
175,Tso Shun-sheng,,
176,V. K. Ting,,
177,Wu Hsien-tzu,,
178,Wu Kuo-chen,,
179,Chang Chien,,
180,Chang Chih-chiang,,
181,Chang Chih-chung,,
182,Chang En-p'u,,
183,Albert C. Wedemeyer,,
184,Chang Chu-ch'i,,
185,Chang Yun-yi,,
186,Chou Shih-ti,,
187,Ho Chi Minh,,
188,Hsu Ching-t'ang,,
189,Hsueh Yueh,,
190,Huang Ch'i-hsiang,,
191,Joseph W. Stilwell,,
192,Li Chi-shen,,
193,Liang Hung-k'ai,,
194,Liu Chih,,
195,Miao P'ei-nan,,
196,Nguyen Hai Than,,
197,Tai Chi,,
198,Vang Hsi-min,,
199,Vo Nguyen Giap,,
200,Yeh Chien-ying,,
201,Yen-Feng,,
202,Benito Mussolini,,
203,Ch'ang Yin-huai,,
204,Ch'u Yu-p'u,,
205,Chang Tso-hsiang,,
206,Chang Tsung-ch'ang,,
207,Chiang Ting-wen,,
208,Conti Rossi,,
209,Edda Ciano,,
210,Hayashi Gonsuke,,
211,Hayashi Hisajiro,,
212,Honjo,,
213,James Elder,,
214,Ku Wei-chun,,
215,Kuo Sung-ling,,
216,Nakamura,,
217,Shih Yu-san,,
218,Soong Ch'ing-ling,,
219,Sun Ch'uan-fang,,
220,Tanaka,,
221,V. K. Wellington Koo,,
222,W. H. Donald,,
223,William H. Donald,,
224,Yang Hu-ch'eng,,
225,Yang Yu-t'ing,,
226,K'ang Yu-wei,,
227,Ni Ssu-ch'ung,,
228,P'an Ting-hsin,,
229,P'u-yi,,
230,Prince Chung-yung,,
231,Su Yuan-ch'un,,
232,Sung Ch'ing,,
233,T. Ch'in-hsuan,,
234,Yang Tu,,
235,Chang I-lin,,
236,Ch'en Ch'ang-hao,,
237,Chang T'e-li,,
238,Hsiang Ying,,
239,Hsu Hsiang-ch'ien,,
240,Kropotkin,,
241,Li Hsien-nien,,
242,Liu Jen-ching,,
243,Liu Po-ch'eng,,
244,Ma Pu-fang,,
245,Teng Chung-hsia,,
246,Yang Ming-chai,,
247,Chang Li-sheng,,
248,Chang Mo-chun,,
249,Chang Nai-ch'i,,
250,Ch'in Li-shan,,
251,Chang Chih-tung,,
252,Chiang Wei-ch'iao,,
253,Feng Tzu-yu,,
254,Hsiung Hsi-ling,,
255,Kuang-hsu,,
256,Lin Shu,,
257,Liu Shih-p'ei,,
258,Liu Tzu-cheng,,
259,T. Ch'iu-mei,,
260,T. Huan-ch'ing,,
261,T'ang Chi-yao,,
262,T'ang Shao-yi,,
263,Teng Shih,,
264,Ts'ao K'un,,
265,Tseng Ching,,
266,Wang Fu-chih,,
267,Wang K'ang-nien,,
268,Wei-Chin,,
269,Yang Hsiung,,
270,Yu Yueh,,
271,Chang Po-chun,,
272,Chang Po-ling,,
273,Chang T'ai-lei,,
274,Chang T'ien-yi,,
275,Chang Ta-ch'ien,,
276,Chang Tao-fan,,
277,A. N. Ivanov,,
278,Baron von Ungern-Sternberg,,
279,Chang Ching-hui,,
280,Chang Hai-p'eng,,
281,Chang Hsi-luan,,
282,Chang Hsin,,
283,Chang Yu-ts'ai,,
284,Chao Erh-sun,,
285,Feng Te-lin,,
286,July Chang,,
287,Komoto Daisaku,,
288,Lan T'ien-yu,,
289,Liang Shih-i,,
290,Lu Yung-hsiang,,
291,Meng En-yuan,,
292,Nikolai Kuznetsov,,
293,Pamyat Lenina,,
294,Pao Kuei-ch'ing,,
295,T'ang Yulin,,
296,Tuan Chih-kuei,,
297,Tuan Yu-heng,,
298,White,,
299,Wu Chun-sheng,,
300,Yoshizawa Kenkichi,,
301,Chang Tsung-hsiang,,
302,Chang Tzu-p'ing,,
303,Chang Wen-t'ien,,
304,Chang Yuan-chi,,
305,Chao Shih-yen,,
306,Chao Shu-li,,
307,Chao Yuen-ren,,
308,Charles Jones Soong,,
309,Cheng Chen-to,,
310,Cheng Hsiao-hsu,,
311,Cheng T'ien-hsi,,
312,Cheng Yu-hsiu,,
313,Chi Ch'ao-ting,,
314,Chiang Ch'ang-ch'uan,,
315,Chiang Ching-kuo,,
316,Chiang Hai-ch'eng,,
317,Chiang K'ang-hu,,
318,A. F. Lutley,,
319,Adolf Joffe,,
320,Alexander von Falkenhausen,,
321,Archibald P. Wavell,,
322,Bluecher,,
323,C. K. Yen,,
324,Chiang Ch'ao-ts'ung,,
325,Chiang Hsi-hou,,
326,Chiang Ssu-ch'ien,,
327,Churchill,,
328,Claire L. Chennault,,
329,Clarence E. Gauss,,
330,David Yui,,
331,Donald M. Nelson,,
332,Dulles,,
333,Dwight D. Eisenhower,,
334,Elpidio Quirino,,
335,Frank W. Price,,
336,Franklin D. Roosevelt,,
337,G. V. Chicherin,,
338,G. Zinoviev,,
339,Galen,,
340,Gandhi,,
341,Georg von Wetzell,,
342,George C. Marshall,,
343,George H. Brett,,
344,Hans von Seeckt,,
345,Harry S. Truman,,
346,Henry A. Wallace,,
347,Hermann Kriebel,,
348,Hitler,,
349,Ho Yao-tsu,,
350,Hu Lin-i,,
351,Huang Fu,,
352,John Foster,,
353,Ku Ch'ing-lien,,
354,Ku Chu-t'ung,,
355,Ku Meng-yu,,
356,Lin Po-ch'u,,
357,Lin Sen,,
358,Lu Han,,
359,Max Bauer,,
360,Okamura,,
361,Oskar Trautmann,,
362,Patrick J. Hurley,,
363,Philip J. Jaffe,,
364,Shao Yuan-ch'ung,,
365,Shen Ting-i,,
366,Shigemitsu Mamoru,,
367,Soong Mei-ling,,
368,Syngman Rhee,,
369,T. Su-an,,
370,T. Yu-piao,,
371,Takada,,
372,Teng Yen-ta,,
373,Tseng Chung-ming,,
374,Tseng Kuo-fan,,
375,Walter Stennes,,
376,Wang Ch'ung-hui,,
377,Wang Jo-fei,,
378,Wang Shih-chieh,,
379,Wang Teng-yun,,
380,Wang Yang-ming,,
381,Wendell Willkie,,
382,Wong Wen-hao,,
383,Wu Chung-hsin,,
384,Yu Jih-chang,,
385,Z. T. Kaung,,
386,Chiang Kuang-nai,,
387,Chiang Meng-lin,,
388,Chiang T'ing-fu,,
389,Chiang Tso-pin,,
390,Ch'en T'iao-yuan,,
391,Chang Shu-chia,,
392,Charles S. H. Tsiang,,
393,Chiang Shuo-chieh,,
394,Chiang Shuo-chih,,
395,Chiang Shuo-hao,,
396,Chiang Shuo-min,,
397,Chiang Shuo-p'ing,,
398,Chiang Shuo-ying,,
399,Chiang Yu-yen,,
400,Fang Peng-jen,,
401,Gabriel S. T. Tsiang,,
402,Hirota Koki,,
403,Ho Ch'eng-chun,,
404,Hsia Tou-yin,,
405,Hsu Shih-ying,,
406,Inukai Ki,,
407,K'ung Keng,,
408,Lu Cheng-hsiang,,
409,Lu Ti-p'ing,,
410,Ma Yi-pao,,
411,Maxim Litvinov,,
412,S. C. Tsiang,,
413,Shidehara Kijuro,,
414,T'an Yen-k'ai,,
415,Wang Chan-yuan,,
416,Yueh Wei-chun,,
417,Chiang Wei-kuo,,
418,Chien Chao-nan,,
419,Chien Yu-wen,,
420,Chin Yun-p'eng,,
421,Chou Ch'ang-ling,,
422,Chou Chih-jou,,
423,A. Y. Vyshinsky,,
424,Andre Malraux,,
425,Anthony Eden,,
426,Chou Yun-liang,,
427,Douglas MacArthur,,
428,Edgar Snow,,
429,Ferhat Abbas,,
430,Georges Bidault,,
431,Hsiang Chung-fa,,
432,Hsu T'e-li,,
433,Ion G. Maurer,,
434,Jacob Beam,,
435,Jen Cho-hsuan,,
436,Joao Goulart,,
437,John Foster Dulles,,
438,John M. Cabot,,
439,Julius Nyerere,,
440,K. M. Panikkar,,
441,Kawakami Hajime,,
442,Ku Yen-wu,,
443,Kwame Nkruhmah,,
444,Li Fu-ch'un,,
445,Li Huang,,
446,Li K'o-nung,,
447,Li Wei-han,,
448,Liu Ch'ung-yu,,
449,Ma Chun,,
450,Montgomery,,
451,Nehru,,
452,Nicolae Ceausescu,,
453,Nieh Jung-chen,,
454,Nikita Khrushchev,,
455,Pavel Mif,,
456,Pham Van Dong,,
457,Pierre Mendes-France,,
458,Queen Elizabeth,,
459,Sekou Toure,,
460,Sihanouk,,
461,Sukarno,,
462,Teng Hsiao-p'ing,,
463,Ts'ai Ho-sen,,
464,Tseng Ch'i,,
465,U Nu,,
466,U. Alexis Johnson,,
467,V. M. Molotov,,
468,Wang Chia-hsiang,,
469,Wang Kuo-ch'uan,,
470,Wang Ping-nan,,
471,Yen Hsiu,,
472,Chou Hsueh-hsi,,
473,Chou I-ch'un,,
474,Chou Pao-chung,,
475,Andreyev,,
476,C. T. Hsia,,
477,Chou Chien-jen,,
478,Chou Feng-i,,
479,Chou Fu-ch'ing,,
480,Chou Yang,,
481,Fadeyev,,
482,Fang Chih-min,,
483,Feng Hsueh-feng,,
484,Henryk Sienkiewicz,,
485,Hsi K'ang,,
486,Hsu Kuang-p'ing,,
487,Jou Shih,,
488,Katakami Shin,,
489,Kathe Kollwitz,,
490,Lin Yu-t'ang,,
491,Lunacharsky,,
492,Mao Tun,,
493,Shen Yen-ping,,
494,Sung ch'uan-ch'i-chi,,
495,T. A. Hsia,,
496,Thomas Henry Huxley,,
497,Uchiyama Kanzo,,
498,Wu Cheng-yen,,
499,Yakovlev,,
500,Akutagawa Ryunosuke,,
501,D. E. Pollard,,
502,Derk Bodde,,
503,Doppo Kunikada,,
504,Egyaz Isten,,
505,Frazer,,
506,Haggard,,
507,Hata Nobuku,,
508,Havelock Ellis,,
509,Hsu Tsu-cheng,,
510,Kojiki,,
511,Kuo Shao-yu,,
512,Chou Shu-ren,,
513,Makar,,
514,Maurice Jokai,,
515,Mori Ogai,,
516,Mushakqji Saneatsu,,
517,Natsume Soseki,,
518,Sarga Rozsa,,
519,Sun Fu-yuan,,
520,Sun Lien-chung,,
521,V. G. Korolenko,,
522,Yeh Sheng-t'ao,,
523,Yen Fu,,
524,Chou Tzu-ch'i,,
525,Chu Ch'i-hua,,
526,Chu Chia-hua,,
527,Chu Ching-nung,,
528,Chu Hsi-tsu,,
529,Chu Hsiang,,
530,Chu Hsueh-fan,,
531,Chu K'o-chen,,
532,Chu P'ei-te,,
533,Chu Shao-liang,,
534,Boleslaw Bierut,,
535,Ch'en Yu-chen,,
536,Chao Erh-feng,,
537,Fan Shih-sheng,,
538,Hsiao K'o,,
539,Ku Pin-chen,,
540,Li Lieh-chi,,
541,Liu Hsiang,,
542,P'eng Te-huai,,
543,Ts'ai T'ing-k'ai,,
544,Wilhelm Pieck,,
545,Wu Lan-ying,,
546,Yang Sen,,
547,Chu Tzu-ch'ing,,
548,Dalai Lama,,
549,Demchukdonggrub,,
550,Ch'en Kan-ch'uan,,
551,Eugene Bernard Achan,,
552,Frank B. Kellogg,,
553,Miles Lampson,,
554,Owen St. Clair O'Malley,,
555,Ramsay Mac- Donald,,
556,Fan Ch'ang-chiang,,
557,Fan Wen-Ian,,
558,Fan Yuan-lien,,
559,Fei Hsiao-t'ung,,
560,Aoki Nobuzumi,,
561,Ch'en Kuang-yuan,,
562,Fukushima Yasumasa,,
563,Li Ch'un,,
564,Li Hung-chang,,
565,Nieh Shih-ch'eng,,
566,T. Kung-t'ing,,
567,T. Lang-hsi,,
568,Ch'en Huan,,
569,Ch'en Shu-fan,,
570,Feng Yu-mou,,
571,Han Fu-chu,,
572,Hu Ching-i,,
573,Huang Shao-hung,,
574,Li Ming-chung,,
575,Li Te-ch'uan,,
576,Lu Chien-chang,,
577,Lu Chung-lin,,
578,Ma Hung-k'uei,,
579,Sun Liang-ch'eng,,
580,Sun Yueh,,
581,T. Hsiao-po,,
582,T. Huan-chang,,
583,T. Li-seng,,
584,T. Yu-hsing,,
585,Wang Ch'eng-pin,,
586,Yen Hsiang-wen,,
587,Yi P'ei-chi,,
588,Feng Yu-lan,,
589,Fu Ssu-nien,,
590,Fu Tseng-hsiang,,
591,Fu Tso-yi,,
592,Archibald Clark-Kerr,,
593,Charles Tenney,,
594,Cordell Hull,,
595,David L. K. K'ung,,
596,H. E. Edwards,,
597,Henry L. Stimson,,
598,K'ung Fan-tz'u,,
599,K'ung Ping-chih,,
600,Li Chin-fan,,
601,Louis K'ung,,
602,Luella S. Miner,,
603,Mussolini,,
604,Rosamonde,,
605,Soong Ai-ling,,
606,T. Jui-t'ang,,
607,Wu T'ing-fang,,
608,Yu Ta-wei,,
609,Ho Ch'i-fang,,
610,Ho Chien,,
611,Ho Chung-han,,
612,Ho Hsiang-ning,,
613,Chao Jung-chen,,
614,Ho Hsiang-ku,,
615,Hsia Hsi,,
616,Hu Tsung-nan,,
617,Kuan Hsiang-ying,,
618,Ho Meng-hsiung,,
619,Ho Shu-heng,,
620,Chou Yin-jen,,
621,Ho Ch'i-min,,
622,Liu Hsien-shih,,
623,Mazzini,,
624,Sung Che-yuan,,
625,Umezu Yoshijiro,,
626,Wang Po-ling,,
627,Hsiang Ching-yu,,
628,Hsiao Fo-ch'eng,,
629,Hsiao Hua,,
630,Hsieh Chueh-tsai,,
631,Hsieh Hung-lai,,
632,Hsieh Ping-ying,,
633,Hsiung Fo-hsi,,
634,Hsiung Shih-hui,,
635,Hsiung Shih-li,,
636,Hsu Sun,,
637,Ma Liang,,
638,Madivostok,,
639,Niu Yung-chien,,
640,Sun Sheng-wu,,
641,T. Feng-jen,,
642,Hsu Chih-mo,,
643,Hsu Hai-tung,,
644,Hsu Hsin-liu,,
645,Hsu Mo,,
646,Hsu Pei-hung,,
647,Ch'ien Neng-hsun,,
648,Chou Shu-mou,,
649,Chu Ch'i-ch'ien,,
650,Chu Chia-pao,,
651,H. Shao-huai,,
652,Huang Tsung-hsi,,
653,Li Ching-hsi,,
654,Li i-shu,,
655,Li Kung,,
656,Prince Ch'ing,,
657,Prince Ch'un,,
658,T. Chingt'ien,,
659,T. Kan-ch'en,,
660,T. Kuang-ju,,
661,T. Kuei-hsin,,
662,T. Shao-p'u,,
663,Tai Hung-tz'u,,
664,Ts'ao Ju-lin,,
665,Wan-ch'ing-i,,
666,Wang I-t'ang,,
667,Wu Yueh,,
668,Yen Li yu-yao,,
669,Yen Yuan,,
670,Chou Shan-p'ei,,
671,Hsu Chung-ching,,
672,Hsu Ying,,
673,Li Fang-kuei,,
674,Li Hou-chi,,
675,Li Shao-pai,,
676,Lu Ch'eng-wu,,
677,Nishihara Kamezo,,
678,Sa Chen-ping,,
679,Shen Ting-Ian,,
680,Wang Shih-t'ung,,
681,Wang Yung-ch'uan,,
682,Hsu Ti-shan,,
683,Hsu Yung-ch'ang,,
684,Hu Feng,,
685,Ch'en Shu-tzu,,
686,Chao Sheng,,
687,Hu Ch'ing-jui,,
688,Hu Hsieh-san,,
689,Hu Mu-lan,,
690,Hu Wen-chao,,
691,Inonu,,
692,Ismet,,
693,Ku Ying-fen,,
694,Mustafa Kemal,,
695,T. Pohsienj,,
696,Ts'ai Chun,,
697,Hu Lin,,
698,Acheson,,
699,Arthur W. Hummel,,
700,Bertrand Russell,,
701,Chiang Tung-hsiu,,
702,Chiang Wei-tz'u,,
703,Feng Shun-ti,,
704,Hu Ch'uan,,
705,John Leighton Stuart,,
706,Kao I-han,,
707,Lei Chen,,
708,Liang Shih-ch'iu,,
709,T. H. Huxley,,
710,T. T'ieh-hua,,
711,Tung Hsi,,
712,Wei Tao-ming,,
713,Woodrow Wilson,,
714,Hu Wen-hu,,
715,Hu Yeh-p'in,,
716,Hu Yuan-t'an,,
717,Hu Yun,,
718,Huang Chieh,,
719,Hsu Tsung-han,,
720,Huang Ming-t'an,,
721,Liu Kuei-i,,
722,Ma Fu-i,,
723,Miyazaki Torazo,,
724,T. Hsueh-lou,,
725,T. Po-hsien,,
726,Wang Chih-ch'un,,
727,Huang K'an,,
728,Huang K'o-ch'eng,,
729,Huang Kuang-jui,,
730,Huang Lu-yin,,
731,Huang Mu-sung,,
732,Huang Shao-ku,,
733,Hung Shen,,
734,Jao Shu-shih,,
735,Jen Hung-chun,,
736,K'ang Sheng,,
737,K'o Shao-min,,
738,K'uang Fu-cho,,
739,K'ung Te-ch'eng,,
740,Kan Nai-kuang,,
741,Kao Kang,,
742,Ko Kung-chen,,
743,Ku Cheng-lun,,
744,Ku Cheng-ting,,
745,Ku Chieh-kang,,
746,Ku Hung-ming,,
747,Kuo Hua-jo,,
748,Ch'eng Fang-wu,,
749,Chao Nan-kung,,
750,Cheng Po-ch'i,,
751,Chiang Kuang-tz'u,,
752,Ching Yinyu,,
753,Gerhart Hauptmann,,
754,Ho Kung-kan,,
755,Ho Lien,,
756,Ichikawa,,
757,John Galsworthy,,
758,M. Synge,,
759,Omar Khayyam,,
760,Rabindranath Tagore,,
761,Rubaiyat,,
762,Sato Tomiko,,
763,Sun Pingwen,,
764,T'ien Han,,
765,Tseng Yang-fu,,
766,Tsou T'ao-fen,,
767,Turgenev,,
768,Upton Sinclair,,
769,Walt Whitman,,
770,Wang Ta-ch'ing,,
771,Wu T'ieh-ch'eng,,
772,Yu Han-mou,,
773,Yu Li-ch'un,,
774,Yu Ta-fu,,
775,Kuo Ping-wen,,
776,Kuo T'ai-ch'i,,
777,Lao Nai-hsuan,,
778,Lei Ming-yuan,,
779,Li Chi,,
780,Li Fei-kan,,
781,Li Ken-yuan,,
782,Chiang Ch'un,,
783,Huang Chung-ying,,
784,Ma Yu-pao,,
785,Tai K'an,,
786,Li Ming,,
787,Ch'i Ling-ch'en,,
788,Dolinet,,
789,Hsia Chien-chung,,
790,Li Hung-tsao,,
791,Li Kun-ying,,
792,Li Shu-hua,,
793,Sun Pao-ch'i,,
794,Wang Chao,,
795,Yang Chia-lo,,
796,Li Shu-t'ung,,
797,Li Ta,,
798,Ariga Nagao,,
799,Frank J. Goodnow,,
800,T. Po-lan,,
801,T'an P'ing-shan,,
802,T'ang Hua-lung,,
803,Hsia Wei,,
804,Hu Tsung-to,,
805,Huang Hsu-ch'u,,
806,Li P'in-hsien,,
807,Liao Lei,,
808,Shen Hung-ying,,
809,Yeh Ch'i,,
810,Chang Chen-wu,,
811,Chang Piao,,
812,Chiang I-wu,,
813,Edward S. G. Li,,
814,Li Chao-hsiang,,
815,Li Shao-chi,,
816,Li Shao-fang,,
817,Sun Wu,,
818,T. Ch'un-shan,,
819,T. Yaoching,,
820,Yuan K'o-chin,,
821,Huang Tsun-hsien,,
822,Inukai Tsuyoshi,,
823,John Hay,,
824,Li Hui-hsien,,
825,Li Tuan-fen,,
826,Ma Chien-chung,,
827,Theodore Roosevelt,,
828,Timothy Richard,,
829,Liang Hung-chih,,
830,Liang Ssu-ch'eng,,
831,Liang Ssu-yung,,
832,Liao Ch'eng-chih,,
833,Boucopaix,,
834,Cynthia Liao,,
835,Delos F. Wilcox,,
836,Henry George,,
837,Liao En-t'ao,,
838,Liao Meng-hsing,,
839,Lin Wen-ch'ing,,
840,Lin Hsien-t'ang,,
841,Galin,,
842,Itagaki,,
843,K. Bluecher,,
844,Lin Yu-nan,,
845,Malinovsky,,
846,Rodion Ya,,
847,Tso Ch'uan,,
848,Yun Tai-ying,,
849,Liu Chih-tan,,
850,Liu Hung-sheng,,
851,Anna Louise Strong,,
852,Earl Browder,,
853,Hsiao Ching-kuang,,
854,Hu Fu,,
855,Jacques Doriot,,
856,John S. Service,,
857,Mohammed Ayub Khan,,
858,Su Chao-cheng,,
859,Teng Fa,,
860,Teng Tzu-hui,,
861,Tito,,
862,Tom Mann,,
863,Liu Wen-hui,,
864,Liu Wen-tao,,
865,Liu Ya-tzu,,
866,Lo Wen-kan,,
867,Lo Ch'ang-p'ei,,
868,Lo Ch'i-yuan,,
869,Lo Chen-yu,,
870,Lo Chia-lun,,
871,Lo I-nung,,
872,Lo Jui-ch'ing,,
873,Lo Jung-huan,,
874,Lu Po-hung,,
875,Lu Ting-yi,,
876,Lu Tso-fu,,
877,Ma Ch'ao-chun,,
878,Ma Chan-shan,,
879,Ma Chung-ying,,
880,Ma Fu-hsiang,,
881,Ma Hsu-lun,,
882,Ma Hung-pin,,
883,Ma Yin-ch'u,,
884,Mao Tse-min,,
885,Agnes Smedley,,
886,Breznev,,
887,Chang Ching-yao,,
888,Cheng Kuan-ying,,
889,Chiang Ch'ing,,
890,Chu Hsi,,
891,David D. Barrett,,
892,Eisenhower,,
893,Friedrich Paulsen,,
894,Han Lin-fu,,
895,Henricus Sneevliet,,
896,Ho Tzu-chen,,
897,John Stuart Mill,,
898,Kosygin,,
899,Li Han-chun,,
900,Mao Jen-sheng,,
901,Mao Tse-t'an,,
902,P'eng Chen,,
903,Pavel Mifand,,
904,Robert Payne,,
905,Stuart Schram,,
906,Teng En-ming,,
907,Tso Tsung-t'ang,,
908,Wen Ch'i-mei,,
909,Yang Ch'ang-chi,,
910,Yang K'ai-hui,,
911,Yu Fang-chou,,
912,Masud Sabri,,
913,Mei Kuang-ti,,
914,Mei Lan-fang,,
915,Mei Yi-pao,,
916,Meng Sen,,
917,Miao Pin,,
918,Mo Te-hui,,
919,Mu Hsiang-yueh,,
920,Ou-yang Ching-wu,,
921,P'an Kuang-tan,,
922,P'an Kung-chan,,
923,P'eng P'ai,,
924,P'u-ju,,
925,Chou Ying-jen,,
926,Chu-ko Liang,,
927,Hsiao Chu-ko,,
928,Liu Chien-hsu,,
929,Liu Jih-fu,,
930,Ma Hsiao-chun,,
931,Panchen Lama,,
932,Pei Tsu-yi,,
933,Po I-po,,
934,Saifudin,,
935,Shang Chen,,
936,Shao P'iao-p'ing,,
937,Shen Chia-pen,,
938,Shen Chun-ju,,
939,Shen Hung-lieh,,
940,Shen Ts'ung-wen,,
941,Shen Tse-min,,
942,Shen Tuan-hsien,,
943,Shen Yi,,
944,Shen Yin-mo,,
945,Sheng Hsuan-huai,,
946,Sheng Shih-ts'ai,,
947,Shih Chao-chi,,
948,Shih Ying,,
949,Shu Hsin-ch'eng,,
950,Su Man-shu,,
951,Su Yu,,
952,Sun Li-jen,,
953,Charles R. Hager,,
954,Cheng Shih-liang,,
955,Chin-yen,,
956,Feng Ching-ju,,
957,Georges Clemenceau,,
958,H. Pi-ch'en,,
959,H. Shou-ping,,
960,H. Yu-t'ang,,
961,Hsing-Chung-hui,,
962,J. Heng Liu,,
963,James Cantlie,,
964,John G. Kerr,,
965,Lin Pao-tse,,
966,Liu Jui-heng,,
967,Lu Hao-tung,,
968,Lu Mu-chen,,
969,Nakayama,,
970,Okuma Shigenobu,,
971,Paul Stevenson,,
972,Sun Mei,,
973,T. Chao-ch'un,,
974,T. Heng-ch'i,,
975,T. Te-chang,,
976,Tai En-sai,,
977,Yang Ch'u-yun,,
978,Sung Han-chang,,
979,Sung Hsi-lien,,
980,George VI,,
981,J. P. Morgan,,
982,John Van Antwerp MacMurray,,
983,T'ai-hsu,,
984,T'an Chen,,
985,T'an Chen-lin,,
986,T'an Cheng,,
987,T'ang En-po,,
988,T'ang Erh-ho,,
989,T'ang Sheng-chih,,
990,T'ang Yung-t'ung,,
991,T'ao Hsi-sheng,,
992,T'ao Hsing-chih,,
993,Tai Li,,
994,Tang Hua-lung,,
995,Teng Hsi-hou,,
996,Teng Ying-ch'ao,,
997,Ting Fu-pao,,
998,Ting Hsi-lin,,
999,Ting Ling,,
1000,Ting Wei-fen,,
1001,Ts'ai Ch'ang,,
1002,Ts'ai O,,
1003,Ts'ai T'ing-kan,,
1004,Ch'iu Chin,,
1005,Chou Chun,,
1006,Hsu Hsi-lin,,
1007,Huang Chung-yu,,
1008,Silas Hardoon,,
1009,Ts'ai Kuang-p'u,,
1010,Ts'ai Ming-en,,
1011,Yang Ch'uan,,
1012,Ts'en Ch'un-hsuan,,
1013,Tu Chung-yuan,,
1014,Tu Yu-ming,,
1015,Tu Yueh-sheng,,
1016,Chang Huai-chih,,
1017,Fu Liang-tso,,
1018,Li Ch'ang-t'ai,,
1019,Liu Ming-ch'uan,,
1020,T. Yuan-shan,,
1021,Tuan P'ei,,
1022,Wang Shih-chen,,
1023,Tuan Hsi-p'eng,,
1024,Tung Ch'i-wu,,
1025,Tung Hsien-kuang,,
1026,Tung K'ang,,
1027,Tung Yuan-feng,,
1028,Ulanfu,,
1029,Unenbayin,,
1030,Wan Chia-pao,,
1031,Wan Fu-lin,,
1032,Wang Chen,,
1033,Alfred Sze,,
1034,Chang Shao-tseng,,
1035,Hu Ying,,
1036,Leo M. Karakhan,,
1037,Li Teng-hui,,
1038,T. H. Lee,,
1039,Wang Ching-ch'un,,
1040,Kao Tsung-wu,,
1041,Konoye,,
1042,Lu Yu,,
1043,M. N. Roy,,
1044,Tojo,,
1045,Wang Shu,,
1046,Wang K'ai-yun,,
1047,Wang K'o-min,,
1048,Wang Kuo-wei,,
1049,Wang P'eng-sheng,,
1050,Wang Tsao-shih,,
1051,Wang Yin-t'ai,,
1052,Wang Yun-wu,,
1053,Wei Li-huang,,
1054,Wen I-to,,
1055,Huang I-chou,,
1056,Lien Ch'uan,,
1057,Liu Erh-k'uei,,
1058,T'ao Mo,,
1059,Wu Meng-fu,,
1060,Wu Shu-wei,,
1061,Wu Ching-hsiung,,
1062,Wu Han,,
1063,Wu Hsiu-ch'uan,,
1064,Wu Lien-teh,,
1065,Doihara Kenji,,
1066,Hsiao Yao-nan,,
1067,Okano Masujiro,,
1068,T. Heng-sheng,,
1069,Wu Tao-shih,,
1070,Wu Wen-fu,,
1071,Yeh K'ai-hsin,,
1072,Wu T'ing-hsieh,,
1073,Wu Ting-ch'ang,,
1074,Wu Yao-tsung,,
1075,Wu Yi-fang,,
1076,Wu Yu,,
1077,Wu Yu-chang,,
1078,Y. Y. Tsu,,
1079,Yang Chieh,,
1080,Yang Yung-t'ai,,
1081,Yeh Kung-ch'ao,,
1082,Yeh Kung-cho,,
1083,Chao Tzu-lung,,
1084,Kao Yu-han,,
1085,Yeh Te-hui,,
1086,Chao Tai-wen,,
1087,Yu Chen,,
1088,Yen Hui-ch'ing,,
1089,Yolbars,,
1090,Yu Hung-chun,,
1091,Yu P'ing-po,,
1092,Chao Ping-chun,,
1093,Chou Fu,,
1094,H. Paots'en,,
1095,H. Tzu-wu,,
1096,H. Yu-wu,,
1097,Hanabusa Yoshimoto,,
1098,Hu Yu-fen,,
1099,Hung Shu-tsu,,
1100,Ito Hirobumi,,
1101,Jung-lu,,
1102,Kan Hou-tz'u,,
1103,Lin Kuan-hsiung,,
1104,Liu K'un-i,,
1105,Lu Shun,,
1106,T. Chen-shu,,
1107,T. Chung-jen,,
1108,T. Han-yun,,
1109,T. Hsiao-hsuan,,
1110,T. Hsing-wu,,
1111,T. Lai-ch'en,,
1112,T. Mei-shu,,
1113,T. Pao-ch'en,,
1114,T. Shou-ch'en,,
1115,T. Tso-ch'en,,
1116,T. Wu-lou,,
1117,T. Yun-mei,,
1118,T. Yun-t'ai,,
1119,Tai Won Kun,,
1120,Tung Fu-hsiang,,
1121,Wu Ch'ang-ch'ing,,
1122,Yuan Chia-san,,
1123,Yuan K'o-wen,,
1124,Yuan Pao-ch'ing,,
1125,Yuan Pao-chung,,
1126,Yuan Pao-heng,,
1127,Yuan T'ung-li,,