id,name,lat,lon
0,Ai Ssu-ch'i,,
1,Ch'en Shao-yu,,
2,Ch'in Pang-hsien,,
3,Chang Han-fu,,
4,Chang Wen-t'ien,,
5,Cheng I-li,,
6,Chou Yang,,
7,Hu Ch'iao-mu,,
8,Hu Shih,,
9,Jen Cho-hsuan,,
10,Li Kung-p'u,,
11,Liu Shih,,
12,Mao Tse-tung,,
13,Wu Li-p'ing,,
14,Yeh Ch'ing,,
15,Burhan,,
16,Akhmedjan Kasimov Kasimov,,
17,Chang Chih-chung,,
18,Chiang Kai-shek,,
19,Chin Shu-jen,,
20,Garegin A. Apresoff,,
21,Kazan,,
22,Ma Chung-ying,,
23,Mao Tse-min,,
24,Masud Sabri,,
25,Saifudin,,
26,Sheng Shih-ts'ai,,
27,Sun Yat-sen,,
28,Sung Hsi-lien,,
29,Sven Hedin,,
30,Turki,,
31,Wu Chung-hsin,,
32,Yang Tseng-hsin,,
33,Buyantai,,
34,B. Dantzen,,
35,Butterfly Wu,,
36,Wu Ch'ao-shu,,
37,Feng Yu-hsiang,,
38,Fu Tso-yi,,
39,Genghis Khan,,
40,Gungsang Norbu,,
41,Hsiung Shih-hui,,
42,Hsu Ch'ien,,
43,Hsu Shih-ying,,
44,Hu Tieh,,
45,Husutei,,
46,Kharchin Banner,,
47,Kuo Tao-fu,,
48,Li Lieh-chun,,
49,Li Yung-hsin,,
50,Merse,,
51,Pai Hai-feng,,
52,Pai Yu-k'un,,
53,Demchukdonggrub,,
54,Wang Ching-wei,,
55,Wu Ho-ling,,
56,Yen Hsi-shan,,
57,Ch'en Ch'eng,,
58,Albert C. Wedemeyer,,
59,Ch'en Hsi-wen,,
60,Chang Hsueh-liang,,
61,Chiang Ching-kuo,,
62,Chou Chih-jou,,
63,Chou En-lai,,
64,George C. Marshall,,
65,Ho Chien,,
66,Ho Ying-ch'in,,
67,Hsueh Yueh,,
68,Hu Tsung-nan,,
69,Huang Ch'i-hsiang,,
70,Joseph W. Stilwell,,
71,Ku Chu-t'ung,,
72,Kuo Mo-jo,,
73,Liu Hsiang,,
74,Lo Cho-ying,,
75,O. K. Yui,,
76,Pai Ch'ung-hsi,,
77,Patrick J. Hurley,,
78,Sun Ch'uan-fang,,
79,T. V. Soong,,
80,T'an Hsiang,,
81,Wei Li-huang,,
82,Wu Kuo-chen,,
83,Yang Hu-ch'eng,,
84,Yen Chung,,
85,Yu Han-mou,,
86,Yu Hung-chun,,
87,Ch'en Ch'i-mei,,
88,Ch'en Ch'i-ts'ai,,
89,Chang Hsun,,
90,Cheng Ju-ch'eng,,
91,Chu Cheng,,
92,Huang Hsing,,
93,Sung Chiao-jen,,
94,T. Ai-shih,,
95,Yuan Shih-k'ai,,
96,Ch'en Ch'ing-yun,,
97,Chan Hing-wan,,
98,Chang Hui-ch'ang,,
99,Curtiss,,
100,Huang Kuang-jui,,
101,Liao Chung-k'ai,,
102,Lin Sen,,
103,Mao Pang-ch'u,,
104,P. T. Mow,,
105,Wang Shu-ming,,
106,Ch'en Chi-t'ang,,
107,Ch'en Chiung-ming,,
108,Ch'en Ming-shu,,
109,Ch'en Wei-chou,,
110,Chang Fa-k'uei,,
111,Eugene Ch'en,,
112,Hsu Ching-t'ang,,
113,Hu Han-min,,
114,Hung Hsiu-ch'uan,,
115,Kuan Yu,,
116,Li Chi-shen,,
117,Li Han-hun,,
118,Li Tsung-jen,,
119,Liu Chen-huan,,
120,Tsou Lu,,
121,Yang Hsi-min,,
122,Yueh Fei,,
123,Ch'en Chia-keng,,
124,Ch'en Yi [G],,
125,David Yui,,
126,Harry S. Truman,,
127,Huang Yen-p'ei,,
128,K. C. Lee,,
129,Li Kuang-ch'ien,,
130,Lim Boon Keng,,
131,Lin Wen-ch'ing,,
132,Liu Ya-tzu,,
133,Shao Li-tzu,,
134,Shen Chun-ju,,
135,Tan Kah Kee,,
136,Tan Keng Yen,,
137,Tan Ki Pei,,
138,Tan Lark Sye,,
139,Teng Ts'ui-ying,,
140,Ts'ai Yuan-p'ei,,
141,Ch'en Chin-t'ao,,
142,Feng Kuo-chang,,
143,H. H. K'ung,,
144,Li Yuan-hung,,
145,Liang Hung-chih,,
146,Liang Shih-i,,
147,Lorenzo J. Hatch,,
148,Paul Reinsch,,
149,Sheng Hsuan-huai,,
150,Tuan Ch'i-jui,,
151,William A. Grant,,
152,Wu T'ing-fang,,
153,Ch'eng Pi-kuang,,
154,Chang Ping-lin,,
155,Chang Tso-lin,,
156,Chao Heng-t'i,,
157,Chu Ch'ing-lan,,
158,Chu Chih-hsin,,
159,Hsiung K'o-wu,,
160,Hsu Ch'ung-chih,,
161,Hsu Shih-ch'ang,,
162,Hu I-sheng,,
163,Hung Chao-lin,,
164,Liang Ch'i-ch'ao,,
165,Liu Ssu-fu,,
166,Lu Jung-t'ing,,
167,Lung Chi-kuang,,
168,Sun Fo,,
169,T. Hsiang-ch'en,,
170,T. Jo-ch'ing,,
171,Teng K'eng,,
172,Wu P'ei-fu,,
173,Yeh Chti,,
174,Yeh Chu,,
175,Ch'en Heng-che,,
176,Ch'en Tao,,
177,Chuang Ssu-chien,,
178,Chuang Yaofu,,
179,Eloise Ellery,,
180,H. C. Zen,,
181,Jen Hung-chun,,
182,Liu-Mei,,
183,Lucy M. Salmon,,
184,Sophia Hung-che Chen,,
185,T. Chih-lueh,,
186,T. Huai-t'ing,,
187,T. Ts'ai-shih,,
188,Ch'en Hsing-shen,,
189,Ch'en Pao-chen,,
190,Ch'ien Pao-tsung,,
191,Cheng Shih-ning,,
192,Cheng Tung-sun,,
193,Chiang Li-fu,,
194,E. Kaehler,,
195,Einstein,,
196,Elie Cartan,,
197,Emil Artin,,
198,Erich Hecke,,
199,George Birkhoff,,
200,Heinz Hopf,,
201,Hsiung Ch'ing-lai,,
202,Hu Kun-sheng,,
203,Hu Tah,,
204,Hua Lo-keng,,
205,Li Chi,,
206,S. S. Chern,,
207,Sun Tang,,
208,T. Mingfu,,
209,Tuan Mou-lan,,
210,Wilhelm Blaschke,,
211,Yang Wu-chih,,
212,Yuan T'ung-li,,
213,Ch'en Keng,,
214,Ch'en Yi [C],,
215,Chang Kuo-t'ao,,
216,Hsu Hsiang-ch'ien,,
217,Liao Ch'eng-chih,,
218,Lin Piao,,
219,Liu Po-ch'eng,,
220,Lu Ti-p'ing,,
221,Nieh Jung-chen,,
222,Niu Hui-lin,,
223,Niu Hui-sheng,,
224,Tseng Kuo-fan,,
225,Ch'en Kuang-fu,,
226,Butterfield,,
227,Chi Ch'ao-ting,,
228,Henry Morgenthau,,
229,Hsi Te-mou,,
230,Pei Tsu-yi,,
231,Thomas Cook,,
232,Ch'en Kung-po,,
233,Adolf Joffe,,
234,Ch'en Chih-mei,,
235,Ch'en Kuo-fu,,
236,Ch'en Tu-hsiu,,
237,Chou Fo-hai,,
238,Ku Meng-yu,,
239,Li Ta-chao,,
240,T'an P'ing-shan,,
241,Teng Yen-ta,,
242,Wu Chih-hui,,
243,Ch'en Li-fu,,
244,Ch'en Po-ta,,
245,Ch'en Pu-lei,,
246,Chang Jen-chieh,,
247,Chao Tai-wen,,
248,Chu Ming,,
249,Fang Chih-min,,
250,Hu Yuan-t'an,,
251,Li Shih-tseng,,
252,Michael Borodin,,
253,T. Ch'in-shih,,
254,T. Yenyu,,
255,Tai Chi-t'ao,,
256,Ting Wei-fen,,
257,Yeh Ch'u-ts'ang,,
258,Bogomolov,,
259,Ch'ien Yung-ming,,
260,Chang Li-sheng,,
261,Chu Chia-hua,,
262,Dean Roscoe Pound,,
263,Hsu En-tseng,,
264,J. Leighton Stuart,,
265,Jen T'ai,,
266,Joseph Stalin,,
267,Ku Yu-hsiu,,
268,Lai Lien,,
269,Li Yung-ch'ing,,
270,P'an Han-nien,,
271,Sun Lu-ch'ing,,
272,Tai Li,,
273,Thomas E. Dewey,,
274,Ting Mo-ts'un,,
275,Wang Shih-chieh,,
276,Ch'en Lu,,
277,Chang Chih-tung,,
278,Lu Cheng-hsiang,,
279,Sun Pao-ch'i,,
280,Tai Hung-tz'u,,
281,Chang Chi,,
282,Chang Po-chun,,
283,Chiang Kuang-nai,,
284,Ho Lung,,
285,T'ang Sheng-chih,,
286,Tai Chi,,
287,Ts'ai T'ing-k'ai,,
288,Yao Yu-p'ing,,
289,Yeh T'ing,,
290,Ch'en Pai-ch'en,,
291,Hung Shen,,
292,Mandara,,
293,Shih Ta-k'ai,,
294,T'ien Han,,
295,Tso Ming,,
296,Ch'en Pi-chun,,
297,Ch'en Ch'ang-tsu,,
298,Ch'en Chun-pu,,
299,Ch'en Yao-tsu,,
300,Ch'iu Chin,,
301,Ch'u Min-i,,
302,Ho Hsiang-ning,,
303,Soong Ch'ing-ling,,
304,Chang Chen,,
305,Chiang Chieh-shih,,
306,Chou Shu-jen,,
307,Ho Kan-chih,,
308,Hsin shih-chi,,
309,Li Li-san,,
310,Chou Shu-ren,,
311,Wang Cheng-t'ing,,
312,Hsu Shu-cheng,,
313,Hsu Tao-lin,,
314,P'an Kung-chan,,
315,Wang Ch'ung-hui,,
316,Webster,,
317,Ch'en San-li,,
318,Ch'en Weilin,,
319,Chang Chien,,
320,Cheng Hsiao-hsu,,
321,Hsu Jen-chu,,
322,Huang T'ing-chien,,
323,Huang Tsun-hsien,,
324,K'ang Yu-wei,,
325,Kuang-hsu,,
326,Kuo Sung-t'ao,,
327,Lin Hsu,,
328,Liu K'un-i,,
329,Liu Kuang-ti,,
330,Lo Cheng-i,,
331,Lo Hsing-ssu,,
332,Ma Ch'i-ch'ang,,
333,T. Chin-ch'ing,,
334,T. Shih-fu,,
335,T. T'ung-po,,
336,T. Yu-ming,,
337,Ting Hui-k'ang,,
338,Ting Jih-ch'ang,,
339,Wang Shih-chen,,
340,Wang Shu-nan,,
341,Wang Wen-shao,,
342,Wang Yang-ming,,
343,Wu Ch'ang-ch'ing,,
344,Wu Pao-ch'u,,
345,Yang Jui,,
346,Yu Ta-wei,,
347,Ch'en Shao-k'uan,,
348,George VI,,
349,Kuei Yung-ch'ing,,
350,Ch'en Shao-pai,,
351,Andrew P. Happer,,
352,Ch'en Meng-nan,,
353,Ch'en Tzu-ch'iao,,
354,Cheng Shih-liang,,
355,Feng Tzu-yu,,
356,Hsiung Fei,,
357,James Cantlie,,
358,Lu Hao-tung,,
359,Ou Feng-ch'ih,,
360,Ch'en Yun,,
361,Hsiang Chung-fa,,
362,K'ang Sheng,,
363,Karl Radek,,
364,Pavel Mif,,
365,Po Ku,,
366,Shen Tse-min,,
367,Teng Chung-hsia,,
368,Wang Chia-hsiang,,
369,Wang Ming,,
370,Yun Tai-ying,,
371,Ch'en Shu-jen,,
372,Cheng Kuan-kung,,
373,Cheng T'ien-hsi,,
374,Chu Lien,,
375,Hsieh Ying-po,,
376,Mao Tzu-ch'uan,,
377,Ch'en T'an-ch'iu,,
378,Chen Pan-tsu,,
379,Gregory Voitinsky,,
380,Hsu Ch'ien-chih,,
381,Hsu Chieh,,
382,Li Han-chun,,
383,Lin Chi-lu,,
384,Teng Fa,,
385,Tung Pi-wu,,
386,Ch'en Ta,,
387,Bruno Lasker,,
388,Ethelbert Stewart,,
389,F. H. Giddings,,
390,Fei Hsiao-t'ung,,
391,Frank Lorimer,,
392,Lo Lung-chi,,
393,Margaret Sanger,,
394,R. E. Chaddock,,
395,Reed,,
396,Stuart Rice,,
397,Warren Thompson,,
398,William F. Ogburn,,
399,William L. Holland,,
400,Wu Ching-ch'ao,,
401,Ch'u Ch'iu-pai,,
402,Chang Shih-chao,,
403,Jen Pi-shih,,
404,John Dewey,,
405,Leon Trotsky,,
406,Liu Fu,,
407,Liu Shao-ch'i,,
408,Maring,,
409,P'eng Shu-chih,,
410,Po Wen-wei,,
411,T. Lieh-wu,,
412,Ch'en Wen-k'uan,,
413,Amne Machin,,
414,Lin Ta-kang,,
415,Milton E. Miles,,
416,Moon F. Chin,,
417,Soong Mei-ling,,
418,Ch'en Yen-nien,,
419,Ch'en Ch'iao-nien,,
420,Chao Shih-yen,,
421,Hsiang Ching-yu,,
422,Lo I-nung,,
423,Su Chao-cheng,,
424,Ts'ai Ho-sen,,
425,Wang Jo-fei,,
426,Chang Ting-ch'eng,,
427,Chang Yun-i,,
428,Chu Teh,,
429,David D. Barrett,,
430,Hsiang Ying,,
431,Jao Shu-shih,,
432,Lo Chih,,
433,Su Yu,,
434,T'an Chen-lin,,
435,Teng Hsiao-p'ing,,
436,Yang Sen,,
437,Chou Feng-ch'i,,
438,Chou Hsiang-hsien,,
439,Chu Keng-sheng,,
440,Hsia Ch'ao,,
441,Ko Ching-en,,
442,Liu Chien-hsu,,
443,Lu Yung-hsiang,,
444,Shen Hung-lieh,,
445,Wei Tao-ming,,
446,Ch'en Yin-k'o,,
447,Chao Yuen-ren,,
448,Chiang T'ing-fu,,
449,H. H. Dubs,,
450,Hsu Ti-shan,,
451,Li Po,,
452,Po Chu-i,,
453,T. F. Tsiang,,
454,W. E. Soothill,,
455,Yuan Po,,
456,Ch'en Yuan,,
457,Chang Huai,,
458,Chiu Wu-tai-shih,,
459,Kuwabara Jitsuzo,,
460,Li Shu-hua,,
461,Shen Chien-shih,,
462,Ying Ch'ien-li,,
463,Kao Kang,,
464,Lai Jo-yu,,
465,Li Fu-ch'un,,
466,P'eng Chen,,
467,Ch'eng Ch'ien,,
468,Chang Ch'un,,
469,Huang Shao-hung,,
470,Li Ken-yuan,,
471,Lin Po-ch'u,,
472,T'ang Chi-yao,,
473,Wu Lu-chen,,
474,Ch'eng Ching-yi,,
475,Eliot Curwin,,
476,George Owen,,
477,John R. Mott,,
478,Thomas Cochrane,,
479,Yu Jih-chang,,
480,Ch'eng She-wo,,
481,Ch'eng Ts'e-ta,,
482,Chang Tsung-ch'ang,,
483,Dean Williams,,
484,Hsiang Kai-jan,,
485,Huang Shao-ku,,
486,Lin Pai-shui,,
487,Ni Ssu-ch'ung,,
488,Shao P'iao-p'ing,,
489,Wang Hsin-min,,
490,Ch'eng T'ien-fang,,
491,Adolf Hitler,,
492,Ch'eng Yen-ch'iu,,
493,Ch'eng Yung-kuang,,
494,Chu P'ei-te,,
495,Hsun Hui-sheng,,
496,Jung Tieh-hsien,,
497,Liu Lu-yin,,
498,Lo Ying-kung,,
499,Mei Lan-fang,,
500,Shang Hsiao-yun,,
501,T. Yu-shuang,,
502,Wang Yao-ch'ing,,
503,Wen Chi kuei-Han,,
504,Ch'i Hsieh-yuan,,
505,Li Ch'un,,
506,Ts'ao K'un,,
507,Ch'i Ju-shan,,
508,Ch'i Cheng-hsun,,
509,Ch'i Ling-ch'en,,
510,Feng Keng-kuang,,
511,Hsi Shih,,
512,Li Hung-chang,,
513,Li Hung-tsao,,
514,Lo Shen,,
515,T. Ch'i-t'ing,,
516,T. Chu-ch'i,,
517,Tseng Chi-tse,,
518,Weng T'ung-ho,,
519,Ch'i Pai-shih,,
520,Ch'en Heng-k'o,,
521,Ch'en Nien,,
522,Ch'i Liang-chi,,
523,Ch'u Hung-chi,,
524,Chang Tengshou,,
525,Chao Chih-ch'ien,,
526,Fan Tseng-hsiang,,
527,H. Ch'in-yuan,,
528,H. Hsiao-sung,,
529,H. Sung-an,,
530,H. Yen-lin,,
531,Hsia Shou-t'ien,,
532,Hsiao Hsiang-kai,,
533,Hsu Pei-hung,,
534,Hu Tzu-wei,,
535,Kuo Jenchang,,
536,Li Ch'eng-li,,
537,Li Chin-hsi,,
538,Li Feng-mien,,
539,Li Jui-ch'ing,,
540,Li Te-hsun,,
541,T. Ch'ungkuang,,
542,T. Ching-shen,,
543,T. Hui-shu,,
544,T. Meng-pai,,
545,T. Pan-ting,,
546,T. Shao-fan,,
547,Ting Ching,,
548,Tseng Chao-chi,,
549,Tseng Hsi,,
550,Wang Hsun,,
551,Wang K'ai-yun,,
552,Wen Shao-k'o,,
553,Yao Hua,,
554,Yu Fei-an,,
555,Yun Wang,,
556,Ch'ien Hsuan-t'ung,,
557,Ch'ien Cheng-ch'ang,,
558,Ch'ien Hsun,,
559,Chou Tso-jen,,
560,Chu Hsi-tsu,,
561,Huang K'an,,
562,Ku Chieh-kang,,
563,Liu Shih-p'ei,,
564,Shen Yin-mo,,
565,Ts'ui Shih,,
566,Tsou Jung,,
567,Ch'ien Mu,,
568,Hui Shih,,
569,Liu Hsin,,
570,Motzu,,
571,Ch'ien San-ch'iang,,
572,Frederic,,
573,Irene Joliot-Curie,,
574,Ch'ien Ta-chun,,
575,Ch'ien Ch'i-wen,,
576,Ch'ien Tzu-mei,,
577,Chang Ting-fan,,
578,Ho Chu-kuo,,
579,Lu Chen-huan,,
580,Niu Yung-chien,,
581,Wang Chan-yuan,,
582,Wang Po-ling,,
583,Ch'ien Tuan-sheng,,
584,Carsun Chang,,
585,Chiang Meng-lin,,
586,Li Choh-ming,,
587,Julius Hatschek,,
588,Leon Duguit,,
589,Malbone Graham,,
590,Thomson S. Chien,,
591,Ku Ying-fen,,
592,Wu Ting-ch'ang,,
593,Ch'in Te-ch'un,,
594,Chang Yueh-hsia,,
595,Li K'o-nung,,
596,Liu Ch'un-hsien,,
597,Lu Chung-lin,,
598,Plekhanov,,
599,Sung Che-yuan,,
600,T. Shao-wen,,
601,Yeh Chien-ying,,
602,B. M. Alexeiev,,
603,Chang T'ai-lei,,
604,Cheng Chen-to,,
605,Chiang Kuang-ch'ih,,
606,Gorky,,
607,Keng Chi-chih,,
608,Kolokolov,,
609,Lo Jung-huan,,
610,Lominadze,,
611,Mao Tun,,
612,Serafimovich,,
613,Shen Yen-ping,,
614,Yu Yu-jen,,
615,Ch'u Hsing-t'ien,,
616,Po Lo-wen,,
617,T'an Yen-k'ai,,
618,Chan T'ien-yu,,
619,C. W. Kinder,,
620,Jick Wong,,
621,John F. Stevens,,
622,Jung Hung,,
623,Tien Yow Jeme,,
624,Yung Wing,,
625,Chan Ta-pei,,
626,Chang Ching-liang,,
627,Chiang I-wu,,
628,Ho Hai-ming,,
629,Hu Tsung-to,,
630,Hu Ying,,
631,Yuan Ssu-yuan,,
632,Chang Ch'i-huang,,
633,Nieh Ch'i-te,,
634,Shunte,,
635,Chang Ch'i-yun,,
636,Chang Chao-lin,,
637,Elpidio Quirino,,
638,Hung Yun-hsiang,,
639,Isaiah Bowman,,
640,Liu Po-ming,,
641,Mei Kuang-ti,,
642,Syngman Rhee,,
643,Ts'ai Ho-k'eng,,
644,V. K. Ting,,
645,Douglas MacArthur,,
646,Huang Fu,,
647,Kawagoe Shigeru,,
648,Lu Han,,
649,Oskar Trautmann,,
650,Paul VI,,
651,Yu Pin Paul,,
652,Takada,,
653,Tanaka Guchi,,
654,Wu T'ieh-ch'eng,,
655,Yang Yung-t'ai,,
656,Hsieh Ch'ih,,
657,Pablo Picasso,,
658,Su Pao,,
659,T. Chih-fu,,
660,T. Hua-ch'en,,
661,Teng Tse-ju,,
662,Wu Ju-lun,,
663,Yao Wen-fu,,
664,Chang Chi-luan,,
665,Chang Ch'iao-hsuan,,
666,Hu Lin,,
667,Wang Yun-sheng,,
668,Chang Chia-ao,,
669,Chang Chia-sen,,
670,Chu Jui,,
671,J. P. Morgan,,
672,Liu Kung-yun,,
673,S. Y. Liu,,
674,Sung Han-chang,,
675,Thomas W. Lamont,,
676,Tseng Yang-fu,,
677,Wong Wen-hao,,
678,Bela Kun,,
679,Chang Erh-t'ien,,
680,Chang Lan,,
681,Chang Tung-sun,,
682,Chiang Fang-chen,,
683,Han Kuo-chun,,
684,Hans Driesch,,
685,Harold Laski,,
686,Henri Bergson,,
687,Karl Korsch,,
688,Li Ta-ming,,
689,Liang Shu-ming,,
690,Lin Ch'ang-min,,
691,Lung Yun,,
692,Rudolf Eucken,,
693,Sun Hung-i,,
694,Ting Wen-chiang,,
695,Tso Shun-sheng,,
696,Wu Hsien-tzu,,
697,Chang P'eng-nien,,
698,Hsiung Hsi-ling,,
699,Hsueh Fu-ch'eng,,
700,Li Shu-ch'ang,,
701,Prince Ch'un,,
702,Robert Dollar,,
703,T. Hsiao-hsien,,
704,Tai Won Kun,,
705,Chang Chih-chiang,,
706,Chang Shao-tseng,,
707,Kuo Sung-ling,,
708,Li Ching-lin,,
709,Li Ming-chung,,
710,Wang Chin-ming,,
711,Chang Ching-chiang,,
712,Chang Chun-hsiang,,
713,Henry King,,
714,P'eng Te-huai,,
715,Pai Yang,,
716,Yen Hui-ch'ing,,
717,Yu Shang-yuan,,
718,Chang En-p'u,,
719,Carl F. Kupfer,,
720,Chang Cheng-sui,,
721,Chang Yuan-hsu,,
722,Cheng-i,,
723,Chuang-tzu,,
724,Gilbert Reid,,
725,Ch'en Huan-chang,,
726,Ch'ien Ta-hsin,,
727,Chang Hsueh-ch'eng,,
728,Chao Erh-sun,,
729,Li Chih-fang,,
730,Li Shang-yin,,
731,Shen Tseng-chih,,
732,T. I-an,,
733,T. Tzu-p'ei,,
734,Wang Kuo-wei,,
735,Wu Mi,,
736,Chang Chu-ch'i,,
737,Chang Yun-yi,,
738,Chou Shih-ti,,
739,Ho Chi Minh,,
740,Liang Hung-k'ai,,
741,Liu Chih,,
742,Miao P'ei-nan,,
743,Nguyen Hai Than,,
744,Vang Hsi-min,,
745,Vo Nguyen Giap,,
746,Yen-Feng,,
747,Benito Mussolini,,
748,Ch'ang Yin-huai,,
749,Ch'u Yu-p'u,,
750,Chang Tso-hsiang,,
751,Chiang Ting-wen,,
752,Conti Rossi,,
753,Edda Ciano,,
754,Hayashi Gonsuke,,
755,Hayashi Hisajiro,,
756,Honjo,,
757,James Elder,,
758,Ku Wei-chun,,
759,Nakamura,,
760,Shih Yu-san,,
761,Tanaka,,
762,V. K. Wellington Koo,,
763,W. H. Donald,,
764,William H. Donald,,
765,Yang Yu-t'ing,,
766,P'an Ting-hsin,,
767,P'u-yi,,
768,Prince Chung-yung,,
769,Su Yuan-ch'un,,
770,Sung Ch'ing,,
771,T. Ch'in-hsuan,,
772,Yang Tu,,
773,Chang I-lin,,
774,Chang Shih-i,,
775,Pai Chiao,,
776,Chang Ting-fu,,
777,Chu I-min,,
778,Ho Yung-chi,,
779,Lin K'o-sheng,,
780,Robert K. S. Lim,,
781,Ton Ying,,
782,Yao Hui,,
783,Ch'en Ch'ang-hao,,
784,Chang T'e-li,,
785,Kropotkin,,
786,Li Hsien-nien,,
787,Liu Jen-ching,,
788,Ma Pu-fang,,
789,Yang Ming-chai,,
790,Chang Nai-ch'i,,
791,Sha Ch'ien-li,,
792,Shih Liang,,
793,T'ao Hsing-chih,,
794,Tsou T'ao-fen,,
795,Wang Tsao-shih,,
796,Chang Po-ling,,
797,Chang Sheng-wu,,
798,Shao Yuan-ch'ung,,
799,Chang Mo-chun,,
800,Chao Sheng,,
801,Chu Ch'i-hui,,
802,Ho I-hsiao,,
803,Hsieh Liu-i,,
804,Hsin Hu-nan,,
805,T. Po-hsien,,
806,Yeh Sheng-t'ao,,
807,Chang Pi-shih,,
808,Chang Chih-chao,,
809,Chang Yu,,
810,Li Ya-i,,
811,Ch'in Li-shan,,
812,Chiang Wei-ch'iao,,
813,Lin Shu,,
814,Liu Tzu-cheng,,
815,T. Ch'iu-mei,,
816,T. Huan-ch'ing,,
817,T'ang Shao-yi,,
818,Teng Shih,,
819,Tseng Ching,,
820,Wang Fu-chih,,
821,Wang K'ang-nien,,
822,Wei-Chin,,
823,Yang Hsiung,,
824,Yu Yueh,,
825,Arthur W. Hummel,,
826,C. H. Robertson,,
827,Chang Hsi-hu,,
828,D. Willard Lyon,,
829,Fang Hsien-t'ing,,
830,Frank M. Fackenthal,,
831,Franklin L. Ho,,
832,H. D. Fong,,
833,Ho Lien,,
834,Hsu Mo,,
835,John Hersey,,
836,Mei Yi-ch'i,,
837,Robert Gailey,,
838,Roscoe M. Hersey,,
839,Wang Kuei-ch'ang,,
840,Wu Kuang-ch'ien,,
841,Yen Fu,,
842,Yen Hsiu,,
843,George Bernard Shaw,,
844,H. G. Wells,,
845,James Bryce,,
846,Jevons,,
847,Leonard Trelawney Hobhouse,,
848,Miyazaki Torazo,,
849,Sigmund Freud,,
850,Tu Yueh-sheng,,
851,Walter Bagehot,,
852,Wang Chih-ch'un,,
853,Yang Ch'ang-chi,,
854,M. N. Roy,,
855,Chang T'ien-yi,,
856,Hua Wei,,
857,Chang Ta-ch'ien,,
858,Andre Masson,,
859,Chang Chun-shou,,
860,Chang Huai-chung,,
861,Chang Shan-tzu,,
862,Chu Ta,,
863,Hua Shan,,
864,Kao Chien-fu,,
865,Kao Lun,,
866,Shih T'ao,,
867,Tao Ch'i,,
868,Tseng Yi,,
869,Chang Tao-fan,,
870,Chou Hsi-ch'eng,,
871,Gandhi,,
872,Liu Chi-wen,,
873,Nehru,,
874,Yen Fan-sun,,
875,A. N. Ivanov,,
876,Baron von Ungern-Sternberg,,
877,Chang Ching-hui,,
878,Chang Hai-p'eng,,
879,Chang Hsi-luan,,
880,Chang Hsin,,
881,Chang Yu-ts'ai,,
882,Feng Te-lin,,
883,July Chang,,
884,Komoto Daisaku,,
885,Lan T'ien-yu,,
886,Meng En-yuan,,
887,Nikolai Kuznetsov,,
888,Pamyat Lenina,,
889,Pao Kuei-ch'ing,,
890,T'ang Yulin,,
891,Tuan Chih-kuei,,
892,Tuan Yu-heng,,
893,White,,
894,Wu Chun-sheng,,
895,Yoshizawa Kenkichi,,
896,Ch'eng Te-ch'uan,,
897,Cheng Chen-t'ang,,
898,Cheng Chi-ch'eng,,
899,Han Fu-chu,,
900,Ho Yao-tsu,,
901,Russo,,
902,Wrangel,,
903,Chang Tsung-hsiang,,
904,Hu Shih-lun,,
905,Lu Tsung-yu,,
906,Nishihara Kamezo,,
907,Okuma Shigenobu,,
908,T’ang Shao-yi,,
909,Terauchi Seiki,,
910,Ts'ao Ju-lin,,
911,Tsai Chen,,
912,Bertrand Russell,,
913,C. I. Lewis,,
914,Chao Tzu-ch'en,,
915,Ernst Mach,,
916,Ku Chung-hsiu,,
917,Li An-che,,
918,Lu Chih-wei,,
919,Mei Yi-pao,,
920,Rickert,,
921,T. C. Chao,,
922,Whitehead,,
923,Y. P. Mei,,
924,Chang Tzu-p'ing,,
925,Yu Ta-fu,,
926,Gabriele D'Annunzio,,
927,Kahlil Gibran,,
928,Leonid Andreyev,,
929,Oscar Wilde,,
930,Leo Tolstoy,,
931,Turgenev,,
932,V. G. Korolenko,,
933,Chang Yuan-chi,,
934,Chang Weich'iao,,
935,Chi Yun,,
936,Chuang Yu,,
937,Hsia Juifang,,
938,Hsu Chih-ching,,
939,Kao Feng-ch'ien,,
940,Ku T'ing-lung,,
941,Pao Hsien-ch'ang,,
942,T. Ch'i-ch'ien,,
943,T. Chu-chuang,,
944,T. Fu-chiu,,
945,Chang Piao,,
946,Chao Erh-chen,,
947,Chao Erh-feng,,
948,Chao Erh-ts'ui,,
949,H. Kua-p'u,,
950,T. Ch'ing-kung,,
951,T. Chi-ho,,
952,T. Chieh-shan,,
953,T. Hsi-hou,,
954,T. T'ieh-shan,,
955,Chang Ching-yao,,
956,Chang T'ai-yen,,
957,Chao Tzu-ying,,
958,Shih Ying,,
959,Wang Shou-hua,,
960,Chao Shu-li,,
961,Liu T'ing-fang,,
962,Timothy T. Lew,,
963,A. A. Milne,,
964,Bernhard Karlgren,,
965,Buwei Yang,,
966,Ch'en Hengche,,
967,Chao Yi,,
968,Chu Chun-kuo,,
969,Lewis Carroll,,
970,Li Fang-kuei,,
971,Lo Ch'ang-p'ei,,
972,M. T. Hu,,
973,Otto Jespersen,,
974,Sophia H. Zen,,
975,T. Jen-shan,,
976,Yang Ch'uan,,
977,Yang Lien-sheng,,
978,Yang Pu-wei,,
979,Yang Wen-hui,,
980,Charles Jones Soong,,
981,Albert Gallatin,,
982,Braxton Craven,,
983,Ensign A. Tourtellot,,
984,Eric Gabrielson,,
985,Han Chiao-shun,,
986,Han Hung-i,,
987,Holland N. McTyeire,,
988,Hsu Kuang-ch'i,,
989,Julian S. Carr,,
990,Ni Kwei-tseng,,
991,Soong Ai-ling,,
992,Thomas Page Ricaud,,
993,Young J. Allen,,
994,Cheng Hsi-ti,,
995,Hsu Kuang-p'ing,,
996,Huang P'ei-lieh,,
997,Kao Meng-tan,,
998,Ma Yin-ch'u,,
999,Rabindranath Tagore,,
1000,Robert Louis Stevenson,,
1001,Cheng Ho-fu,,
1002,Bishop Huntington,,
1003,Bishop William C. White,,
1004,F. L. Hawks Pott,,
1005,Francis E. Lund,,
1006,James Addison Ingle,,
1007,Philip Lindel Tsen,,
1008,Shen Tzu-kao,,
1009,Cheng Ch'ui,,
1010,Cheng Shou-lien,,
1011,Doihara Kenji,,
1012,Honjo Shigeru,,
1013,Lo Chen-yu,,
1014,Muto Nobuyoshi,,
1015,Reginald F. Johnston,,
1016,Shen Pao-hsu,,
1017,T. Chung-lien,,
1018,T. Jang-yu,,
1019,Willard Straight,,
1020,Wolsey,,
1021,A. E. Williams,,
1022,Alfred Sze,,
1023,Arthur Machen,,
1024,Boswell,,
1025,Bromley Eames,,
1026,Cheng Ching-nan,,
1027,F. T. Cheng,,
1028,John Macdonnell,,
1029,Lo Wen-kan,,
1030,Mary,,
1031,Rampura,,
1032,Samuel Johnson,,
1033,Shih Chao-chi,,
1034,Theobald Mathews,,
1035,Cheng Yu-hsiu,,
1036,H. Y. Loo,,
1037,Li Hao-ling,,
1038,Lu Hsing-yuan,,
1039,Madison,,
1040,Boyd Orr,,
1041,Chi Kung-ch'uan,,
1042,Frank Coe,,
1043,Futien Wang,,
1044,G. Allen,,
1045,Hansu Chan,,
1046,Harriet Levine Chi,,
1047,Huang Lowe,,
1048,J. W. Philips,,
1049,Joan Robinson,,
1050,John Keswick,,
1051,Joseph Needham,,
1052,Karl Wittfogel,,
1053,M. James,,
1054,Owen Lattimore,,
1055,Philip J. Jaffe,,
1056,R. Doonping,,
1057,Sergei M. Tretiakov,,
1058,Solomon Adler,,
1059,Unwin,,
1060,Willi Munzenberg,,
1061,Chiang Ch'ang-ch'uan,,
1062,Clara E. Steger,,
1063,Wang Chih-p'ing,,
1064,Z. T. Kaung,,
1065,Chang Yi-ting,,
1066,David L. K. K'ung,,
1067,Dwight D. Eisenhower,,
1068,Faina,,
1069,John F. Kennedy,,
1070,Ku Ch'ing-lien,,
1071,Malinovsky,,
1072,Robert S. McNamara,,
1073,Rodion Ya,,
1074,Wang Ou-sheng,,
1075,Yen Yuan,,
1076,Chiang Hsueh-ken,,
1077,Chiang Hsueh-p'u,,
1078,Chiang Kuang-hsu,,
1079,Hsu Hsin-liu,,
1080,Lan T'ienwei,,
1081,Liu Wen-tao,,
1082,Mu Hsiang-yueh,,
1083,Paul von Hindenburg,,
1084,Samuel Smiles,,
1085,Tomonaga Sanjuro,,
1086,Chiang Hai-ch'eng,,
1087,Ai Ch'ing,,
1088,Hu Feng,,
1089,T'ien Chien,,
1090,Chiang K'ang-hu,,
1091,Chang An-p'u,,
1092,Chiang Chu-yun,,
1093,Chiang Te-hsuan,,
1094,Henry George,,
1095,Hsu An-ch'eng,,
1096,Katayama Sen,,
1097,Kiang Kang-hu,,
1098,Kotoku Shusui,,
1099,Lunacharsky,,
1100,Sakai Toshihiko,,
1101,Shen Ch'ung-hsun,,
1102,T. Hsiao-t'ao,,
1103,T. Yun-t'ao,,
1104,Tseng Yun,,
1105,Witter Bynner,,
1106,A. F. Lutley,,
1107,Alexander von Falkenhausen,,
1108,Archibald P. Wavell,,
1109,Bluecher,,
1110,C. K. Yen,,
1111,Chiang Ch'ao-ts'ung,,
1112,Chiang Hsi-hou,,
1113,Chiang Ssu-ch'ien,,
1114,Churchill,,
1115,Claire L. Chennault,,
1116,Clarence E. Gauss,,
1117,Donald M. Nelson,,
1118,Dulles,,
1119,Frank W. Price,,
1120,Franklin D. Roosevelt,,
1121,G. V. Chicherin,,
1122,G. Zinoviev,,
1123,Galen,,
1124,Georg von Wetzell,,
1125,George H. Brett,,
1126,Hans von Seeckt,,
1127,Henry A. Wallace,,
1128,Hermann Kriebel,,
1129,Hitler,,
1130,Hu Lin-i,,
1131,John Foster,,
1132,Max Bauer,,
1133,Okamura,,
1134,Shen Ting-i,,
1135,Shigemitsu Mamoru,,
1136,T. Su-an,,
1137,T. Yu-piao,,
1138,Tseng Chung-ming,,
1139,Walter Stennes,,
1140,Wang Teng-yun,,
1141,Wendell Willkie,,
1142,James Y. C. Yen,,
1143,John C. Ferguson,,
1144,John Earl Baker,,
1145,Ma Hsu-lun,,
1146,Raymond T. Moyer,,
1147,Shen Tsung-han,,
1148,Wen-hui Wu,,
1149,Y. C. Mei,,
1150,Chiang Hsu-hsueh,,
1151,Chou Shu-kai,,
1152,Fu Ssu-nien,,
1153,John K. Fairbank,,
1154,Kuo T'ai-ch'i,,
1155,Lei Hai-tsung,,
1156,Liu Chieh,,
1157,Mrs Lingle,,
1158,Stomaniakoff,,
1159,Trygve Lie,,
1160,William R. Lingle,,
1161,Yakov A. Malik,,
1162,Yang Chieh,,
1163,Ch'en Chao-ying,,
1164,Hsu Hsi-lin,,
1165,Li Hou-chi,,
1166,Li Yen-nien,,
1167,P'ang Pin-ghsun,,
1168,Shih Yu-shan,,
1169,Chiang Tso-pin,,
1170,Ch'en T'iao-yuan,,
1171,Chang Shu-chia,,
1172,Charles S. H. Tsiang,,
1173,Chiang Shuo-chieh,,
1174,Chiang Shuo-chih,,
1175,Chiang Shuo-hao,,
1176,Chiang Shuo-min,,
1177,Chiang Shuo-p'ing,,
1178,Chiang Shuo-ying,,
1179,Chiang Yu-yen,,
1180,Fang Peng-jen,,
1181,Gabriel S. T. Tsiang,,
1182,Hirota Koki,,
1183,Ho Ch'eng-chun,,
1184,Hsia Tou-yin,,
1185,Inukai Ki,,
1186,K'ung Keng,,
1187,Ma Yi-pao,,
1188,Maxim Litvinov,,
1189,S. C. Tsiang,,
1190,Shidehara Kijuro,,
1191,Yueh Wei-chun,,
1192,Chiang Wei-kuo,,
1193,Elle Chiu,,
1194,Shih Ching-i,,
1195,Wendell Wilkie,,
1196,Chien Chao-nan,,
1197,Chien Ming-shih,,
1198,Chien Ying-fu,,
1199,Chien Yu-chieh,,
1200,Kan Ming-shih,,
1201,Kan Ying-fu,,
1202,Kan Yu-chieh,,
1203,Lao Nien-tsu,,
1204,Chien Yu-wen,,
1205,G. L. Wolseley,,
1206,M. T. Yates,,
1207,Theodore Hamberg,,
1208,Chin Shu-hsin,,
1209,Ts'ui Chao-chi,,
1210,Chin Yun-p'eng,,
1211,Ch'ien Neng-hsun,,
1212,Chang Huai-chih,,
1213,Chou Tzu-ch'i,,
1214,Li Ching-hsi,,
1215,Chou Ch'ang-ling,,
1216,Duke of Kent,,
1217,George V,,
1218,Kitchener,,
1219,Paoan,,
1220,Prince Ch'ing,,
1221,Prince George,,
1222,Shouson Chow,,
1223,Chou Pai-fu,,
1224,Chou Tzu-shan,,
1225,Huang Chieh,,
1226,Wu Ch'i-wei,,
1227,A. Y. Vyshinsky,,
1228,Andre Malraux,,
1229,Anthony Eden,,
1230,Chou Yun-liang,,
1231,Edgar Snow,,
1232,Ferhat Abbas,,
1233,Georges Bidault,,
1234,Hsu T'e-li,,
1235,Ion G. Maurer,,
1236,Jacob Beam,,
1237,Joao Goulart,,
1238,John Foster Dulles,,
1239,John M. Cabot,,
1240,Julius Nyerere,,
1241,K. M. Panikkar,,
1242,Kawakami Hajime,,
1243,Ku Yen-wu,,
1244,Kwame Nkruhmah,,
1245,Li Huang,,
1246,Li Wei-han,,
1247,Liu Ch'ung-yu,,
1248,Ma Chun,,
1249,Montgomery,,
1250,Nicolae Ceausescu,,
1251,Nikita Khrushchev,,
1252,Pham Van Dong,,
1253,Pierre Mendes-France,,
1254,Queen Elizabeth,,
1255,Sekou Toure,,
1256,Sihanouk,,
1257,Sukarno,,
1258,Tseng Ch'i,,
1259,U Nu,,
1260,U. Alexis Johnson,,
1261,V. M. Molotov,,
1262,Wang Kuo-ch'uan,,
1263,Wang Ping-nan,,
1264,Ch'en Pin-ho,,
1265,Hiranuma Kuchiro,,
1266,Kao Tsung-wu,,
1267,Lin Po-sheng,,
1268,Mei Ssu-p'ing,,
1269,T'ao Hsi-sheng,,
1270,Teng Pao-kuang,,
1271,Yang Cho-mao,,
1272,Yang Shu-hui,,
1273,Chou Hsueh-hsi,,
1274,Ch'en Hung-mou,,
1275,Chang Yen-mou,,
1276,Chao Ping-chun,,
1277,Chou Fu,,
1278,Chu Hsi,,
1279,Herbert Hoover,,
1280,Yang Shih-ch'i,,
1281,Yeh Kung-cho,,
1282,Chou I-ch'un,,
1283,Sun To-hsi,,
1284,Y. T. Tsur,,
1285,Chou Pao-chung,,
1286,Hsiao Ching-kuang,,
1287,Li Tu,,
1288,Lo Teng-hsien,,
1289,Lu Cheng-ts'ao,,
1290,Ma Chan-shan,,
1291,Wang Te-lin,,
1292,Andreyev,,
1293,C. T. Hsia,,
1294,Chou Chien-jen,,
1295,Chou Feng-i,,
1296,Chou Fu-ch'ing,,
1297,Fadeyev,,
1298,Feng Hsueh-feng,,
1299,Henryk Sienkiewicz,,
1300,Hsi K'ang,,
1301,Jou Shih,,
1302,Katakami Shin,,
1303,Kathe Kollwitz,,
1304,Lin Yu-t'ang,,
1305,Sung ch'uan-ch'i-chi,,
1306,T. A. Hsia,,
1307,Thomas Henry Huxley,,
1308,Uchiyama Kanzo,,
1309,Wu Cheng-yen,,
1310,Yakovlev,,
1311,Akutagawa Ryunosuke,,
1312,D. E. Pollard,,
1313,Derk Bodde,,
1314,Doppo Kunikada,,
1315,Egyaz Isten,,
1316,Frazer,,
1317,Haggard,,
1318,Hata Nobuku,,
1319,Havelock Ellis,,
1320,Hsu Tsu-cheng,,
1321,Kojiki,,
1322,Kuo Shao-yu,,
1323,Makar,,
1324,Maurice Jokai,,
1325,Mori Ogai,,
1326,Mushakqji Saneatsu,,
1327,Natsume Soseki,,
1328,Sarga Rozsa,,
1329,Sun Fu-yuan,,
1330,Sun Lien-chung,,
1331,Chou Tso-min,,
1332,Lu Tso-fu,,
1333,Yen Yang-ch'u,,
1334,Chang Hu,,
1335,Chu Chi-ts'en,,
1336,Frank J. Goodnow,,
1337,Prince Tsai-chen,,
1338,Prince Tsai-hsun,,
1339,Ch'en Ming,,
1340,Chou Ch'i-ying,,
1341,Ho Ch'i-fang,,
1342,Hsu Mou-yung,,
1343,Li Yu-jan,,
1344,Lin Mo-han,,
1345,Lo Feng,,
1346,N. G. Chernyshevsky,,
1347,Li Fei-kan,,
1348,Pai Lang,,
1349,Shao Ch'uan-lin,,
1350,Ting Ling,,
1351,Wang Shih-wei,,
1352,Wu Hsun,,
1353,Yu P'ing-po,,
1354,Yuan Shui-po,,
1355,Chu Ch'i-hua,,
1356,Chou Fo-hsi,,
1357,Chu Hsin-fan,,
1358,Kao Yu-han,,
1359,Liu Ning,,
1360,Ch'en Ch'ien,,
1361,Chang Nai-wei,,
1362,Chung Ming-chih,,
1363,Ma Tsu-sheng,,
1364,Sun Wu,,
1365,Sun Yueh,,
1366,T. Chao-i,,
1367,T. Tzu-ch'in,,
1368,T'an Jen-feng,,
1369,Chu Ti-ch'a,,
1370,Li Wen-fan,,
1371,Lun Man-chou,,
1372,Niu Ying-t'ien,,
1373,Wang Chung-chi,,
1374,Wang Ku-an,,
1375,Chu Ching-nung,,
1376,Chu Ch'i-shu,,
1377,Chu Ch'i-yi,,
1378,Chu K'uei,,
1379,Chu Wen-chiang,,
1380,Huang Kung-tu,,
1381,Kung Lien-pai,,
1382,Ou-yang Chi-wu,,
1383,T. Jen-fu,,
1384,T'an Chen,,
1385,T'ien Hsi,,
1386,Wang Yun-wu,,
1387,Yang Ching-shan,,
1388,Hsin Liang-shu,,
1389,Yang Yao,,
1390,Chu Hsiang,,
1391,Chu Yen-hsi,,
1392,Hsu Chih-mo,,
1393,Liu Meng-wei,,
1394,Liu Ni-chun,,
1395,Scott,,
1396,Stevenson,,
1397,Chu Hsueh-fan,,
1398,Chu Hsueh-mo,,
1399,Li Te-ch'uan,,
1400,Lu Ching-shih,,
1401,Tu Kang,,
1402,Tu Shao-wen,,
1403,Wu K'ai-hsien,,
1404,Yi Li-jung,,
1405,Chu K'o-chen,,
1406,Catherine Ch'en,,
1407,Jean Chan,,
1408,Jean Chang,,
1409,Chao Hui-chun,,
1410,Ku Cheng-lun,,
1411,Li Fu-lin,,
1412,Yang Yi-ch'ien,,
1413,Chu Shao-liang,,
1414,Wang Wen-hua,,
1415,Yu Hsueh-chung,,
1416,Boleslaw Bierut,,
1417,Ch'en Yu-chen,,
1418,Fan Shih-sheng,,
1419,Hsiao K'o,,
1420,Ku Pin-chen,,
1421,Li Lieh-chi,,
1422,Wilhelm Pieck,,
1423,Wu Lan-ying,,
1424,Chu Tzu-ch'ing,,
1425,Chu Tzu-hua,,
1426,Liu Yen-ling,,
1427,Wang T'ung-ch'ao,,
1428,Wen I-to,,
1429,Yang Chen-sheng,,
1430,Dalai Lama,,
1431,Charles A. Bell,,
1432,Charles Bell,,
1433,Curzon,,
1434,Dorjiev,,
1435,Francis Young,,
1436,Hsieh Kuo-liang,,
1437,John Jordan,,
1438,Kunga Rincheu,,
1439,Liu Man-ch'ing,,
1440,Liu Wen-hui,,
1441,Lord Minto,,
1442,Nicholas II,,
1443,Panchen Lama,,
1444,Ra-dreng Hutukhtu,,
1445,W. W. Rockhill,,
1446,Wen Tsung-yao,,
1447,Chao P'i-lien,,
1448,Darijaya,,
1449,Doihara,,
1450,Li Shou-hsin,,
1451,Prince Sha,,
1452,Prince So,,
1453,Prince Yun,,
1454,Shih Ch'ing-yang,,
1455,Tung Ch'i-wu,,
1456,Ch'en Kan-ch'uan,,
1457,Eugene Bernard Achan,,
1458,Frank B. Kellogg,,
1459,Miles Lampson,,
1460,Owen St. Clair O'Malley,,
1461,Ramsay Mac- Donald,,
1462,Fan Ch'ang-chiang,,
1463,Ch'ien Chun-jui,,
1464,Fan Wen-Ian,,
1465,Hsiao I-shan,,
1466,Liu Hsieh,,
1467,Makino Xara,,
1468,Wen-hsin,,
1469,Fan Yuan-lien,,
1470,Fan Yuan-hen,,
1471,Kano Jigoro,,
1472,Chao Hsing-nung,,
1473,Hsun Huai-chou,,
1474,Miao Min,,
1475,Shao Shih-p'ing,,
1476,A. R. Radcliffe-Brown,,
1477,Bronislaw Malinowski,,
1478,Ch'ien Weich'ang,,
1479,Chang Chih-i,,
1480,Fei Ch'ing,,
1481,Fei Chen-tung,,
1482,Hsieh Wan-ying,,
1483,J. L. Buck,,
1484,Margaret Park Redfield,,
1485,R. H. Tawney,,
1486,Raymond W. Firth,,
1487,Robert E. Park,,
1488,Robert Redfield,,
1489,S. M. Shirokogoroff,,
1490,Tseng Chao-lun,,
1491,Wang Tung-wei,,
1492,Wu Wen-tsao,,
1493,Feng Ch'eng-chun,,
1494,A. J. H. Charignon,,
1495,Alengku,,
1496,Barin,,
1497,Ch'in-tai,,
1498,Chao Ju-kua,,
1499,Cheng Ho,,
1500,D'Ohsson,,
1501,Edouard Chavannes,,
1502,Fei Hsin,,
1503,Gabriel Ferrand,,
1504,Georges Maspero,,
1505,Gilbert de Voisins,,
1506,Grands Leao,,
1507,Gustave LeBon,,
1508,Gustave Schlegel,,
1509,Hsi T'u-chueh,,
1510,Hsieh Ch'ing-kao,,
1511,Joseph Mullie,,
1512,Leonard Aurousseau,,
1513,Lohans,,
1514,Louis Pfister,,
1515,Lucien Bouvat,,
1516,Ma Huan,,
1517,Paul Pelliot,,
1518,Przyluski,,
1519,Rene Grousset,,
1520,Sylvain Levi,,
1521,Timour,,
1522,Victor Segalen,,
1523,Feng Chih,,
1524,Changman,,
1525,Christoph Rilke,,
1526,Dichter,,
1527,Gerhart Hauptmann,,
1528,Han Po,,
1529,Lu Yu,,
1530,Pien Chih-lin,,
1531,Rainer Maria Rilke,,
1532,Wu Tzu-hsu,,
1533,Yang Ping-cheng,,
1534,Aoki Nobuzumi,,
1535,Ch'en Kuang-yuan,,
1536,Fukushima Yasumasa,,
1537,Nieh Shih-ch'eng,,
1538,T. Kung-t'ing,,
1539,T. Lang-hsi,,
1540,Feng Tzu-k'ai,,
1541,Hsu Li-ming,,
1542,Li Shu-t'ung,,
1543,Liu Chih-p'ing,,
1544,Liu Hai-su,,
1545,Feng Ching-ju,,
1546,Feng Mou-lung,,
1547,Kingsell,,
1548,Ma Chun-wu,,
1549,Ch'en Huan,,
1550,Ch'en Shu-fan,,
1551,Feng Yu-mou,,
1552,Hu Ching-i,,
1553,Lu Chien-chang,,
1554,Ma Hung-k'uei,,
1555,Sun Liang-ch'eng,,
1556,T. Hsiao-po,,
1557,T. Huan-chang,,
1558,T. Li-seng,,
1559,T. Yu-hsing,,
1560,Wang Ch'eng-pin,,
1561,Yen Hsiang-wen,,
1562,Yi P'ei-chi,,
1563,Feng Yu-lan,,
1564,E. R. Hughes,,
1565,Frederick J. E. Woodbridge,,
1566,Fulbright,,
1567,Henri Fetch,,
1568,Hsin Li-hsueh,,
1569,Hsin Shih-hsun,,
1570,William Stanley Jevons,,
1571,Hsu Yen-chih,,
1572,Lo Chia-lun,,
1573,Mao Tzu-shui,,
1574,Miao Feng-lin,,
1575,Yu Ta-ts'ai,,
1576,Fu Tseng-hsiang,,
1577,Hashikawa Tokio,,
1578,Hu Yu-jen,,
1579,Liu Pin-k’o,,
1580,Lu Ching,,
1581,Miao Ch'uan-sun,,
1582,Shu Han,,
1583,Ssu-ma Kuang,,
1584,T. Hsi-t'ao,,
1585,T. Jui-ch'en,,
1586,T. K'uei-i,,
1587,T. Mien-chih,,
1588,T. Shih-ch'tian,,
1589,Tung K'ang,,
1590,Wang Chih-ming,,
1591,Wang Ying-lin,,
1592,Yang Shou-ching,,
1593,Yao Hsi-kuang,,
1594,Ying Lien-chih,,
1595,Yuan Kuan-Ian,,
1596,Hsu Yung-ch'ang,,
1597,Kupeikow,,
1598,Shang Chen,,
1599,Sun Lan-feng,,
1600,Wan Fu-lin,,
1601,Archibald Clark-Kerr,,
1602,Charles Tenney,,
1603,Cordell Hull,,
1604,H. E. Edwards,,
1605,Henry L. Stimson,,
1606,K'ung Fan-tz'u,,
1607,K'ung Ping-chih,,
1608,Li Chin-fan,,
1609,Louis K'ung,,
1610,Luella S. Miner,,
1611,Mussolini,,
1612,Rosamonde,,
1613,T. Jui-t'ang,,
1614,H. S. Tsien,,
1615,Alfrey,,
1616,Clark Millikan,,
1617,Homer Joe Stewart,,
1618,John von Neumann,,
1619,Kochel,,
1620,L. G. Dunn,,
1621,Ludwig Prandtl,,
1622,N. I. Muskhelishvili,,
1623,Norbert Wiener,,
1624,Robert H. Goddar,,
1625,Theodore von Karman,,
1626,Von Karman,,
1627,William Duncan Rannie,,
1628,William H. Pickering,,
1629,Kawagoe,,
1630,Kita Seuchi,,
1631,Liu Chen-nien,,
1632,Han Lun-ch'un,,
1633,Li Shu-ch'eng,,
1634,Hsiao Ch'ien,,
1635,Keats,,
1636,Li Kuang-t'ien,,
1637,Li Ni,,
1638,Liu Pai-yu,,
1639,Lu Fen,,
1640,Ping Hsin,,
1641,Shen Ts'ung-wen,,
1642,Wan Chia-pao,,
1643,Wu Tsu-hsiang,,
1644,Hsu K'o-hsiang,,
1645,Li P'in-hsien,,
1646,Liu Hsing,,
1647,Ma Jih,,
1648,Wu Kuang-hsin,,
1649,Yeh Ch'i,,
1650,Ho Chung-han,,
1651,Ho Ching-han,,
1652,Li Chih-lung,,
1653,Miao Pin,,
1654,Cynthia Liao,,
1655,Liao Meng-hsing,,
1656,Teng Ying-ch'ao,,
1657,Chao Jung-chen,,
1658,Ho Hsiang-ku,,
1659,Hsia Hsi,,
1660,Kuan Hsiang-ying,,
1661,Ho Meng-hsiung,,
1662,Lo Chang-lung,,
1663,Ho Shu-heng,,
1664,Chiang Meng-chou,,
1665,Hsieh Chueh-tsai,,
1666,Teng Tzu-hui,,
1667,Wang Ling-po,,
1668,Ho Feng-shan,,
1669,Ho Kuei-yen,,
1670,P'eng Hsueh-p'ei,,
1671,Shao Yu-lin,,
1672,Wang P'eng-sheng,,
1673,Yeh K'ai-hsin,,
1674,Chou Yin-jen,,
1675,Ho Ch'i-min,,
1676,Liu Hsien-shih,,
1677,Mazzini,,
1678,Umezu Yoshijiro,,
1679,Ho-tung,,
1680,Cecil Harcourt,,
1681,Daisy Au-yeung,,
1682,Eva Ho,,
1683,Florence Yeo,,
1684,Grace Lo,,
1685,Ho Kom-tong,,
1686,Ho Sai-lai,,
1687,Ho Sai-san,,
1688,Ho Sai-wing,,
1689,Irene Cheng,,
1690,Jean Gittens,,
1691,Keswick,,
1692,Lady Lo,,
1693,Lady Robert Ho-tung,,
1694,Man-kam Lo,,
1695,Mary Wong,,
1696,Vincent Auriol,,
1697,Hou Te-pang,,
1698,Fan Hsu-tung,,
1699,Ts'ai Ch'ang,,
1700,Shih Yang,,
1701,Li Ang,,
1702,Hsiao Fo-ch'eng,,
1703,Ch'en Ching-hua,,
1704,Kao Chuan-pai,,
1705,Hsiao Hua,,
1706,Yang Yung,,
1707,Hsiao T'ung-tzu,,
1708,Ch'en Po-sheng,,
1709,Feng Yu-chen,,
1710,Hollington Tong,,
1711,Huang Ai,,
1712,P'ang Jen-ch'uan,,
1713,Tung Hsien-kuang,,
1714,Cheng Tu-hsiu,,
1715,Chou Shan-p'ei,,
1716,Chou Yu-chueh,,
1717,Chu Huisheng,,
1718,Huang Fu-sheng,,
1719,Hsti K'o-hsiang,,
1720,Hsieh Hung-lai,,
1721,Eugene E. Barnett,,
1722,H. L. Zia,,
1723,Samuel Dodd,,
1724,Sherwood Eddy,,
1725,Hsieh Ping-ying,,
1726,Anor Lin,,
1727,Ch'eng Fang-wu,,
1728,Ping Ying,,
1729,Wang Kuo-ts'ai,,
1730,Bridgman,,
1731,Candace Stimson,,
1732,Grace M. Boynton,,
1733,Hsieh Pao-chang,,
1734,Jackson,,
1735,Li Hsi-t'ung,,
1736,Liu Fang-yuan,,
1737,Lun Ping Hsin,,
1738,Ting Hsi-lin,,
1739,Hsien Hsing-hai,,
1740,Fu Shih,,
1741,Huang Fei-li,,
1742,Ma Ssu-ts'ung,,
1743,Paul Dukas,,
1744,Sitson Ma,,
1745,Hsiung Fo-hsi,,
1746,Ouyang Yti-ch'ien,,
1747,Chu Ch'i-ch'ien,,
1748,Helen Hsiung,,
1749,Lin Chu,,
1750,Mao Yen-wen,,
1751,Nora Hsiung,,
1752,Rose Hsiung,,
1753,Li Lieh-chin,,
1754,Liu Ts'un-hou,,
1755,Lai Shih-huang,,
1756,Teng Ju-cho,,
1757,Wang Chun,,
1758,Hsiung Shih-li,,
1759,Ch'ien Hsueh-hsi,,
1760,Chu Hao-jan,,
1761,Han Yu-wen,,
1762,Ho Tzu-hsin,,
1763,Hsiung Ch'i-hsiang,,
1764,Hsiung Chung-fu,,
1765,Lu Hsiang-shan,,
1766,Lu Tzu-ying,,
1767,Lu-Wang,,
1768,Ou-yang Ching-wu,,
1769,T'ao Chun,,
1770,Wang Han,,
1771,Hsu Sun,,
1772,Ma Liang,,
1773,Madivostok,,
1774,Sun Sheng-wu,,
1775,T. Feng-jen,,
1776,Hsu Ying-k'uei,,
1777,Huang Ta-wei,,
1778,Liu Hsi-min,,
1779,Sun Tao-jen,,
1780,Alexander Hamilton,,
1781,Chang Yu-i,,
1782,Hsu Ju-sun,,
1783,Hsu Pi-te,,
1784,Hsu Shen-ju,,
1785,James Stephens,,
1786,Jao Meng-k'an,,
1787,Katherine Mansfield,,
1788,Liang Shih-ch'iu,,
1789,Lu Hsiao-man,,
1790,Pien K'un-kang,,
1791,Shao Hsun-mei,,
1792,Swinburne,,
1793,Thomas Hardy,,
1794,Undine,,
1795,Wang Wenpo,,
1796,Hsu Hai-tung,,
1797,Liu Chih-tan,,
1798,K'uang Chi-hsun,,
1799,Yeh Ching-kuei,,
1800,Chin Wen-ssu,,
1801,Bouveret,,
1802,Chang An-chih,,
1803,Hsu Ta-chang,,
1804,Pascal Adolphe-Jean Dagnan,,
1805,Paul Albert Besnard,,
1806,T'ien Heng,,
1807,Chou Shu-mou,,
1808,Chu Chia-pao,,
1809,H. Shao-huai,,
1810,Huang Tsung-hsi,,
1811,Li i-shu,,
1812,Li Kung,,
1813,T. Chingt'ien,,
1814,T. Kan-ch'en,,
1815,T. Kuang-ju,,
1816,T. Kuei-hsin,,
1817,T. Shao-p'u,,
1818,Wan-ch'ing-i,,
1819,Wang I-t'ang,,
1820,Wu Yueh,,
1821,Yen Li yu-yao,,
1822,Arita Hachiro,,
1823,Chia Te-yao,,
1824,Sun Li-jen,,
1825,Sung Heng-i,,
1826,Ving Kuei-hsing,,
1827,Wang Ta-hsieh,,
1828,Hsu Chung-ching,,
1829,Hsu Ying,,
1830,Li Shao-pai,,
1831,Lu Ch'eng-wu,,
1832,Sa Chen-ping,,
1833,Shen Ting-Ian,,
1834,Wang Shih-t'ung,,
1835,Wang Yung-ch'uan,,
1836,Hsu Nan-ying,,
1837,Hsu Ch'ing,,
1838,Hsu T'ung-ch'i,,
1839,Li Chang-lin,,
1840,Ma Yu-k'un,,
1841,Hsueh Min-lao,,
1842,Albino SyCip,,
1843,Dean Bates,,
1844,Dean Henry M. Bates,,
1845,Dee C. Chuan,,
1846,Edwin Denby,,
1847,Harry M. Daugherty,,
1848,Leonard Wood,,
1849,Li Ch'ing-ch'uan,,
1850,Ramon Magsaysay,,
1851,Wu Ch'i-hui,,
1852,Hsu Mo-yung,,
1853,Ch'en Shu-tzu,,
1854,Hu Ch'ing-jui,,
1855,Hu Hsieh-san,,
1856,Hu Mu-lan,,
1857,Hu Wen-chao,,
1858,Inonu,,
1859,Ismet,,
1860,Mustafa Kemal,,
1861,T. Pohsienj,,
1862,Ts'ai Chun,,
1863,Frederick Moore,,
1864,William Giles,,
1865,Acheson,,
1866,Chiang Tung-hsiu,,
1867,Chiang Wei-tz'u,,
1868,Feng Shun-ti,,
1869,Hu Ch'uan,,
1870,John Leighton Stuart,,
1871,Kao I-han,,
1872,Lei Chen,,
1873,T. H. Huxley,,
1874,T. T'ieh-hua,,
1875,Tung Hsi,,
1876,Woodrow Wilson,,
1877,Chung Hua,,
1878,Eugene Penn,,
1879,Hu Li-chen,,
1880,Yeh Hsia-ti,,
1881,Hu Wen-hu,,
1882,Aun Tong,,
1883,Aw Boon Haw,,
1884,Aw Boon Par,,
1885,Aw Chi Ching,,
1886,Aw Eoon Haw,,
1887,Hu Tzu-ch'in,,
1888,Tojo,,
1889,Hu Yeh-p'in,,
1890,Agnes Smedley,,
1891,Feng K'eng,,
1892,Hu Ch'ung-hsien,,
1893,Li Wei-sen,,
1894,Tao Mo-ssu-k'o,,
1895,Yiu Fu,,
1896,Ch'en Feng,,
1897,Chang Ho-ling,,
1898,Fukuzawa Yukichi,,
1899,Hu Chi-men,,
1900,Hu T'ung-sheng,,
1901,Hu Yuan-i,,
1902,Hu Yuan-yu,,
1903,Hu Yun-fan,,
1904,Su Man-shu,,
1905,Wang Hsien-ch'ien,,
1906,Hu Yun,,
1907,Pu Yih,,
1908,Y. S. Oei,,
1909,G. H. Hardy,,
1910,Hiong King-lai,,
1911,Jean Dieudonne,,
1912,Vinogradov,,
1913,Chien Ch'ao-liang,,
1914,Chu Tz'u-ch'i,,
1915,Huang Wen-chih,,
1916,Shen Yi-yun,,
1917,Hsu Tsung-han,,
1918,Huang Ming-t'an,,
1919,Liu Kuei-i,,
1920,Ma Fu-i,,
1921,T. Hsueh-lou,,
1922,Ch'en Han-chang,,
1923,Huang Shu-lin,,
1924,Huang Yun-ku,,
1925,Li Hsiang,,
1926,Wang Tung,,
1927,Huang K'o-ch'eng,,
1928,Ch'en Tso-lin,,
1929,Lin Wei-ch'eng,,
1930,Yang Hsien-i,,
1931,Yang Kuan-yu,,
1932,Huang Lu-yin,,
1933,Kuo Meng-liang,,
1934,Li Wei-chien,,
1935,Su Hsueh-lin,,
1936,Huang Mu-sung,,
1937,Liu Wen-lung,,
1938,Hsia Wei,,
1939,Huang Hsu-ch'u,,
1940,Huang Shao-tien,,
1941,Liu Jih-fu,,
1942,Ma Hsiao-chun,,
1943,Shen Hung-ying,,
1944,Adolfo Lopez Mateos,,
1945,Arduro Frondize,,
1946,Ho Chih-kung,,
1947,John XXIII,,
1948,Quirino,,
1949,Chia T'o-fu,,
1950,Li Shun,,
1951,Shih Liang-ts'ai,,
1952,Tejima Seuchi,,
1953,William Burke,,
1954,J. M. Barrie,,
1955,Ou-yang Yu-ch'ien,,
1956,Hsiang Ming,,
1957,Lu Ts'ui,,
1958,Shih Ts'un-t'ung,,
1959,Wu Yu-chang,,
1960,Bogdanov,,
1961,Hu Shih p'i-p'an,,
1962,Huxley,,
1963,Liang Han-ts'ao,,
1964,Sophia H. Chen,,
1965,K'ang Ch'eng,,
1966,Gertrude Howe,,
1967,Shih Mei-yu,,
1968,Hsu T'ung,,
1969,K'ang Kuang-jen,,
1970,K'ang Kuo-ch'i,,
1971,Liao P'ing,,
1972,Pao Shihch'en,,
1973,Tso Tsung-t'ang,,
1974,Tz'u Hsi,,
1975,Wang Mang,,
1976,K'o Ch'ing-shih,,
1977,K'o Shao-min,,
1978,Hsin Yuan-shih,,
1979,K'o Heng,,
1980,Li Ch'ang-hsia,,
1981,Li Ch'ang-po,,
1982,Li Tz'u-ming,,
1983,Wu Wei-yeh,,
1984,Yanai Wataru,,
1985,K'uang Fu-cho,,
1986,Chin Toy,,
1987,Chou Yueh-jan,,
1988,Cyrus G. Baldwin,,
1989,Edwin Hahn,,
1990,Fong See,,
1991,Liang Ch'eng,,
1992,K'ung Te-ch'eng,,
1993,K'ung Ling-i,,
1994,Ngo Dinh Diem,,
1995,Wang Tzu-ying,,
1996,Kan Nai-kuang,,
1997,Ching Yueh-hsiu,,
1998,Hsieh Tzu-ch'ang,,
1999,Kao Kuei-tzu,,
2000,Tu Heng,,
2001,Kao Ch'i-feng,,
2002,Kao Chen-wei,,
2003,Kao Pao-hsiang,,
2004,Kao Weng,,
2005,T. Chien-tseng,,
2006,T. I-chuang,,
2007,Wu Te-i,,
2008,Yamamoto Baigai,,
2009,Chang K'un-i,,
2010,Chao Shao-ang,,
2011,Ko Kung-chen,,
2012,Aristide Briand,,
2013,Austen Chamberlain,,
2014,F. N. Clark,,
2015,Ti Ch'u-ch'ing,,
2016,Ku Cheng-kang,,
2017,Ku Cheng-ting,,
2018,Ku Yung-ch'ien,,
2019,Birdhead,,
2020,Cheng Hsuan,,
2021,Ma Yu-tsao,,
2022,Mao Chun,,
2023,Ku Hung-ming,,
2024,Bonnie Laddies,,
2025,Braw,,
2026,Cardinal Newman,,
2027,Colquhoun,,
2028,Ku Hsia-feng,,
2029,Ku Li-huan,,
2030,Ku Ling-ch'ih,,
2031,Liang Tun-yen,,
2032,Mahab,,
2033,Millard,,
2034,Prince Tuan,,
2035,Reges,,
2036,Richard Wilhelm,,
2037,Yang Yu-shu,,
2038,Ku Chia-hsiang,,
2039,Clarence Kuangson Young,,
2040,Freeman,,
2041,George K. C. Yeh,,
2042,Kao Ling-wei,,
2043,Leo M. Karakhan,,
2044,Oei Hui-Ian,,
2045,Oei Tiong Ham,,
2046,Pope Pius XII,,
2047,Tu Hsi-kuei,,
2048,Yeh Kung-ch'ao,,
2049,Ku Chieh-nan,,
2050,Ho-Kuan,,
2051,Kuo Hua-jo,,
2052,Chao Nan-kung,,
2053,Cheng Po-ch'i,,
2054,Chiang Kuang-tz'u,,
2055,Ching Yinyu,,
2056,Ho Kung-kan,,
2057,Ichikawa,,
2058,John Galsworthy,,
2059,M. Synge,,
2060,Omar Khayyam,,
2061,Rubaiyat,,
2062,Sato Tomiko,,
2063,Sun Pingwen,,
2064,Upton Sinclair,,
2065,Walt Whitman,,
2066,Wang Ta-ch'ing,,
2067,Yu Li-ch'un,,
2068,Kuo Ping-wen,,
2069,Taichi,,
2070,Lao Nai-hsuan,,
2071,Jen Taojung,,
2072,Lao Ts'ang-ts'ao,,
2073,Li Hsing-jui,,
2074,Liu Chin-ts'ao,,
2075,Lu Hsueh-p'u,,
2076,Shen Hsi-yung,,
2077,Shu Ch'ing-ch'un,,
2078,Vincent Lebbe,,
2079,Wang Chao,,
2080,Yu Tsu-i,,
2081,Chu Chiu-tan,,
2082,Hung Yeh,,
2083,James Westfall Thompson,,
2084,Lin T'ung-chi,,
2085,William Hung,,
2086,Lei Ming-yuan,,
2087,Anthony Cotta,,
2088,Cardinal Gasparri,,
2089,Celso Constantini,,
2090,Frederick Lebbe,,
2091,Jean Baptiste Budes de Guebriant,,
2092,John Gabriel Perboyre,,
2093,Joseph Cardinal Mercier,,
2094,Melchior Sun,,
2095,Odoric Ch'eng,,
2096,Paul Renaud,,
2097,Philip Chao,,
2098,Pope Benedict XV,,
2099,Pope Clement XIV,,
2100,Pope Pius XI,,
2101,Wang Chih-yuan,,
2102,Wang Yao-hua,,
2103,William-Martin Cardinal van Rossum,,
2104,Li Chao-lin,,
2105,Chao Shang-chih,,
2106,Keng Chi-chou,,
2107,Li Ch'un-lun,,
2108,Bernard Karlgren,,
2109,Carl W. Bishop,,
2110,Hsia Nai,,
2111,J. G. Andersson,,
2112,K. Ting,,
2113,Kao Chu-hsun,,
2114,Kuo Pao-chun,,
2115,Lei Pao-hua,,
2116,Li Hsun-fu,,
2117,Liang Ssu-yung,,
2118,Shih Chang-yu,,
2119,Tung Tso-pin,,
2120,W. P. Yetts,,
2121,Wu Chin-ting,,
2122,Yin Huang-chang,,
2123,Yuan Fu-li,,
2124,Teng Pen-yin,,
2125,Edward Sapir,,
2126,Ho Chao-ying,,
2127,Leonard Bloomfield,,
2128,Li Kuang-yu,,
2129,Emma Goldman,,
2130,Leopold Kamf,,
2131,Peter Kropotkin,,
2132,Yamakawa Hitoshi,,
2133,Wang Chen,,
2134,Chang Chun-yu,,
2135,Chou T'ai-hsuan,,
2136,Miao K'o-hsin,,
2137,Ongi Chao-yuan,,
2138,Teng T'ieh-mei,,
2139,Li I-chih,,
2140,Li T'ung-hsien,,
2141,Ku Shun-chang,,
2142,Hsti Pao-chuang,,
2143,Li Ta-mou,,
2144,Li Yuan-huang,,
2145,Li Yueh-kai,,
2146,Ts'en Ch'un-hsuan,,
2147,Xiu Yung-chien,,
2148,Alice Tan,,
2149,Li Kuo-chuan,,
2150,Tan Ah Lay,,
2151,Conrad Brandt,,
2152,Chiang Ch'un,,
2153,Huang Chung-ying,,
2154,Ma Yu-pao,,
2155,Tai K'an,,
2156,Li Ming,,
2157,Culbertson,,
2158,Paul S. Hopkins,,
2159,Rockefeller,,
2160,Dolinet,,
2161,Hsia Chien-chung,,
2162,Li Kun-ying,,
2163,Yang Chia-lo,,
2164,Gabriel Lippman,,
2165,Jean Perrin,,
2166,Li Shu-t'ien,,
2167,Li Wan-k'uei,,
2168,Marie Curie,,
2169,Pierre Girard,,
2170,Cabin,,
2171,Chang Hsiao-lou,,
2172,Hsia K'ai-tsun,,
2173,Hsu Huan-yuan,,
2174,Hung-i,,
2175,Li Hsiao-lou,,
2176,Ma I-fu,,
2177,Mahdkarunddharani,,
2178,Ts'ai Hsiao-hsiang,,
2179,Ueno Bijutsu,,
2180,Wu Meng-fei,,
2181,Yang Ts'ui-hsi,,
2182,Yuan Hsi-lien,,
2183,Li Ta,,
2184,Ariga Nagao,,
2185,T. Po-lan,,
2186,T'ang Hua-lung,,
2187,Li Lin,,
2188,Pobeda,,
2189,Liao Lei,,
2190,Lo Ming,,
2191,Chang Chen-wu,,
2192,Edward S. G. Li,,
2193,Li Chao-hsiang,,
2194,Li Shao-chi,,
2195,Li Shao-fang,,
2196,T. Ch'un-shan,,
2197,T. Yaoching,,
2198,Yuan K'o-chin,,
2199,Inukai Tsuyoshi,,
2200,John Hay,,
2201,Li Hui-hsien,,
2202,Li Tuan-fen,,
2203,Ma Chien-chung,,
2204,Theodore Roosevelt,,
2205,Timothy Richard,,
2206,Chu Shen,,
2207,Liang Chang-chu,,
2208,Wang K'o-min,,
2209,H. Yen-sun,,
2210,Irving Babbitt,,
2211,Liang Hsien-hsi,,
2212,Silas Marner,,
2213,T. I-fu,,
2214,Calvin Coolidge,,
2215,Eric Drummond,,
2216,Hu Wei-te,,
2217,Liang Chih-chien,,
2218,Liang Shih-hsu,,
2219,Liang Su-ch'eng,,
2220,Chang Yao-tseng,,
2221,Hsu Fu-lin,,
2222,Liang Chi,,
2223,Liang Chung-hua,,
2224,Shang Yen-ch'uan,,
2225,Liang Ssu-ch'eng,,
2226,Alfred V. Kidder,,
2227,Chardin,,
2228,Hsu Tsungshu,,
2229,Boucopaix,,
2230,Delos F. Wilcox,,
2231,Liao En-t'ao,,
2232,Liu Hung-sheng,,
2233,Ch'u Yuan,,
2234,H. A. Giles,,
2235,Huang Nai-shang,,
2236,James Legge,,
2237,Li Sao,,
2238,Margaret Huang,,
2239,Song Ong Siong,,
2240,Beatrice Webb,,
2241,Chang Chen-fang,,
2242,Chang Kuo-kan,,
2243,Cheng Yu-ch'i,,
2244,Hsu Fo-su,,
2245,Kazami Akira,,
2246,Lin Hsiao-hsun,,
2247,Lin Wan-li,,
2248,Nakano,,
2249,Ozaki Yukio,,
2250,Wang Nai-mo,,
2251,Lin Hsien-t'ang,,
2252,Itagaki Taisuke,,
2253,Lin Wan-an,,
2254,Yang Shui-hsin,,
2255,Ledo,,
2256,Galin,,
2257,Itagaki,,
2258,K. Bluecher,,
2259,Lin Yu-nan,,
2260,Tso Ch'uan,,
2261,Chang Hsueh-Iiang,,
2262,Lin Hsiu-mei,,
2263,Lin Tsu-lieh,,
2264,Hu Shi,,
2265,Li Shih-chung,,
2266,Li Tsung-yen,,
2267,Walter Scott,,
2268,Wang Ch'ing-chi,,
2269,Wang Tzu-jen,,
2270,Wei Yi,,
2271,Yao Yung-k'ai,,
2272,Chang Hsin-hai,,
2273,D. K. Lieu,,
2274,Gwoyeu Romatzyh,,
2275,Lady Wu,,
2276,Lao Hsiang,,
2277,Liao Tsuifeng,,
2278,Lou Meng,,
2279,Quentin Pan,,
2280,Saw Nancy,,
2281,Ts'ao Chu-jen,,
2282,Liu Chan-en,,
2283,Herman Liu,,
2284,Stanley Jones,,
2285,Kian hsien,,
2286,Hsin ch'ing-nien,,
2287,Liu T'ien-hua,,
2288,Kuo Ju-tung,,
2289,Lai Hsin-hui,,
2290,Liu Ch'eng-hsun,,
2291,Liu Pin,,
2292,Lo Tse-chou,,
2293,Tan Mou-hsin,,
2294,Teng Hsi-hou,,
2295,Wang Ling-chi,,
2296,Yuan Tsu-ming,,
2297,Chang T'ing-feng,,
2298,Fan Hsi-tseng,,
2299,Lin Tien-chi,,
2300,Liu Chi-sheng,,
2301,Liu I-cheng,,
2302,Liu Nien-i,,
2303,O. S. Lieu,,
2304,Pao Chung-ming,,
2305,T. I-mou Liu,,
2306,T. Tsan-yu,,
2307,Wang Huan-piao,,
2308,Yeh Ch'eng-chung,,
2309,Liu Yi-yu,,
2310,Liu Jui-heng,,
2311,Adrian S. Taylor,,
2312,J. Heng Liu,,
2313,James B. Murphy,,
2314,James C. Bloodgood,,
2315,John B. Grant,,
2316,Liu T'ung-hsuan,,
2317,Wu Lien-te,,
2318,Anna Louise Strong,,
2319,Earl Browder,,
2320,Hu Fu,,
2321,Jacques Doriot,,
2322,John S. Service,,
2323,Mohammed Ayub Khan,,
2324,Tito,,
2325,Tom Mann,,
2326,Liu Kuei-tseng,,
2327,Liu Shou-tseng,,
2328,Liu Wen-ch'i,,
2329,Liu Yu-sung,,
2330,Proudhon,,
2331,Ting Hsiang-t'ien,,
2332,Aldon Tuthill,,
2333,Enoch Paul,,
2334,Timothy Lew,,
2335,Y. Y. Tsu,,
2336,Liu Tsan-t'ing,,
2337,Ma Pu-yun,,
2338,Ma Su,,
2339,Hsiung Hsiang-sheng,,
2340,Jean Jaures,,
2341,Liao Shih-chao,,
2342,Kao Hsu,,
2343,Kung Tzu-chen,,
2344,Liu Nien-tseng,,
2345,Chang Po-lieh,,
2346,Chiang Yung,,
2347,Shen Jui-lin,,
2348,Wu Ching-lien,,
2349,Lao She,,
2350,Lo Ch'i-yuan,,
2351,Juan Hsiao-hsien,,
2352,Lo Ch'uan-chen,,
2353,Tuan Hsi-p'eng,,
2354,Lo Jui-ch'ing,,
2355,Lo Nien-tzu,,
2356,Yang Hu,,
2357,Alphonse Bottu,,
2358,Beelaerts van Blokland,,
2359,Berthe Bovy,,
2360,Charles Vapereau,,
2361,Hsu Ching-ch'eng,,
2362,Liang Ju-hao,,
2363,Lu Ch'eng-an,,
2364,Wen Kuan,,
2365,Wu Chen-chih,,
2366,Wu Wei-te,,
2367,Yang Ju,,
2368,Tu Yu-ming,,
2369,Ch'en Ping-k'un,,
2370,Lin Pao-tse,,
2371,Shen Ping-k'un,,
2372,Su Tzu-hsi,,
2373,Wang Chih-hsiang,,
2374,Wen Chung-yao,,
2375,Lu Po-hung,,
2376,Marie Ngai Ki Tseng,,
2377,Chang Hui-tsan,,
2378,Chu Yao-hua,,
2379,Lu Ting-yi,,
2380,Chung Ming-ch'i,,
2381,Chung Ming-kuang,,
2382,Ma Ch'ao-chun,,
2383,Ma Tsun-fa,,
2384,Ts'ai Nai-huang,,
2385,Hu Jo-yu,,
2386,Hsaio Fo-ch'eng,,
2387,Huang Shih-chung,,
2388,Shen Yen-chen,,
2389,Hayashi,,
2390,Aitchen Wu,,
2391,Liu Yu-fen,,
2392,Ma Hu-shan,,
2393,Ma Ku-chung,,
2394,Ma Lin,,
2395,Ma Pu-ch'ing,,
2396,Ma Fu-hsiang,,
2397,Ma Fu-lu,,
2398,Tung Fu-hsiang,,
2399,Ch'en Chieh-shih,,
2400,Hsia Tseng-yu,,
2401,Hsu Shen,,
2402,T'ang Erh-ho,,
2403,Tu Shih-chen,,
2404,Ma Hung-pin,,
2405,Ta Wang,,
2406,Lei Chung-t'ien,,
2407,Ma Wen-chti,,
2408,Ma Wen-chu,,
2409,Sun Tien-ying,,
2410,Hsu Yun-hsi,,
2411,Liu Ming-ch'uan,,
2412,Ma Chien-hsun,,
2413,Ma Hsiang-po,,
2414,Ma Sung-yen,,
2415,Ma Tsung-wen,,
2416,Pope Leo XIII,,
2417,Pope Pius X,,
2418,Ting Ju-ch'ang,,
2419,Ying Hua,,
2420,Ala Pu-fang,,
2421,Ma Ch'i,,
2422,Friedrich List,,
2423,Othmar Spann,,
2424,Chu T'an-hua,,
2425,Mao Jen-sheng,,
2426,Breznev,,
2427,Cheng Kuan-ying,,
2428,Chiang Ch'ing,,
2429,Eisenhower,,
2430,Friedrich Paulsen,,
2431,Han Lin-fu,,
2432,Henricus Sneevliet,,
2433,Ho Tzu-chen,,
2434,John Stuart Mill,,
2435,Kosygin,,
2436,Mao Tse-t'an,,
2437,Pavel Mifand,,
2438,Robert Payne,,
2439,Stuart Schram,,
2440,Teng En-ming,,
2441,Wen Ch'i-mei,,
2442,Yang K'ai-hui,,
2443,Yu Fang-chou,,
2444,Carlyle,,
2445,Ching-ying Lee,,
2446,Paul Elmer More,,
2447,Chang P'eng-ch'un,,
2448,F. C. Kapakas,,
2449,John Van Antwerp MacMurray,,
2450,Kuei Fei,,
2451,Mei Ch'iaoling,,
2452,Mei Chu-fen,,
2453,Mei Yu-t'ien,,
2454,Pa Wang,,
2455,Wang Feng-ch'ing,,
2456,Wu Ling-hsien,,
2457,Mei Yin,,
2458,Alfred North Whitehead,,
2459,Meng Sen,,
2460,Tung Hsiao-wan,,
2461,Chang Kuo-liang,,
2462,Chi Ta-k'uei,,
2463,Iwasaki Yanosuke,,
2464,Li Wen-t'ien,,
2465,Lu Hsin-yuan,,
2466,Miao Huan-chang,,
2467,Miao Sui,,
2468,Miao T'ing-huai,,
2469,T'an Chung-chun,,
2470,Ting Ping,,
2471,Yao Chin-yuan,,
2472,Koiso Kuniaki,,
2473,Miao Chien-chang,,
2474,Mo Te-hui,,
2475,Leo Karakhan,,
2476,Ts'ai Yun-sheng,,
2477,H. Y. Moh,,
2478,Mu Cho-an,,
2479,Mu Shu-tsai,,
2480,Nieh Erh,,
2481,Li Chin-hui,,
2482,Itagaki Seishiro,,
2483,Wilheim Pieck,,
2484,Ni Kuei-chin,,
2485,Niu Shang-chou,,
2486,W. S. New,,
2487,Chuang Yung-k'uan,,
2488,Hsu Shao-chen,,
2489,Yu Hsia-ch'ing,,
2490,Osman,,
2491,Ali Khan Ture,,
2492,Baitak Bogdo,,
2493,Boko Bator,,
2494,Henry R. Lieberman,,
2495,Ian Morrison,,
2496,Hinayana,,
2497,Lu Chiu-yuan,,
2498,Ou-yang Ko,,
2499,Ou-yang Lan,,
2500,Ou-yang Tung,,
2501,Hsin Chung,,
2502,Ku Chien-ch'en,,
2503,Liu Jen-hsi,,
2504,Lu Ching-jo,,
2505,Ou-yang Chung-ku,,
2506,T'an Hsin-p'ei,,
2507,P'an Kuang-tan,,
2508,Hsin Yeh Pao,,
2509,P'ei Wen-chung,,
2510,B. Bohlin,,
2511,Davidson Black,,
2512,Franz Weidenreich,,
2513,G. G. MacCurdy,,
2514,Henri Breuil,,
2515,O. Zdansky,,
2516,Pierre Teilhard de Chardin,,
2517,R. W. Chaney,,
2518,Khrushchev,,
2519,P'eng P'ai,,
2520,Yang Yin,,
2521,Ch'en Pi-lan,,
2522,Fu Liang-tso,,
2523,P'u Hsi-hsiu,,
2524,T'eng Tai-yuan,,
2525,Teng Hua,,
2526,Yang Yu-lin,,
2527,P'u-ju,,
2528,Li Mo-yun,,
2529,Liu Yen,,
2530,David Chipp,,
2531,Grigori Semenov,,
2532,H. G. W. Woodhead,,
2533,Hiei,,
2534,Hirohito,,
2535,Minami Jiro,,
2536,Mizuno Katsukuni,,
2537,P'u-chieh,,
2538,Prince Chichibu,,
2539,Uchida Yasuda,,
2540,Yoshioka Yasunao,,
2541,Chou Ying-jen,,
2542,Chu-ko Liang,,
2543,Hsiao Chu-ko,,
2544,Chao Tan,,
2545,Shen Hsi-ling,,
2546,Chao Shou-yu,,
2547,Da Wang,,
2548,Erdeni Chuyi-Geltseng,,
2549,Ka-dreng Hutukhtu,,
2550,Maitreya,,
2551,Panchen Rimpoche,,
2552,Po I-po,,
2553,Evans Carlson,,
2554,Jack Belden,,
2555,Liang Hua-chih,,
2556,King Edward VII,,
2557,Prince Tsai-chun,,
2558,Antonin Zapotocky,,
2559,Fu Hsueh-wen,,
2560,Shao Yuan- ch'ung,,
2561,Shu Keng-tieh,,
2562,Shen Chia-pen,,
2563,Chang Jen-fu,,
2564,Matsuoka Yoshimasa,,
2565,Okada Asataro,,
2566,Shen Ching-yuan,,
2567,Shen Ping-ying,,
2568,Wang Hsi-chih,,
2569,Yu Lien-san,,
2570,Shen Chi-ch'ang,,
2571,Wang Ch'ung-wen,,
2572,Wang Hung-nien,,
2573,Chi Hu Yeh-p'in,,
2574,Chu Kuang-ch'ien,,
2575,Heidenstam,,
2576,C. B. Hutchison,,
2577,H. H. Love,,
2578,Hsieh Chia-sheng,,
2579,Owen L. Dawson,,
2580,Shen Tuan-hsien,,
2581,Chang Kuang-yu,,
2582,Chang Po-ch'i,,
2583,Hsia Yen,,
2584,Sai Chin-hua,,
2585,Tai Wang-shu,,
2586,Yeh Ch'ien-yu,,
2587,Fang Lo-lan,,
2588,Li Pao,,
2589,Ni Huan-chih,,
2590,Shui Hu Chuan,,
2591,Tu Chung-yuan,,
2592,Wu Sun-fu,,
2593,Yeh Chun-chien,,
2594,Shen Yi,,
2595,Chang Hsin-yi,,
2596,Dag Hammarsjold,,
2597,Hubert Engels,,
2598,Shen Shih-yuan,,
2599,Antonov,,
2600,Ch'en Chung,,
2601,Ch'iu Yu-fang,,
2602,Chang P'ei-yuan,,
2603,Chu Jui-hsi,,
2604,Khoja Niaz,,
2605,Li Hsiao-t'ien,,
2606,Li Yung,,
2607,Lu Hsiao-tzu,,
2608,Ma Shih-ming,,
2609,P'eng Chao-hsien,,
2610,Sabit Mullah,,
2611,Yolbars,,
2612,Ito Hirobumi,,
2613,Jeremiah W. Jenks,,
2614,Pi Kuang-tsu,,
2615,Shih Ch'eng-chih,,
2616,Shih Tse-ching,,
2617,Wang Feng-tsao,,
2618,Yu-hua Alice T'ang,,
2619,Ernest Major,,
2620,Hsi Yu-fu,,
2621,Shih Ch'unfan,,
2622,Tseng Shih-ying,,
2623,I. N. Danforth,,
2624,Kate Bushnell,,
2625,Phoebe Stone,,
2626,Chang Chih-pen,,
2627,Chang Nan-hsien,,
2628,Hsiang Kuo-hua,,
2629,Hsiao Yao-nan,,
2630,Shih T'ou,,
2631,Chao Tzu-yueh,,
2632,Charles Dickens,,
2633,Erh Ma,,
2634,Evan King,,
2635,Gilchrist,,
2636,Helena Kuo,,
2637,Lao Lee,,
2638,Lao Li,,
2639,Luo Hsiang-tzu,,
2640,Niu T'ien-t'zu,,
2641,Niu T'ien-tz'u chuan,,
2642,Robert S. Ward,,
2643,Sung Chih-ti,,
2644,Yao P'eng-tzu,,
2645,Shu Hsin-ch'eng,,
2646,Chang Huan-ch'uan,,
2647,Dalton,,
2648,Helen Parkhurst,,
2649,K'uei Lu-fei,,
2650,Liu Erh-k'uei,,
2651,Liu Fang,,
2652,Norman Bethune,,
2653,Demarest,,
2654,J. L. Huang,,
2655,Margie Burks,,
2656,Moss,,
2657,Wilhelmina,,
2658,Ch'en Ping-shen,,
2659,Lin Wei-min,,
2660,Lu Yin,,
2661,Pei Lang,,
2662,Henry McAleavy,,
2663,Su Chieh-sheng,,
2664,Charles F. Romanus,,
2665,Daniel L. Sultan,,
2666,Liao Yao-hsiang,,
2667,Riley Sunderland,,
2668,Hsing-Chung-hui,,
2669,Sun Yi-ching,,
2670,Wang Lan-t'ing,,
2671,Charles R. Hager,,
2672,Chin-yen,,
2673,Georges Clemenceau,,
2674,H. Pi-ch'en,,
2675,H. Shou-ping,,
2676,H. Yu-t'ang,,
2677,John G. Kerr,,
2678,Lu Mu-chen,,
2679,Nakayama,,
2680,Paul Stevenson,,
2681,Sun Mei,,
2682,T. Chao-ch'un,,
2683,T. Heng-ch'i,,
2684,T. Te-chang,,
2685,Tai En-sai,,
2686,Yang Ch'u-yun,,
2687,Chang Tzu-chung,,
2688,Chiang Chih-chiang,,
2689,Shami,,
2690,H. Shih-p'ing,,
2691,Hung Shu-tzu,,
2692,Liu Pai,,
2693,Sung Chen-lu,,
2694,Sung Lien,,
2695,K. N. Sung,,
2696,T'ai-hsu,,
2697,Chiang Shih-li,,
2698,Chiao Ta-feng,,
2699,Chou Chen-lin,,
2700,Lung Chang,,
2701,Pao Hui-tseng,,
2702,Sung Chih-chao,,
2703,Wu Hsien-mei,,
2704,Yao Hung-yeh,,
2705,Lin Chun,,
2706,T'an Cheng,,
2707,Lo Ping-hui,,
2708,Yang P'ao-an,,
2709,Ch'en Tso-hsin,,
2710,Lin Chih-yu,,
2711,T. Yun-ch'in,,
2712,T'an Chung-lin,,
2713,Yu Ch'eng-ko,,
2714,T'ang En-po,,
2715,Liu Ju-ming,,
2716,Lu Kung-wang,,
2717,T'ang Te-ts'ai,,
2718,Wang Chung-lien,,
2719,Ch'en Fuch'en,,
2720,De Vesprit,,
2721,Hu Jen-yuan,,
2722,Lou Shou-kuang,,
2723,T. Chieh-shih,,
2724,T'ang Hsiao-heng,,
2725,Chang Pai-hsi,,
2726,Chu Pao-k'uei,,
2727,Ernest Satow,,
2728,M. T. Liang,,
2729,P. G. von Mollendorff,,
2730,Tong King Sing,,
2731,Ts'ai T'ing-kan,,
2732,Chou Lan,,
2733,Ku Tzu-t'ung,,
2734,Sung Ho-keng,,
2735,T'ang Yung-t'ung,,
2736,Chu Tao-sheng,,
2737,Dharmaraska,,
2738,Edwin Wallace,,
2739,Shih Tao-an,,
2740,Chou Keng-sheng,,
2741,T'ao Chiung-chao,,
2742,Teng Shao-hsun,,
2743,Chao Shu-yu,,
2744,Ho Kung-ch'ao,,
2745,Mai Ch'ing,,
2746,P'an K'ai-p'ei,,
2747,Paul H. Monroe,,
2748,Tai Pei-t'ao,,
2749,Chou Hsin-fang,,
2750,Matsui Sumaku,,
2751,Shimamura Hogetsu,,
2752,Tsung Pai-hua,,
2753,T'ien Keng-hsin,,
2754,T'ien K'o-liang,,
2755,Tai Ai-lien,,
2756,Anton Dolin,,
2757,Margaret Craske,,
2758,Jawaharlal Nehru,,
2759,Mohandas Gandhi,,
2760,Frank Knox,,
2761,Tan Hsin-p'ei,,
2762,Hsieh Jen-kuei,,
2763,Ma Lien-liang,,
2764,Ssu Lang,,
2765,Sun Chu-hsien,,
2766,Wang Kuei-fen,,
2767,Tang Hua-lung,,
2768,T. I-cheng,,
2769,T. Lan-sheng,,
2770,T'ang Hsiang-ming,,
2771,T'ang P'ing-hsin,,
2772,T'ang Yu-lung,,
2773,Lin Pao,,
2774,Mikhail A. Suslov,,
2775,Teng Li-chuan,,
2776,Lin Chih-mien,,
2777,Chi Fang,,
2778,Teruni,,
2779,Ting Fu-pao,,
2780,Chou Yunch'ing,,
2781,Han Wei Liu-ch'ao,,
2782,Hua Heng-fang,,
2783,Hua Shih-fang,,
2784,Hua Wen-ch'i,,
2785,Li Shan,,
2786,Li Yuan-i,,
2787,Mochizuki Shinko,,
2788,Ting Chieh-an,,
2789,Ting Pao-shu,,
2790,Ting Wen-ping,,
2791,Ling Shu-hua,,
2792,Wang Lao-hu,,
2793,Andriev,,
2794,Chou Li-po,,
2795,Hsiao Chun,,
2796,Wang Chien-hung,,
2797,Ting I-tz'u,,
2798,Ernest Mach,,
2799,Hsu Hsia-k'o,,
2800,Hsu Hung-tsu,,
2801,Hsu Yuan,,
2802,Karl Pearson,,
2803,Li Ssu-kuang,,
2804,Liang Jen-kung,,
2805,Shih Chiu-yuan,,
2806,T. Yueh-po,,
2807,Ting Wen-yuan,,
2808,Chang K'un-ti,,
2809,Hsiung Kuang-ch'u,,
2810,Lo Hsueh-tan,,
2811,Siao Yu,,
2812,Ts'ai O,,
2813,Chao Yu-hsin,,
2814,Fan Chui,,
2815,Hsiao Feng-hsien,,
2816,Li Ting-hsien,,
2817,Liu Chuan-hou,,
2818,Liu Hsieh-chen,,
2819,Liu Hsieh-shih,,
2820,Liu Yun-feng,,
2821,Lo P'ei-chin,,
2822,Tseng Hu,,
2823,Lo Hsi-ou,,
2824,Teng Shih-tseng,,
2825,Ito Yuko,,
2826,MacLean,,
2827,Oyama,,
2828,Chou Chun,,
2829,Huang Chung-yu,,
2830,Silas Hardoon,,
2831,Ts'ai Kuang-p'u,,
2832,Ts'ai Ming-en,,
2833,Komura Jutaro,,
2834,Terauchi,,
2835,Wang Mei-lin,,
2836,Reginald Lawrence,,
2837,T. Chien-t'ing,,
2838,T. Tzu-chen,,
2839,Ts'ao Jui,,
2840,Ts'ao Ying,,
2841,Ts'ao Yu,,
2842,Wu Tsu-kuang,,
2843,Hu Tzu-ch'un,,
2844,Lo Chia-ling,,
2845,Ts'en Yu-ying,,
2846,Sung Ching-yi,,
2847,Sung P'ing-chou,,
2848,Tseng Chao-yu,,
2849,Tseng Yu-san,,
2850,Fang Chun-pi,,
2851,Fang Chun-ying,,
2852,Fang Sheng-t'ao,,
2853,Fang Sheng-tung,,
2854,Tseng Hsing,,
2855,Hu Yu-chih,,
2856,Tsou Kuei-chen,,
2857,Hsing Kuo-wen,,
2858,Liu Kuei-pin,,
2859,Li Mi,,
2860,Tai An-lan,,
2861,Tu Tou-yuan,,
2862,Huang Chin-jung,,
2863,Li Ch'ang-t'ai,,
2864,T. Yuan-shan,,
2865,Tuan P'ei,,
2866,Fan Pi-ying,,
2867,Brooks Atkinson,,
2868,C. L. Hsia,,
2869,Carl W. Ackerman,,
2870,Chao Hsiang-ying,,
2871,Chu Hsing-yuan,,
2872,Dean Ackerman,,
2873,Floyd Taylor,,
2874,Freda Utley,,
2875,H. J. Timperley,,
2876,Harold Isaacs,,
2877,Harold Livingston Cross,,
2878,Henry R. Luce,,
2879,John Gunther,,
2880,Lily Abegg,,
2881,Mike Peng,,
2882,Richard T. Baker,,
2883,Roy Howard,,
2884,Sally Chao,,
2885,Spencer Moosa,,
2886,Theodore H. White,,
2887,Tillman Durdin,,
2888,Tseng Hsu-pai,,
2889,Wen Yuan-ning,,
2890,Y. L. Woo,,
2891,Yang Yi-te,,
2892,Chu Yu-tan,,
2893,Hsu Ch'eng-yu,,
2894,Huang Wen-yang,,
2895,Juan Ta-ch'eng,,
2896,Mao Ch'i-ling,,
2897,Mao Hsi-ho,,
2898,Wang Jung-pao,,
2899,Chou Wu-wang,,
2900,Hsiao-i,,
2901,Tung Yuan-feng,,
2902,Chung Hsiao-lu,,
2903,H. L. Chung,,
2904,Percival David,,
2905,Tung Hsun,,
2906,Ulanfu,,
2907,Mahendra,,
2908,Ulyanov,,
2909,Unenbayin,,
2910,Chang Kung-chien,,
2911,Lamajab,,
2912,Wu Feng-sheng,,
2913,Kuo Liang,,
2914,Li Teng-hui,,
2915,T. H. Lee,,
2916,Wang Ching-ch'un,,
2917,C. C. Wang,,
2918,H. C. Adams,,
2919,Morse,,
2920,Wang Zy-yan,,
2921,Konoye,,
2922,Wang Shu,,
2923,Hsu Chih-ming,,
2924,Li Lien-ying,,
2925,Hsin yueh-fa,,
2926,T. Tse-chai,,
2927,Wang Chih-yu,,
2928,Wang Hsi-yuan,,
2929,Huang Ch'i-sheng,,
2930,Li P'ei-chih,,
2931,Ts'ai Heng-wu,,
2932,Hsia Shih,,
2933,Kuo Chen-yung,,
2934,Kuo Cho-ying,,
2935,Kuo K'un-t'ao,,
2936,Li Hsiu-ch'eng,,
2937,Ting Pao-chen,,
2938,Tseng Kuo-ch'uan,,
2939,Wang Ting-an,,
2940,Wu Min-shu,,
2941,Yang Shih-hsiang,,
2942,Wang Kan-ch'ang,,
2943,Bruno Pontecorvo,,
2944,Ch'ien Sanch'iang,,
2945,D. I. Blokhintsev,,
2946,Lise Meitner,,
2947,V. I. Veksler,,
2948,Fujita Toyohachi,,
2949,H. G. Creel,,
2950,Liu Shih-heng,,
2951,Sung Yuan,,
2952,Tai Chen,,
2953,Taoka Reiun,,
2954,Wang Chen-ming,,
2955,Wang Kuo-hua,,
2956,Wang Nai-yu,,
2957,Wu Ch'ang-shou,,
2958,Charlotte D. Tsung,,
2959,Kung Te-po,,
2960,Ning Tiao-yuan,,
2961,Wang Chang-chih,,
2962,Winston Churchill,,
2963,Wang Ts'ai-lin,,
2964,Wu Chia P'o,,
2965,Wang Yin-t'ai,,
2966,Charles Budd,,
2967,Wang Li-tang,,
2968,Yang Hsing-fo,,
2969,Wei Cho-min,,
2970,Alfred A. Gilman,,
2971,Arthur M. Sherman,,
2972,B. H. Streeter,,
2973,Boone,,
2974,D. Phil,,
2975,Haskell,,
2976,Henry W. Luce,,
2977,Hewett,,
2978,L. T. Hobhouse,,
2979,William E. Hocking,,
2980,Woodward,,
2981,Li Mo-an,,
2982,Liu Mao-en,,
2983,Wang Ching-kuo,,
2984,Wei Tiao-yuan,,
2985,Amy Lowell,,
2986,Carl Sandburg,,
2987,Fu Hsi,,
2988,Harriet Monroe,,
2989,John G. Fletcher,,
2990,Tu Fu,,
2991,Chang Hsin-fu,,
2992,Wong Hsin-yuan,,
2993,Chan Chak,,
2994,G. G Wu,,
2995,Wu Chien-hsiung,,
2996,C. N. Yang,,
2997,C. S. Wu,,
2998,Cyrus B. Comstock,,
2999,E. O. Lawrence,,
3000,G. S. Wu,,
3001,L. W. Mo,,
3002,Murray Gell-Man,,
3003,Richard Feynman,,
3004,S. A. Mozkowski,,
3005,T. D. Lee,,
3006,Wu Zong Yee,,
3007,Y. K. Lee,,
3008,Huang I-chou,,
3009,Lien Ch'uan,,
3010,T'ao Mo,,
3011,Wu Meng-fu,,
3012,Wu Shu-wei,,
3013,Wu Ching-hsiung,,
3014,Aquinas,,
3015,Benjamin Cardozo,,
3016,Charles A. Moore,,
3017,Charles W. Rankin,,
3018,Fu Ping-ch'ang,,
3019,James Brown Scott,,
3020,John C. H. Wu,,
3021,Li Yu-t'i,,
3022,Mary Teresa,,
3023,Oliver Wendell Holmes,,
3024,Paul Hsu,,
3025,Paul K. T. Sih,,
3026,Robert Kotewall,,
3027,Robert W. H. Sheng,,
3028,Roscoe Pound,,
3029,Rudolf Stammler,,
3030,T. K. Ch'uan,,
3031,W. W. Blume,,
3032,Wu Chia-ch'ang,,
3033,Radreng Rimpoche,,
3034,Wu Chi-lung,,
3035,Wu Yung-pi,,
3036,Yang Cho-lin,,
3037,Wu Han,,
3038,Ch'ien Ch'ien-i,,
3039,Chu Yuan-chang,,
3040,Hsi Han-ti,,
3041,Hu Wei-yung,,
3042,Wu Hsien,,
3043,Otto Folin,,
3044,T. P. Hou,,
3045,Thomas Huxley,,
3046,H. Chu-chu,,
3047,Hsu Ch'in,,
3048,Huang Shu-fen,,
3049,T. Chi-chi,,
3050,Wu Hsiu-ch'uan,,
3051,Edith Cho-ch'un Huang,,
3052,Elizabeth Proctor,,
3053,Hsiu-huang,,
3054,Wu Ching-ming,,
3055,Wu Lien-teh,,
3056,Elie Metchinikoff,,
3057,G. L. Tuck,,
3058,Huang Shu-chiung,,
3059,Karl Fraenkel,,
3060,Kerslake,,
3061,Lin Chia-swee,,
3062,Ronald Ross,,
3063,Ruth Huang,,
3064,Wu Chungch'i,,
3065,Okano Masujiro,,
3066,T. Heng-sheng,,
3067,Wu Tao-shih,,
3068,Wu Wen-fu,,
3069,Ma Fang-chi,,
3070,Calvin Brice,,
3071,Ho Kai,,
3072,Huang Sheng,,
3073,John Pope Hennessy,,
3074,June Li,,
3075,Ng Choy,,
3076,Wang T'ao,,
3077,Wu Jung-chang,,
3078,Wu T'ing-hsieh,,
3079,Wu Shih-ch'i,,
3080,Wu Yao-tsung,,
3081,Reinhold Niebuhr,,
3082,T. Z. Koo,,
3083,William James,,
3084,Y. T. Wu,,
3085,Wu Yi-fang,,
3086,Barbour,,
3087,Ginling,,
3088,T. Hsiao-ying,,
3089,Wu Shou-hsun,,
3090,Wu Yu,,
3091,Edward Jenks,,
3092,Endo Ryukichi,,
3093,Herbert Spencer,,
3094,Kubo Tenzui,,
3095,Li Chih,,
3096,Liu Chih-chi,,
3097,Wang Ch'ung,,
3098,Araki,,
3099,Caroline Huie,,
3100,E. S. Yui,,
3101,F. Mosher,,
3102,Huang Miao,,
3103,Huie Kin,,
3104,Robin Ch'en,,
3105,Roger S. Greene,,
3106,W. Y. Ch'en,,
3107,Yu-tang Tsu,,
3108,F. H. Bradley,,
3109,Jeremy Bentham,,
3110,Leslie Stephen,,
3111,T. H. Green,,
3112,Yang Shou-jen,,
3113,Yang Yung-ch'ang,,
3114,Chao Shih-chun,,
3115,Liu Chen-hua,,
3116,Yang Chi-min,,
3117,Ho Ju-chang,,
3118,Su Tung-p'o,,
3119,Dutov,,
3120,Fan Yao-nan,,
3121,Wang Shu-t'ang,,
3122,Wei Kuang-yin,,
3123,Yang Chi-yuan,,
3124,Yuan Ta-hua,,
3125,Wang Tzu-yu,,
3126,Yang Chuang,,
3127,Yang Jui-sheng,,
3128,Yang Yung-ch'ing,,
3129,Dora Yui,,
3130,W. B. Nance,,
3131,Yao Yung-p'u,,
3132,Chang Yu-chao,,
3133,Fan Tang-shih,,
3134,Fang Pao,,
3135,T. Hsien-po,,
3136,T. Meng-ch'eng,,
3137,T. Shu-chieh,,
3138,Yao Chun-ch'ang,,
3139,Yao Nai,,
3140,Yao Ying,,
3141,Yeh Ch'ang-ch'ih,,
3142,Chin Liang,,
3143,Feng Kuei-fen,,
3144,P'an Tsu-yin,,
3145,Wang Chi-lieh,,
3146,Gilbert Wilkinson,,
3147,Li Hsi-shuang,,
3148,Chang Ming-ta,,
3149,Cheng Kai-min,,
3150,Walter S. Robertson,,
3151,Edna Yung-hsi Yuan,,
3152,George Yeh,,
3153,Marian T'ung,,
3154,Max Wei,,
3155,Robert Frost,,
3156,Tsou Ching-yu,,
3157,Yeh Tao-sheng,,
3158,Yeh Yen-Ian,,
3159,Shen Hsiao-i,,
3160,Wen Yung-yu,,
3161,Wu Han-ming,,
3162,Yeh Chung-luan,,
3163,Yeh Shao-chun,,
3164,Chao Tzu-lung,,
3165,Yeh Te-hui,,
3166,K'ang You-wei,,
3167,T'ang Mang,,
3168,T'ang Ts'ai-ch'ang,,
3169,Yeh Ch'i-cho,,
3170,Yeh Chun-lan,,
3171,Yen Chia-kan,,
3172,Alexander Michie,,
3173,Huang Shao-yen,,
3174,Shen Pao-chen,,
3175,Wang Pi,,
3176,William S. Jevons,,
3177,Yu Chen,,
3178,Alexander K. Paikes,,
3179,Chang Yin-t'ang,,
3180,Ignatius Yurin,,
3181,N. A. Kaudacheff,,
3182,Yen Young-kiung,,
3183,Yen Yung-ching,,
3184,Alice Huie,,
3185,Li Ching-han,,
3186,Paul G. Hoffman,,
3187,Sidney Gamble,,
3188,Li Tsung-tung,,
3189,Ma Heng,,
3190,Wang Tsu-san,,
3191,Maksud Shah,,
3192,Nasir,,
3193,Chang Hsueh-Hang,,
3194,Li Yang-ching,,
3195,T. Hsiao-hou,,
3196,Wang Shu-ch'ang,,
3197,C. F. Remer,,
3198,Chien Ch'iao,,
3199,Chou Pang-yen,,
3200,Hsi huan,,
3201,Hsu Pao-lu,,
3202,Ju Shu,,
3203,T. Chieh-ch'ing,,
3204,Tung Yeh,,
3205,Wang P'ei-chang,,
3206,Wen Huai-sha,,
3207,Cardinal T'ien,,
3208,Yu Kang,,
3209,Alexander Herzen,,
3210,Ch'ien Hsing-ts'un,,
3211,Chao Lien,,
3212,Wang Jen-shu,,
3213,Wang Ying-hsia,,
3214,Johnson,,
3215,Kao Chung-lin,,
3216,Liu Hsueh-yu,,
3217,T. Hsin-san,,
3218,Yeh Erh-kai,,
3219,Yu Pao-wen,,
3220,H. Paots'en,,
3221,H. Tzu-wu,,
3222,H. Yu-wu,,
3223,Hanabusa Yoshimoto,,
3224,Hu Yu-fen,,
3225,Hung Shu-tsu,,
3226,Jung-lu,,
3227,Kan Hou-tz'u,,
3228,Lin Kuan-hsiung,,
3229,Lu Shun,,
3230,T. Chen-shu,,
3231,T. Chung-jen,,
3232,T. Han-yun,,
3233,T. Hsiao-hsuan,,
3234,T. Hsing-wu,,
3235,T. Lai-ch'en,,
3236,T. Mei-shu,,
3237,T. Pao-ch'en,,
3238,T. Shou-ch'en,,
3239,T. Tso-ch'en,,
3240,T. Wu-lou,,
3241,T. Yun-mei,,
3242,T. Yun-t'ai,,
3243,Yuan Chia-san,,
3244,Yuan K'o-wen,,
3245,Yuan Pao-ch'ing,,
3246,Yuan Pao-chung,,
3247,Yuan Pao-heng,,
3248,Wang Chung-min,,
3249,Hsiao Ch'u-nu,,
3250,Shen Pao-ying,,
3251,Tai Ying,,
3252,Wang Tso-lin,,